gap,order,S_g,c1,c2,c3,c4,model_norm,obs_norm,ratio
4226,3,1.3209490810692455,4215.821980353019,20579.2123952034,150373.26113222918,,2.521248e-03,1.986550e-03,0.7879
4228,3,1.5950218369454567,4216.0102028361525,20577.021948374764,150356.95162664165,,3.043300e-03,2.289830e-03,0.7524
4230,3,3.599104418246637,4219.535997979797,20597.713305289002,150517.7932047231,,6.820887e-03,5.461687e-03,0.8007
4232,3,1.3831961855839172,4222.742051966731,20613.437487592542,150638.3770934917,,2.605369e-03,2.001118e-03,0.7681
4234,3,1.3885093591521012,4222.835040245885,20614.894448093808,150662.44312793826,,2.614902e-03,2.277910e-03,0.8711
4236,3,2.648170474964081,4225.083348813691,20628.09586982953,150766.18223258658,,4.965729e-03,4.104212e-03,0.8265
4238,3,1.4492993450099543,4227.385290862218,20641.323780398052,150872.19022133856,,2.705712e-03,2.190502e-03,0.8096
4240,3,1.7949497738058675,4228.356412842417,20644.766018724953,150896.02690758993,,3.344812e-03,2.691113e-03,0.8046
4242,3,3.200784561681792,4231.780226401659,20664.51777092027,151047.0464330295,,5.925561e-03,4.531982e-03,0.7648
4244,3,1.3215703962184735,4233.909321173671,20671.010797153776,151077.07154310198,,2.436702e-03,1.793192e-03,0.7359
4246,3,1.474707023183234,4235.812051530011,20686.88453566173,151231.60270096423,,2.709120e-03,1.895168e-03,0.6996
4248,3,2.6869744083591884,4236.83422418422,20687.94284823963,151233.52385495667,,4.926561e-03,3.714848e-03,0.7540
4250,3,1.8777936095199845,4239.658300517926,20704.558981024482,151362.36688352292,,3.424364e-03,2.795738e-03,0.8164
4252,3,1.3215680460497181,4240.875067274798,20715.436160381854,151459.0832366094,,2.404384e-03,1.946819e-03,0.8097
4254,3,2.644382266588875,4242.658438470868,20719.735456335555,151480.39657861783,,4.794744e-03,4.369085e-03,0.9112
4256,3,1.6775876732108685,4245.132435827077,20737.757907700736,151635.39290219458,,3.027357e-03,2.313668e-03,0.7643
4258,3,1.320944376231442,4245.05363145341,20737.286402733018,151639.4961656866,,2.384122e-03,1.809085e-03,0.7588
4260,3,3.5718900181086664,4249.136266178795,20759.477634964984,151804.91758939772,,6.396613e-03,4.837911e-03,0.7563
4262,3,1.3209437930989498,4253.122901316079,20781.321793107018,151980.9315050379,,2.347598e-03,2.015686e-03,0.8586
4264,3,1.477285182314673,4251.950080300876,20775.366239928535,151928.32138647314,,2.631344e-03,2.243477e-03,0.8526
4266,3,2.6749413836912117,4254.9374523707875,20790.53195767953,152048.44542360242,,4.737477e-03,3.689685e-03,0.7788
4268,3,1.4824686390947246,4257.693218028832,20804.509829456918,152169.27858634279,,2.611743e-03,1.981252e-03,0.7586
4270,3,2.1483231973321857,4258.337714034913,20806.916636653044,152172.48481545594,,3.780165e-03,2.824874e-03,0.7473
4272,3,2.6709995307827366,4261.721072956847,20826.94656029606,152338.25994884863,,4.669510e-03,3.706902e-03,0.7939
4274,3,1.3209420502565934,4262.457515058567,20829.477156793495,152354.3115171933,,2.306066e-03,1.558779e-03,0.6759
4276,3,1.3215610484057296,4264.725425754956,20843.26169545365,152475.56507610774,,2.297146e-03,1.720352e-03,0.7489
4278,3,2.8617852115529323,4266.198220214496,20852.052692683053,152544.6327073255,,4.960364e-03,4.134672e-03,0.8335
4280,3,1.7771975232956996,4269.133052592267,20869.435018995468,152686.90196500262,,3.063173e-03,2.295127e-03,0.7493
4282,3,1.3209408937936427,4269.96942337376,20874.836278789342,152721.02855775066,,2.273123e-03,2.103094e-03,0.9252
4284,3,3.380028497135972,4272.636814965207,20887.343800790168,152827.35358910979,,5.786913e-03,4.709447e-03,0.8138
4286,3,1.32094031718262,4275.369926551588,20905.04378800796,152980.2635683587,,2.249751e-03,2.361345e-03,1.0496
4288,3,1.340636302950566,4276.214666579821,20908.15749588359,153008.05224691206,,2.279621e-03,1.896493e-03,0.8319
4290,3,4.267712748909056,4279.775935081463,20926.945336536694,153151.5728400806,,7.207572e-03,5.780860e-03,0.8021
4292,3,1.4083452071399885,4283.753974242946,20947.051343084528,153312.51325892235,,2.360479e-03,1.915034e-03,0.8113
4294,3,1.4105842297268565,4284.52938705554,20949.846773549543,153335.98555632166,,2.360740e-03,1.995820e-03,0.8454
4296,3,2.6555661744800627,4286.025650415546,20955.66324533828,153379.5223789338,,4.431663e-03,3.749282e-03,0.8460
4298,3,1.5895830739604624,4288.900093074861,20972.28200179202,153511.62816509596,,2.638172e-03,2.040849e-03,0.7736
4300,3,1.8033688628012048,4289.151005721815,20970.73278845877,153488.8472549492,,2.991580e-03,2.324263e-03,0.7769
4302,3,2.651789234962953,4292.378309404914,20991.386827369282,153660.0955707818,,4.371885e-03,3.492354e-03,0.7988
4304,3,1.32526866402218,4294.345182013623,20999.644063500386,153715.83865688342,,2.176724e-03,1.553482e-03,0.7137
4306,3,1.3209374502114954,4295.165182612911,21002.735434797258,153740.4778351897,,2.166220e-03,1.541563e-03,0.7116
4308,3,2.6480440344333815,4296.894339888537,21012.94819337955,153827.4598262817,,4.328202e-03,3.480435e-03,0.8041
4310,3,1.7645350788758596,4299.998461604055,21027.68973254838,153928.1770044458,,2.867062e-03,1.930926e-03,0.6735
4312,3,1.7604315089249856,4300.75887002509,21033.881913418667,153981.45165305526,,2.856215e-03,2.144149e-03,0.7507
4314,3,2.6443301744940158,4303.422713411493,21043.298814488084,154051.43862459197,,4.268568e-03,3.636710e-03,0.8520
4316,3,1.458135189210594,4304.539638151552,21054.105513149763,154141.55209992608,,2.348707e-03,2.178583e-03,0.9276
4318,3,1.4196119687971083,4306.4504483789,21064.793105244098,154246.13040128973,,2.278309e-03,2.050119e-03,0.8998
4320,3,3.520863017849971,4309.205924317151,21078.339573217712,154351.89287519257,,5.620888e-03,4.878966e-03,0.8680
4322,3,1.3209351757565895,4311.736134774391,21095.27825655376,154493.91361876708,,2.098602e-03,2.048795e-03,0.9763
4324,3,1.4139338785968931,4313.248139250605,21100.258624071088,154519.2815409711,,2.239889e-03,2.340156e-03,1.0448
4326,3,3.200150742956706,4315.317138994676,21110.702804611115,154606.07149802338,,5.049521e-03,4.128050e-03,0.8175
4328,3,1.3227732117154345,4317.5747409188225,21124.48684581525,154726.28757774172,,2.078198e-03,1.854113e-03,0.8922
4330,3,1.7645160367879205,4319.554397960363,21134.824538169218,154801.69043213714,,2.761742e-03,2.179907e-03,0.7893
4332,3,2.7959794553514477,4321.927711382107,21146.21401676232,154884.70095424188,,4.356343e-03,3.676441e-03,0.8439
4334,3,1.4745494690140903,4322.837581670202,21149.63594331241,154921.221104235,,2.293474e-03,1.695189e-03,0.7391
4336,3,1.3252318979825635,4325.532056549951,21161.896324770412,155001.77143244704,,2.050650e-03,1.446208e-03,0.7052
4338,3,2.651695996707091,4326.324930452442,21168.97645018124,155070.12031247187,,4.096946e-03,3.093720e-03,0.7551
4340,3,2.1853632524586026,4329.585492285343,21187.226448409874,155225.72817598467,,3.355446e-03,2.570595e-03,0.7661
4342,3,1.4490824651977567,4330.8132626623155,21193.420269537368,155276.12142869114,,2.219731e-03,1.774651e-03,0.7995
4344,3,2.6553994827360117,4333.26775177707,21208.06120239113,155398.91496944908,,4.048515e-03,3.449975e-03,0.8522
4346,3,1.3807305952352829,4335.98133000342,21223.465093503564,155533.87899199914,,2.094205e-03,1.952116e-03,0.9322
4348,3,1.321540519833549,4334.82869012566,21214.58371495225,155448.27624117554,,2.008874e-03,1.634268e-03,0.8135
4350,3,3.6512653518444145,4338.884245045934,21239.7022704583,155654.42202859395,,5.507331e-03,4.848506e-03,0.8804
4352,3,1.4083452071399885,4342.536700303607,21260.16157357806,155797.9066179713,,2.109460e-03,1.562752e-03,0.7408
4354,3,1.5895158284468316,4342.775746679793,21259.065820397173,155807.87457542453,,2.379755e-03,2.087202e-03,0.8771
4356,3,2.934052514874976,4345.417752405585,21272.654841583095,155915.6859330794,,4.370603e-03,3.816824e-03,0.8733
4358,3,1.3209301193518437,4347.5681189305,21290.057545922606,156040.95366770652,,1.959556e-03,1.676648e-03,0.8556
4360,3,1.776884139849518,4348.824797376806,21291.216537823297,156063.05481572737,,2.629674e-03,2.206395e-03,0.8390
4362,3,2.6442895354749094,4351.434530320181,21306.081810278192,156171.95851715514,,3.893879e-03,3.083125e-03,0.7918
4364,3,1.3215360500883155,4352.619411317209,21317.21387995529,156278.11124816627,,1.941603e-03,1.636917e-03,0.8431
4366,3,1.3818725528704399,4354.618845315016,21319.514812091955,156277.63191637522,,2.022562e-03,1.685919e-03,0.8336
4368,3,3.456847326616335,4356.585874792657,21335.168650554755,156409.3024699562,,5.040481e-03,3.958531e-03,0.7853
4370,3,1.9527475561184713,4360.593398282078,21356.183895860242,156584.40273510717,,2.825592e-03,2.501728e-03,0.8854
4372,3,1.321533827506474,4361.30525671759,21363.398213452423,156662.60736027642,,1.909611e-03,1.652809e-03,0.8655
4374,3,2.6406472633874785,4363.518317360774,21371.556974622134,156707.23241257865,,3.799657e-03,3.275158e-03,0.8620
4376,3,1.3227462438619846,4365.8945291322525,21380.888658690612,156773.12705380944,,1.894707e-03,1.851464e-03,0.9772
4378,3,1.4744730912315869,4365.568071019157,21380.694983850783,156762.87988682467,,2.113348e-03,1.839545e-03,0.8704
4380,3,3.570452637819689,4369.145727057354,21401.114395883033,156942.7497673693,,5.082571e-03,4.334652e-03,0.8528
4382,3,1.5894828543605657,4372.848550394825,21421.718696797056,157111.16966132054,,2.246667e-03,1.848816e-03,0.8229
4384,3,1.3301038067433224,4372.4845926801,21421.074501792707,157124.54621091374,,1.881346e-03,1.454154e-03,0.7729
4386,3,2.8853901804819273,4375.349943520745,21435.914154012058,157232.83524456582,,4.058899e-03,3.533410e-03,0.8705
4388,3,1.3215294066998522,4378.368606337921,21453.425227026746,157373.11445430692,,1.848293e-03,1.742866e-03,0.9430
4390,3,1.76445995631383,4378.139677362372,21453.17894412023,157354.6539936101,,2.468848e-03,2.007740e-03,0.8132
4392,3,2.685403996665232,4381.323166259327,21470.000688871154,157486.67421537932,,3.734634e-03,3.170533e-03,0.8490
4394,3,1.4403530527568063,4382.927974359639,21478.355087377742,157545.02314046462,,1.996984e-03,1.438262e-03,0.7202
4396,3,1.5946102184068902,4385.100058472519,21489.721179141736,157653.09643491445,,2.201690e-03,1.519048e-03,0.6899
4398,3,2.6442596399447797,4386.61925115856,21496.300395505652,157693.75019777796,,3.640376e-03,3.015582e-03,0.8284
4400,3,1.9560350099166506,4389.9536762416,21514.961948110376,157841.72559683837,,2.675763e-03,2.039524e-03,0.7622
4402,3,1.3856469897835344,4390.03539923951,21517.261574535343,157864.59237811933,,1.895190e-03,1.715055e-03,0.9050
4404,3,2.6478819134241562,4392.48439604096,21529.192682157638,157944.65700574854,,3.604676e-03,2.881821e-03,0.7995
4406,3,1.3209235061288567,4395.144995507243,21543.819800504803,158075.93970689373,,1.789099e-03,1.840869e-03,1.0289
4408,3,1.449767124997047,4394.638988176295,21539.48369800422,158034.01421341242,,1.965522e-03,1.730947e-03,0.8807
4410,3,4.225035621419965,4399.039887621265,21566.804483948705,158272.12660251092,,5.679998e-03,4.840560e-03,0.8522
4412,3,1.3215228357188924,4403.280189657288,21586.698835470812,158418.44865279086,,1.762278e-03,1.627646e-03,0.9236
4414,3,1.3209224179212646,4402.748188229811,21589.13872684657,158467.75939161362,,1.763237e-03,1.793192e-03,1.0170
4416,3,2.7663923711678344,4405.599114858776,21602.71672244096,158571.6991236778,,3.672667e-03,3.257942e-03,0.8871
4418,3,1.349664156842489,4407.661740404292,21612.208403080916,158639.23157772401,,1.784771e-03,1.614403e-03,0.9045
4420,3,2.0485021194763466,4408.802122713915,21617.810549045127,158680.3062490058,,2.703004e-03,2.293803e-03,0.8486
4422,3,2.9791917843345908,4412.053710924855,21633.327457191568,158793.3935853275,,3.906705e-03,3.330782e-03,0.8526
4424,3,1.604964830214727,4413.249033288916,21639.857998658917,158846.61456267405,,2.099832e-03,1.546860e-03,0.7367
4426,3,1.3209207929925604,4415.936153956707,21656.948587691553,159011.84746434935,,1.719330e-03,1.203849e-03,0.7002
4428,3,2.708356167576901,4417.364917251668,21663.26259949303,159047.86608690224,,3.515632e-03,2.769250e-03,0.7877
4430,3,1.764423417108489,4420.26655190966,21679.09009539728,159181.12759684384,,2.277663e-03,1.843518e-03,0.8094
4432,3,1.325124808536262,4420.575392487365,21679.98816853293,159157.31128683352,,1.709575e-03,1.344232e-03,0.7863
4434,3,2.644230231180406,4422.989784130169,21692.062822903037,159267.81157758753,,3.395677e-03,3.199669e-03,0.9423
4436,3,1.3215163359680786,4425.357384948536,21704.91863201548,159372.24403649353,,1.689400e-03,1.452830e-03,0.8600
4438,3,1.5894181623437011,4425.91105812414,21707.5129777223,159398.73491578153,,2.029733e-03,1.726974e-03,0.8508
4440,3,3.621459104074256,4428.931117495856,21724.65525274435,159539.67978270072,,4.598052e-03,4.343922e-03,0.9447
4442,3,1.3209186400901762,4431.983067904242,21739.064718458474,159647.35679924325,,1.667378e-03,1.467398e-03,0.8801
4444,3,1.481844704482311,4432.995869195562,21747.476324703468,159730.3654169682,,1.866873e-03,1.965360e-03,1.0528
4446,3,3.0501594058379426,4435.192686409297,21759.199809712412,159827.56002005885,,3.826570e-03,3.075179e-03,0.8036
4448,3,1.3299610304652263,4436.825896380312,21772.32020219387,159937.26553816878,,1.663268e-03,1.312447e-03,0.7891
4450,3,1.7806663538551577,4439.153114336539,21780.908399132946,160000.14692821042,,2.217067e-03,1.945494e-03,0.8775
4452,3,3.2309095928505616,4441.966997137542,21795.30183143331,160109.32496938884,,4.001149e-03,3.295024e-03,0.8235
4454,3,1.4192626118465,4443.283174613828,21801.551400339522,160150.98753596572,,1.753196e-03,1.610430e-03,0.9186
4456,3,1.3227025931922864,4446.431168715687,21822.91407296252,160355.3080302466,,1.624081e-03,1.312447e-03,0.8081
4458,3,2.6442108899237637,4447.044617852556,21822.683804604047,160337.1455941141,,3.242930e-03,2.585163e-03,0.7972
4460,3,1.7683972623590352,4449.3568443884615,21833.5460989066,160395.82228436077,,2.159251e-03,1.928278e-03,0.8930
4462,3,1.397756145432169,4451.567439965842,21849.307496409503,160536.58007955994,,1.699464e-03,1.624998e-03,0.9562
4464,3,2.7317040655732536,4452.683165790017,21849.199377883255,160530.0188331958,,3.314340e-03,3.059287e-03,0.9230
4466,3,1.8256326759222072,4455.683284737082,21867.85821108643,160697.0711257477,,2.202320e-03,1.977279e-03,0.8978
4468,3,1.3215077784486213,4455.6381022877085,21869.595306409505,160709.20310867365,,1.594304e-03,1.377341e-03,0.8639
4470,3,3.5448144669509913,4459.3773681984285,21889.635438617053,160871.01037399707,,4.246084e-03,3.708226e-03,0.8733
4472,3,1.4754836150191675,4463.593353583168,21908.8198005887,161018.64303486847,,1.753205e-03,1.468722e-03,0.8377
4474,3,1.3209143805222374,4461.976513102159,21906.36272247302,161015.2407907821,,1.574368e-03,1.628971e-03,1.0347
4476,3,2.647764910997687,4465.461039145461,21921.659026246023,161123.63228395514,,3.134885e-03,2.830171e-03,0.9028
4478,3,1.320913852360567,4467.518236338254,21930.16792283639,161196.43525594915,,1.557800e-03,1.305825e-03,0.8382
4480,3,2.1125178107099827,4468.191870043236,21937.274924152527,161255.55073900084,,2.488127e-03,2.107067e-03,0.8468
4482,3,2.673247846886089,4471.735394726242,21955.01483308079,161393.64823525425,,3.127301e-03,2.644760e-03,0.8457
4484,3,1.422515863248982,4472.597394231435,21959.131335911596,161417.2613315429,,1.661393e-03,1.301852e-03,0.7836
4486,3,1.3209127988654008,4474.926030715928,21974.6074811159,161572.4636881018,,1.535854e-03,1.255499e-03,0.8175
4488,3,3.129656015866641,4476.5638703224495,21981.736452555684,161612.6013094558,,3.627560e-03,3.083125e-03,0.8499
4490,3,1.7643698344483076,4479.764167190896,22000.148607117346,161756.41873452865,,2.032577e-03,1.695189e-03,0.8340
4492,3,1.3215014404642063,4480.583496296837,22005.61797435718,161804.08993109426,,1.519997e-03,1.485939e-03,0.9776
4494,3,3.1989555419322593,4482.928756304959,22017.323134469665,161901.9373757388,,3.662995e-03,3.448650e-03,0.9415
4496,3,1.3250559744596666,4486.514360118393,22035.219280740035,162049.14096999602,,1.506905e-03,1.557455e-03,1.0335
4498,3,1.44877617002439,4486.526058130346,22036.239153832707,162050.83485590687,,1.647562e-03,1.463425e-03,0.8882
4500,3,3.520863017849971,4489.598749930147,22052.46852948526,162186.2418045887,,3.980497e-03,3.495003e-03,0.8780
4502,3,1.3209107031173468,4492.546959085138,22064.997397706436,162292.36523062305,,1.484970e-03,1.452830e-03,0.9784
4504,3,1.3226771497537992,4492.812064900504,22067.373241517525,162311.15540503294,,1.486197e-03,1.329664e-03,0.8947
4506,3,2.644172827157021,4494.878198560202,22078.870735117205,162401.37076563807,,2.959343e-03,2.767926e-03,0.9353
4508,3,1.6598354227007006,4497.4804476079735,22096.141669890065,162555.0428700219,,1.848432e-03,1.553482e-03,0.8404
4510,3,2.006189753760667,4497.95908394933,22098.882255547807,162563.9998048366,,2.232094e-03,1.667377e-03,0.7470
4512,3,2.699328313684978,4501.640544849752,22120.50730219115,162734.86812978648,,2.982188e-03,2.578542e-03,0.8646
4514,3,1.3810649125706909,4503.348207860966,22129.322954834406,162791.6722695436,,1.520811e-03,1.176037e-03,0.7733
4516,3,1.3214951699649846,4504.634559922919,22138.22446034697,162885.77224236043,,1.451627e-03,1.332313e-03,0.9178
4518,3,2.6512522724773877,4506.320329298568,22146.144211959738,162937.5623923159,,2.902966e-03,2.516296e-03,0.8668
4520,3,1.776291252248634,4509.208863365632,22159.92570872034,163029.03919517892,,1.934230e-03,1.493885e-03,0.7723
4522,3,1.7894268514249265,4510.778869010093,22171.277163074374,163138.49070365875,,1.942670e-03,1.664729e-03,0.8569
4524,3,2.9873989242363392,4513.2458910980085,22181.25472767938,163195.63414421512,,3.228004e-03,2.977176e-03,0.9223
4526,3,1.3850893853610862,4514.996262839356,22188.35572182802,163246.95782594444,,1.491654e-03,1.513751e-03,1.0148
4528,3,1.325022292304749,4516.722083671215,22201.00619180237,163362.5442193303,,1.422245e-03,1.317745e-03,0.9265
4530,3,3.5444929709899036,4519.124737450336,22213.47614234864,163463.1318758798,,3.787130e-03,3.215562e-03,0.8491
4532,3,1.481551269887364,4521.598849714577,22226.640961880184,163577.75197661572,,1.575497e-03,1.443559e-03,0.9163
4534,3,1.3209065560344428,4522.545851917583,22230.20412861257,163594.23539662466,,1.402131e-03,1.511102e-03,1.0777
4536,3,3.168776716064974,4525.450260605602,22247.580371426262,163748.1048525539,,3.344973e-03,3.265888e-03,0.9764
4538,3,1.3209060417650642,4527.6936455266805,22262.852540016836,163876.0228596695,,1.388366e-03,1.372044e-03,0.9882
4540,3,1.7682556489646521,4528.995208189046,22268.892381308917,163922.7670077442,,1.853948e-03,1.742866e-03,0.9401
4542,3,2.6441448094317,4531.612581756613,22281.748007596972,164012.08966831776,,2.758451e-03,2.577217e-03,0.9343
4544,3,1.3394587567907499,4532.61501795935,22285.747903497144,164041.1521762158,,1.394694e-03,1.111143e-03,0.7967
4546,3,1.3209050159437143,4534.731784427137,22298.811915264454,164162.52200874445,,1.369808e-03,1.145577e-03,0.8363
4548,3,2.647651632786384,4535.651407832959,22305.064229415606,164213.6066166049,,2.740836e-03,2.250099e-03,0.8210
4550,3,2.3045648844108904,4539.317856099737,22324.911349576236,164364.22245679033,,2.369000e-03,1.952116e-03,0.8240
4552,3,1.3226522448007827,4540.018324858207,22330.68336303843,164426.92048036298,,1.357803e-03,1.144253e-03,0.8427
4554,3,3.073769301297594,4543.170925877937,22346.77169876381,164548.1161096378,,3.136495e-03,2.783818e-03,0.8876
4556,3,1.4300120564806036,4547.280791522479,22367.168452620514,164711.64922541953,,1.447776e-03,1.515075e-03,1.0465
4558,3,1.3790467774362154,4544.89173325429,22354.49668061479,164603.35774718734,,1.402572e-03,1.444884e-03,1.0302
4560,3,3.7279726071352637,4549.3149028198995,22379.166499006828,164813.66431410427,,3.759612e-03,3.330782e-03,0.8859
4562,3,1.3209029751038723,4553.380737455375,22400.798535256145,164989.4580798845,,1.321794e-03,1.242256e-03,0.9398
4564,3,1.5942292795109496,4552.731591317418,22393.377127596665,164922.50217254402,,1.597310e-03,1.611754e-03,1.0090
4566,3,2.6441263770414802,4555.6669632481535,22410.234550801164,165070.3952974945,,2.634392e-03,2.634165e-03,0.9999
4568,3,1.3226440598689477,4557.719847161,22429.335388432653,165234.23049792417,,1.312571e-03,1.146901e-03,0.8738
4570,3,1.764300589164381,4558.005447717856,22424.759352657453,165186.02804644353,,1.749947e-03,1.454154e-03,0.8310
4572,3,2.6617724414945783,4561.09488393787,22443.284303338114,165325.78334734048,,2.624543e-03,2.246126e-03,0.8558
4574,3,1.3209014538520296,4562.97293890506,22455.642310823227,165428.76926814567,,1.297745e-03,1.186632e-03,0.9144
4576,3,1.600392280840896,4564.196966970952,22456.638164985394,165433.9097968798,,1.568691e-03,1.271392e-03,0.8105
4578,3,3.1983914517291328,4566.555043906164,22474.353789097226,165586.42472660175,,3.120870e-03,2.704356e-03,0.8665
4580,3,1.7681867138101177,4569.969143543616,22492.884597454646,165732.61927681818,,1.714098e-03,1.538914e-03,0.8978
4582,3,1.387006643395443,4571.087741899873,22500.563393958306,165801.634159275,,1.341696e-03,1.369395e-03,1.0206
4584,3,2.65461894202974,4573.025640481959,22508.98389015391,165855.2027478746,,2.558416e-03,2.377238e-03,0.9292
4586,3,1.3208999405683326,4575.123114902384,22518.709591856794,165933.91528929025,,1.267940e-03,1.258148e-03,0.9923
4588,3,1.4048763765805303,4575.984349406614,22522.69360331354,165954.64415486716,,1.346333e-03,1.205174e-03,0.8952
4590,3,3.755587219039969,4578.789407678543,22539.55942559469,166103.065398058,,3.579804e-03,3.232779e-03,0.9031
4592,3,1.6250137005461405,4582.192344468656,22558.610282257756,166255.10160054042,,1.538899e-03,1.214444e-03,0.7892
4594,3,1.3208989361084205,4582.523734281651,22560.662464227782,166275.92403250278,,1.250107e-03,1.128360e-03,0.9026
4596,3,2.6475780960997812,4585.03321712075,22573.437591493912,166387.4727441413,,2.493691e-03,2.272613e-03,0.9113
4598,3,1.553321919639693,4588.033623349543,22593.36624490179,166558.94092225627,,1.454644e-03,1.325691e-03,0.9114
4600,3,1.8442615807785563,4587.913834268886,22591.64527292157,166526.07261890543,,1.727504e-03,1.595862e-03,0.9238
4602,3,2.931244809119115,4591.634083191366,22610.6956102842,166678.49652289995,,2.726211e-03,2.566622e-03,0.9415
4604,3,1.3214727384228024,4593.326858151273,22619.692939078624,166749.70269803354,,1.225066e-03,9.932749e-04,0.8108
4606,3,1.6195969882109866,4595.405711583912,22630.947871342807,166846.54289410103,,1.495482e-03,1.153523e-03,0.7713
4608,3,2.6406472633874785,4596.715147091647,22637.634713814983,166899.59861146475,,2.432189e-03,2.128257e-03,0.8750
4610,3,1.764266871689528,4599.387981475737,22652.85778689043,167027.05458164916,,1.616700e-03,1.323042e-03,0.8184
4612,3,1.3214707417125868,4600.271692984817,22658.68275195171,167068.94801718445,,1.208890e-03,1.173389e-03,0.9706
4614,3,2.6440900890242287,4602.197765409645,22670.31457151756,167159.6837138934,,2.409924e-03,2.342804e-03,0.9721
4616,3,1.3226198467053805,4604.349000118936,22683.220112668103,167277.3650444177,,1.200530e-03,1.238283e-03,1.0314
4618,3,1.32089594362772,4604.711605081656,22682.171350298853,167248.7257171702,,1.198147e-03,1.289933e-03,1.0766
4620,3,4.694484023799961,4608.988374867698,22708.32327819847,167479.86812781755,,4.223489e-03,4.184998e-03,0.9909
4622,3,1.3208954479049535,4613.453503625322,22730.952606149553,167659.80216517477,,1.178270e-03,1.180011e-03,1.0015
4624,3,1.4083452071399885,4613.491239972485,22733.88913545379,167685.14260176956,,1.256174e-03,1.285960e-03,1.0237
4626,3,2.651002742851743,4615.932352899571,22746.321047568155,167793.58889277908,,2.353552e-03,2.048795e-03,0.8705
4628,3,1.4569088349724018,4618.01495826898,22757.084378306896,167875.526455276,,1.288299e-03,1.215768e-03,0.9437
4630,3,1.7642502323716776,4619.15069659326,22760.707224807422,167879.07358471028,,1.556700e-03,1.360124e-03,0.8737
4632,3,2.654472641729821,4621.734944581635,22774.637772260052,167998.41355700116,,2.330645e-03,2.113689e-03,0.9069
4634,3,1.589204128117692,4623.105405502651,22782.417906215134,168057.91328332789,,1.391677e-03,9.575170e-04,0.6880
4636,3,1.4216844688227699,4625.099972562125,22793.03532378944,168149.87119740358,,1.240238e-03,1.088629e-03,0.8778
4638,3,2.6440722274126243,4626.82592205255,22802.395792454296,168223.19112443816,,2.299012e-03,2.054092e-03,0.8935
4640,3,1.8256326759222072,4630.148133389884,22822.763693054752,168395.8360050405,,1.577311e-03,1.517724e-03,0.9622
4642,3,1.474045521827141,4630.041313785652,22821.901752827067,168376.14614543528,,1.273808e-03,1.259473e-03,0.9887
4644,3,2.705053294201807,4632.972230104237,22834.348695767407,168460.6260134838,,2.324553e-03,2.064687e-03,0.8882
4646,3,1.397167864226179,4635.283066479173,22847.372072591475,168572.75402183892,,1.195340e-03,1.066115e-03,0.8919
4648,3,1.6039487081316535,4635.607162998157,22850.358061513154,168600.30696169415,,1.371394e-03,1.289933e-03,0.9406
4650,3,3.6422720874310044,4639.186005230966,22869.617519664458,168754.05935808286,,3.092936e-03,3.042070e-03,0.9836
4652,3,1.3214608613506675,4641.825132477997,22882.935442203117,168869.78529252228,,1.116508e-03,1.093927e-03,0.9798
4654,3,1.448490640625489,4643.081604786208,22891.6807194346,168943.54571182063,,1.220889e-03,1.324366e-03,1.0848
4656,3,2.668443550370504,4644.9995041636375,22902.30398955762,169028.17232622177,,2.240912e-03,2.095148e-03,0.9350
4658,3,1.4187773938595438,4646.926726641882,22915.45942375225,169145.1709917189,,1.187068e-03,1.146901e-03,0.9662
4660,3,1.7680524245480373,4648.253074837626,22919.248870055148,169153.14604434362,,1.475570e-03,1.582618e-03,1.0725
4662,3,3.2593131936668303,4651.533400277258,22937.892393273258,169309.48950177192,,2.703113e-03,2.321614e-03,0.8589
4664,3,1.4957914781715564,4653.620128582407,22947.235184155485,169369.84720766317,,1.235602e-03,1.064791e-03,0.8618
4666,3,1.3208900510981552,4655.314345766074,22960.455817622966,169507.62046381462,,1.087577e-03,8.171341e-04,0.7513
4668,3,2.647470641329048,4656.826616194235,22967.02043628131,169541.82953483044,,2.173556e-03,1.958738e-03,0.9012
4670,3,1.7642173831377275,4659.566495997623,22978.247002830973,169609.86036195385,,1.440858e-03,1.307150e-03,0.9072
4672,3,1.3389197391823833,4660.922935890442,22992.03399494107,169741.76687622044,,1.090653e-03,1.087305e-03,0.9969
4674,3,2.867671236257895,4662.569176865749,22994.385678109702,169751.29458797193,,2.328649e-03,2.741439e-03,1.1773
4676,3,1.5939907117175323,4665.112594630587,23009.522378175454,169878.1332590466,,1.288087e-03,1.278014e-03,0.9922
4678,3,1.3208885968763209,4664.962789895014,23012.759057691037,169919.35710439735,,1.067686e-03,9.416246e-04,0.8819
4680,3,3.8409414740181504,4669.197569152054,23035.235913026918,170099.57222713393,,3.079623e-03,2.889768e-03,0.9384
4682,3,1.320888113793651,4673.184893925961,23055.320383652528,170257.14225756386,,1.051031e-03,1.091278e-03,1.0383
4684,3,1.3214530787696106,4672.041080359994,23048.959282929656,170212.60357065976,,1.053784e-03,1.132333e-03,1.0745
4686,3,2.9765750150905554,4675.151203544696,23066.351624627347,170350.97024851,,2.359566e-03,2.174610e-03,0.9216
4688,3,1.3248608263043706,4677.866904718072,23082.61588999144,170482.21891197655,,1.044785e-03,8.038905e-04,0.7694
4690,3,2.1450180847209053,4678.811081998611,23084.819675926723,170504.9616002869,,1.688526e-03,1.333637e-03,0.7898
4692,3,2.95081852924569,4682.498154998308,23106.427579868574,170681.16361503702,,2.306499e-03,2.238179e-03,0.9704
4694,3,1.3208866694897705,4683.62415867148,23109.963505562704,170682.15147334343,,1.030256e-03,9.614901e-04,0.9333
4696,3,1.32258059516672,4685.701568883435,23120.083322353712,170783.17680467485,,1.027490e-03,9.363271e-04,0.9113
4698,3,2.7384490138833106,4686.761768054747,23127.58353990506,170843.1325442654,,2.123129e-03,1.899142e-03,0.8945
4700,3,1.7995522091233185,4689.660477307016,23142.759210406304,170963.37620004668,,1.387486e-03,1.381314e-03,0.9956
4702,3,1.3208857107195773,4691.308753389826,23152.966174528337,171047.1776305533,,1.015215e-03,1.124387e-03,1.1075
4704,3,3.168776716064974,4693.207267620425,23160.15452476134,171096.94600226704,,2.426678e-03,2.542784e-03,1.0478
4706,3,1.4483997178560064,4696.19156562463,23176.9508341186,171241.9883788829,,1.102880e-03,1.300528e-03,1.1792
4708,3,1.4809979360797498,4696.535921274648,23178.282165610035,171258.506353381,,1.126962e-03,1.182659e-03,1.0494
4710,3,3.5435782631264225,4699.7155492069405,23194.848015572014,171385.66727449416,,2.680132e-03,2.488485e-03,0.9285
4712,3,1.4461962700093693,4702.888810397061,23210.890436794893,171512.1726879062,,1.087193e-03,9.508951e-04,0.8746
4714,3,1.3208842786711037,4703.620313750975,23214.15121586086,171550.81215982692,,9.916026e-04,1.101873e-03,1.1112
4716,3,2.6611173972121875,4705.29165706477,23221.60300664219,171604.59791695795,,1.991365e-03,1.868681e-03,0.9384
4718,3,1.589117875519151,4707.920555736531,23242.69078277729,171780.17748238184,,1.183172e-03,1.021087e-03,0.8630
4720,3,1.7913162722394589,4708.3855088161445,23241.746379294756,171778.35906184034,,1.332550e-03,1.206498e-03,0.9054
4722,3,2.644011145251666,4711.813435871726,23261.645712171525,171924.46301547036,,1.953999e-03,1.805112e-03,0.9238
4724,3,1.3214434990658288,4713.74948978174,23272.44230878545,171993.704102008,,9.729729e-04,8.846768e-04,0.9093
4726,3,1.4186250991629081,4714.109770078777,23273.73880595571,172022.54565142002,,1.043810e-03,8.846768e-04,0.8475
4728,3,2.6541890442253626,4716.164193942665,23285.22140193066,172112.69214406252,,1.945263e-03,1.749488e-03,0.8994
4730,3,2.0037431808902273,4719.824945854034,23303.88207541689,172244.6157506797,,1.458307e-03,1.068764e-03,0.7329
4732,3,1.7284236633081675,4720.716600825592,23310.804112077916,172308.55253598455,,1.255778e-03,1.218417e-03,0.9702
4734,3,2.6507646858525646,4723.307584036152,23321.867069089498,172381.67572639862,,1.916400e-03,1.772002e-03,0.9247
4736,3,1.358047164027846,4725.258840010267,23332.63128597101,172465.36147531084,,9.781565e-04,1.040952e-03,1.0642
4738,3,1.3968911973223719,4725.347625520512,23332.03512894601,172469.75414927068,,1.005968e-03,1.089954e-03,1.0835
4740,3,3.5665885115882823,4728.832927865192,23354.50862658495,172655.4810607033,,2.551368e-03,2.383860e-03,0.9343
4742,3,1.3208809654344287,4731.718660334838,23368.36974054217,172766.1565520845,,9.396996e-04,1.060818e-03,1.1289
4744,3,1.3225576818319689,4731.961501268757,23370.60751139287,172789.10811169125,,9.404523e-04,1.113792e-03,1.1843
4746,3,3.1973242540475413,4735.0888982064025,23387.425253008172,172928.07605029573,,2.260012e-03,2.312344e-03,1.0232
4748,3,1.3214378288512867,4737.302521059918,23403.125574319583,173064.9380084762,,9.300917e-04,1.023735e-03,1.1007
4750,3,1.8639863035676318,4738.906201385242,23410.58657412003,173127.61450391848,,1.307951e-03,1.213120e-03,0.9275
4752,3,2.934052514874976,4741.743435955226,23423.193191759445,173205.43661901186,,2.047688e-03,1.964036e-03,0.9591
4754,3,1.3208795574333996,4742.772855101072,23430.57301638244,173265.7161902476,,9.200278e-04,8.807037e-04,0.9573
4756,3,1.4043328276324671,4745.714183790128,23443.738642635493,173381.42267565383,,9.726766e-04,8.409727e-04,0.8646
4758,3,2.9295316327257077,4746.371078917489,23447.918414173248,173419.80475112423,,2.026515e-03,2.044822e-03,1.0090
4760,3,2.2533523314239816,4750.0776179492905,23468.558272031823,173585.8273191746,,1.547749e-03,1.312447e-03,0.8480
4762,3,1.3208786227116853,4751.397822205431,23476.441564236895,173648.58334935177,,9.049743e-04,8.489189e-04,0.9381
4764,3,2.647332446332763,4753.275399096447,23485.919401040454,173726.42339149732,,1.807270e-03,1.801138e-03,0.9966
4766,3,1.320878156528554,4756.467370936151,23504.800221761914,173882.76213374786,,8.962369e-04,1.011816e-03,1.1290
4768,3,1.3293054251066216,4754.925108564401,23493.25963056052,173784.08763421047,,9.046305e-04,9.244078e-04,1.0219
4770,3,3.589899547611735,4758.9274698535955,23517.23861886154,173985.24558233994,,2.424375e-03,2.383860e-03,0.9833
4772,3,1.3214322157673695,4762.9068831284485,23538.794212924928,174147.96164319338,,8.856382e-04,7.654838e-04,0.8643
4774,3,1.8211360437155022,4762.809875362061,23535.51830963949,174122.27397598603,,1.220784e-03,1.268743e-03,1.0393
4776,3,2.6540515642168563,4765.612935215637,23551.52607540324,174259.26394298085,,1.769602e-03,1.921656e-03,1.0859
4778,3,1.32087676266638,4766.727127485127,23562.14067396668,174353.33994018348,,8.788113e-04,8.780550e-04,0.9991
4780,3,1.767859489975302,4768.823109063189,23570.138725416575,174420.02741108002,,1.171507e-03,1.078034e-03,0.9202
4782,3,2.6439688322722423,4771.269932654776,23583.793582634775,174515.7899009483,,1.743894e-03,1.696513e-03,0.9728
4784,3,1.5089412933642734,4772.273440204627,23591.23967972866,174584.31198378542,,9.933430e-04,9.283809e-04,0.9346
4786,3,1.3208758373113443,4774.486235035779,23599.555756193797,174649.1182406122,,8.658771e-04,8.277291e-04,0.9559
4788,3,3.355175346421737,4776.486251274379,23614.30820519327,174773.70279524385,,2.190996e-03,2.028929e-03,0.9260
4790,3,1.7641221410191679,4780.089694528939,23633.610052632062,174914.83027566568,,1.144094e-03,1.279338e-03,1.1182
4792,3,1.3225352290667605,4781.428295761855,23643.631984094503,175031.75980774756,,8.555072e-04,8.330265e-04,0.9737
4794,3,2.8792835345973096,4783.145202352999,23648.388330561014,175033.64351613805,,1.856443e-03,1.915034e-03,1.0316
4796,3,1.4807367832079317,4785.829638307067,23659.42093343261,175113.09801629157,,9.498400e-04,1.082007e-03,1.1391
4798,3,1.320874455069498,4785.7918194699805,23660.617611262143,175151.35994621576,,8.473508e-04,8.489189e-04,1.0019
4800,3,3.520863017849971,4789.11602388222,23679.80106766947,175298.87466957147,,2.244333e-03,2.468619e-03,1.0999
4802,3,1.584388358032487,4792.7848322062155,23699.36892611828,175455.23935965812,,1.002887e-03,1.058169e-03,1.0551
4804,3,1.3214248190429416,4792.042607594395,23697.211189053487,175458.31169785047,,8.376191e-04,9.177860e-04,1.0957
4806,3,2.6709995307827366,4794.816647242814,23711.73049878815,175565.67146411675,,1.684124e-03,1.614403e-03,0.9586
4808,3,1.322527844768353,4797.749663486749,23730.324440059474,175729.85196712054,,8.292090e-04,7.787275e-04,0.9391
4810,3,1.9753413294950486,4797.743060879888,23731.44122397182,175732.77208107454,,1.238526e-03,1.211795e-03,0.9784
4812,3,2.6472654269548657,4801.209722720422,23748.303794683576,175862.42253639305,,1.648858e-03,1.693865e-03,1.0273
4814,3,1.3861285132001944,4802.84402586126,23758.476161260576,175933.58777786695,,8.606556e-04,7.138335e-04,0.8294
4816,3,1.6230319765210843,4804.691775473968,23767.39934365341,176018.3966857742,,1.004198e-03,9.177860e-04,0.9139
4818,3,2.9753771981830743,4806.574639220025,23778.18898047694,176105.72681989952,,1.834295e-03,1.758759e-03,0.9588
4820,3,1.7677973311380608,4809.146384676716,23791.97153049306,176206.55650674633,,1.084484e-03,9.098398e-04,0.8390
4822,3,1.3208717112419723,4810.551769916578,23802.170333505583,176310.891483859,,8.081272e-04,9.323540e-04,1.1537
4824,3,2.681272605901132,4812.436707952186,23811.370604903823,176362.58091144182,,1.634540e-03,1.578645e-03,0.9658
4826,3,1.4091736454971295,4814.629754376286,23823.482189844042,176495.88335464834,,8.554541e-04,9.561926e-04,1.1178
4828,3,1.4287560072434664,4815.302130537297,23825.189984820503,176489.15922083767,,8.662331e-04,9.641388e-04,1.1130
4830,3,4.426227793868535,4819.276525899439,23849.29643495531,176696.20747709228,,2.663204e-03,2.855334e-03,1.0721
4832,3,1.3291848641212138,4823.113137519728,23867.57873697364,176841.9030839956,,7.939122e-04,8.131610e-04,1.0242
4834,3,1.3208703495536538,4823.7063980995845,23872.05758382277,176889.6920631164,,7.880474e-04,9.045423e-04,1.1478
4836,3,2.9800407988071855,4826.007109600968,23883.83532619932,176994.35249586182,,1.770125e-03,1.903115e-03,1.0751
4838,3,1.377935594030353,4828.4177515351885,23898.028551389507,177100.52195756324,,8.147158e-04,8.118367e-04,0.9965
4840,3,1.9560350099166506,4829.714641533464,23902.71343501906,177127.41213615815,,1.153666e-03,1.067439e-03,0.9253
4842,3,2.65053732804436,4832.175279853208,23913.979428205446,177213.60155753896,,1.555953e-03,1.406477e-03,0.9039
4844,3,1.593653787026829,4833.3650943017155,23923.787547454645,177286.1247756848,,9.333888e-04,8.595139e-04,0.9209
4846,3,1.3208689946147196,4835.885885713289,23935.949568556753,177401.5918059562,,7.699036e-04,6.873462e-04,0.8928
4848,3,2.66732046806816,4837.34741838855,23944.086141613065,177460.70939684287,,1.550377e-03,1.464749e-03,0.9448
4850,3,1.7789623669136696,4840.196633589216,23960.068060172933,177590.76888148973,,1.028397e-03,9.893018e-04,0.9620
4852,3,1.3214139071947248,4840.885228282701,23964.388463245552,177615.27793872953,,7.628864e-04,7.389965e-04,0.9687
4854,3,2.6439194409133613,4843.12111416317,23972.627261585687,177666.96513256815,,1.519910e-03,1.687243e-03,1.1101
4856,3,1.3225059848039766,4845.498662465923,23982.937647503964,177754.7193364401,,7.568259e-04,7.641595e-04,1.0097
4858,3,1.5889807880557696,4845.9025083237575,23984.369029212965,177757.40429979176,,9.086208e-04,8.528920e-04,0.9387
4860,3,3.520863017849971,4848.925586233298,24003.46920851433,177931.66963325892,,2.001692e-03,2.170637e-03,1.0844
4862,3,1.7070850995636224,4852.295114952386,24021.70019592597,178078.0861232751,,9.642814e-04,1.058169e-03,1.0974
4864,3,1.3979897276757238,4852.586326885446,24021.370160997343,178075.67337291114,,7.892484e-04,8.581895e-04,1.0874
4866,3,2.6439113514757198,4855.2340694274835,24038.251784952485,178215.12670617583,,1.485090e-03,1.640890e-03,1.1049
4868,3,1.3214103178103596,4857.332117932881,24052.25570529368,178333.36751029338,,7.392585e-04,7.946199e-04,1.0749
4870,3,1.7640612646134906,4857.801053857731,24052.8842962529,178334.83664596305,,9.860200e-04,9.959236e-04,1.0100
4872,3,3.286138816659973,4861.583394867112,24074.06062247438,178511.85653785107,,1.823537e-03,1.789219e-03,0.9812
4874,3,1.3208658590578843,4863.754444518309,24084.37814737299,178576.41517160935,,7.299378e-04,6.476152e-04,0.8872
4876,3,1.410317679418896,4864.96381559631,24094.514858452978,178685.84403891623,,7.775594e-04,8.277291e-04,1.0645
4878,3,2.650463795965127,4866.724388289459,24101.797723075182,178728.17948716946,,1.456396e-03,1.458128e-03,1.0012
4880,3,1.7902693311101547,4869.368291744677,24115.359551057056,178820.9196948318,,9.787699e-04,9.244078e-04,0.9445
4882,3,1.3208649697961146,4870.590378509922,24125.625922286927,178939.74673905197,,7.204427e-04,8.701088e-04,1.2077
4884,3,3.017882586728547,4872.521135315536,24132.0200251059,178966.38886717116,,1.640007e-03,1.752137e-03,1.0684
4886,3,1.5889543187184596,4875.54797947468,24149.203862977098,179101.43058848684,,8.584972e-04,8.740819e-04,1.0182
4888,3,1.4723608983736243,4875.748134975295,24152.938896049258,179155.88220879788,,7.951905e-04,8.025661e-04,1.0093
4890,3,3.542731732246555,4879.388725157768,24172.346701744653,179301.37311324253,,1.900076e-03,1.933575e-03,1.0176
4892,3,1.3214049778294426,4883.177105640847,24190.533034062235,179441.43443012238,,7.035987e-04,7.376721e-04,1.0484
4894,3,1.3208636413590535,4882.071787468263,24184.418992840205,179396.67249823385,,7.047994e-04,7.906468e-04,1.1218
4896,3,2.816690414279977,4885.071436608245,24201.42138253219,179536.77064592516,,1.494353e-03,1.537589e-03,1.0289
4898,3,1.3835903708747648,4887.281575018336,24212.919036433766,179637.49896135813,,7.309476e-04,6.383446e-04,0.8733
4900,3,2.1125178107099827,4888.3717120160945,24219.50318259759,179694.58274549065,,1.113711e-03,1.215768e-03,1.0916
4902,3,2.8641740762136783,4891.980330297095,24240.72106808244,179868.969335522,,1.499583e-03,1.598510e-03,1.0660
4904,3,1.3224845541678696,4892.827076083182,24243.906041803803,179881.9251989248,,6.912905e-04,6.264253e-04,0.9062
4906,3,1.473664385299196,4895.6222313252,24259.992737431003,180022.97194753165,,7.662047e-04,6.926437e-04,0.9040
4908,3,2.647135340201698,4896.44588933033,24263.76885143816,180047.96689937866,,1.374166e-03,1.323042e-03,0.9628
4910,3,1.764031573360415,4898.702929261432,24278.526098783434,180161.42992897096,,9.117803e-04,8.873255e-04,0.9732
4912,3,1.3246525616337186,4900.864655241301,24291.3258457193,180281.66116031367,,6.818488e-04,6.727782e-04,0.9867
4914,3,3.456847326616335,4903.039422710769,24300.889792089027,180341.7271023038,,1.771997e-03,1.888547e-03,1.0658
4916,3,1.3213996900732776,4905.4800208683,24313.439593248546,180443.817110123,,6.742026e-04,9.310296e-04,1.3809
4918,3,1.3208610039492108,4907.044693863705,24323.0524672459,180530.1771785894,,6.719107e-04,7.350234e-04,1.0939
4920,3,3.611141556769201,4909.5251945403415,24335.618554782184,180630.29570309081,,1.828266e-03,1.977279e-03,1.0815
4922,3,1.3963694825894784,4912.230430478937,24350.957331222704,180743.58865024932,,7.033099e-04,8.422971e-04,1.1976
4924,3,1.3213979389611872,4913.659796997388,24355.8542874815,180786.87629812627,,6.637384e-04,7.681326e-04,1.1573
4926,3,2.643871496920308,4914.941689501477,24360.988890742417,180825.77685817078,,1.324773e-03,1.467398e-03,1.1077
4928,3,1.7604315089249856,4917.532991078034,24378.910598331142,180975.98010397394,,8.777307e-04,7.893224e-04,0.8993
4930,3,1.9473415209836877,4918.700899797409,24383.792310897945,181022.88411502112,,9.687601e-04,8.873255e-04,0.9159
4932,3,2.660207613486645,4921.951338435389,24403.61289360705,181172.50883700728,,1.315181e-03,1.275365e-03,0.9697
4934,3,1.3208592599418907,4923.581077981554,24410.20305820197,181214.13124865905,,6.509929e-04,6.913193e-04,1.0619
4936,3,1.32247049938755,4924.595081437925,24417.362685488664,181271.61024395432,,6.505199e-04,6.343715e-04,0.9752
4938,3,2.643863642514625,4926.189923019784,24426.687662117114,181358.34202765956,,1.296545e-03,1.393234e-03,1.0746
4940,3,2.0334396038919618,4929.736578610948,24443.134161429538,181474.76714999563,,9.904615e-04,9.085154e-04,0.9173
4942,3,1.5889022849784484,4930.274730847355,24450.27874680546,181542.5935724302,,7.731249e-04,7.416452e-04,0.9593
4944,3,2.6667922857972552,4933.251236303891,24462.571227134285,181636.2835695479,,1.290253e-03,1.342908e-03,1.0408
4946,3,1.3208579593471967,4934.857402555511,24472.084711580694,181709.69093164164,,6.370977e-04,7.231041e-04,1.1350
4948,3,1.3213927196546247,4935.337563168391,24475.028760947855,181754.7937094986,,6.367696e-04,6.343715e-04,0.9962
4950,3,3.912070019833301,4938.7569402270465,24495.15160269612,181908.38989017214,,1.872896e-03,2.019659e-03,1.0784
4952,3,1.322463540335058,4942.251400515383,24514.97373627229,182061.2567538088,,6.289066e-04,6.330472e-04,1.0066
4954,3,1.3208570957873529,4942.464589375989,24514.998516315743,182070.50265538212,,6.278890e-04,8.462702e-04,1.3478
4956,3,3.224369290031026,4945.301151581429,24529.87970785769,182188.78824705133,,1.524460e-03,1.646188e-03,1.0798
4958,3,1.3789401973205822,4948.065117378568,24548.443008966897,182336.98325946476,,6.485069e-04,8.555408e-04,1.3192
4960,3,1.8211360437155022,4948.702642718936,24549.50416955227,182350.90619602738,,8.554324e-04,8.939474e-04,1.0450
4962,3,2.64384804794916,4951.718221185262,24565.80120130391,182470.97574069398,,1.234737e-03,1.223715e-03,0.9911
4964,3,1.4281810551278755,4953.414343853988,24575.644879395953,182553.5749635729,,6.648307e-04,7.019142e-04,1.0558
4966,3,1.4479739683798583,4955.257476631591,24583.25181670469,182611.77143356943,,6.716778e-04,6.780756e-04,1.0095
4968,3,2.7663923711678344,4956.422535847807,24588.952992342918,182646.7450900997,,1.280404e-03,1.259473e-03,0.9837
4970,3,2.1431340108651997,4960.161055873542,24609.111806737077,182817.08448928114,,9.848651e-04,8.899743e-04,0.9037
4972,3,1.4802427102071951,4960.502614347019,24612.187827024725,182859.56488149826,,6.797897e-04,6.674807e-04,0.9819
4974,3,2.643840307236798,4963.272468696766,24626.539664540287,182958.9577750934,,1.207749e-03,1.369395e-03,1.1338
4976,3,1.324596523705693,4966.020184871622,24642.282945168165,183093.3989326835,,6.019230e-04,7.125092e-04,1.1837
4978,3,1.4088268573476286,4965.172142538007,24638.12195983261,183063.80342622663,,6.412373e-04,7.469427e-04,1.1648
4980,3,3.5643304625147856,4968.977437574131,24659.57200777398,183231.31010522236,,1.610558e-03,1.663404e-03,1.0328
4982,3,1.3761281599178319,4972.78840383734,24680.295671368647,183388.52655813625,,6.172925e-04,6.145061e-04,0.9955
4984,3,1.602599718469642,4972.801292887283,24679.812426462264,183403.63471736942,,7.188649e-04,8.277291e-04,1.1514
4986,3,2.650249617072524,4975.281122864726,24690.77060870568,183478.48229203044,,1.183185e-03,1.271392e-03,1.0746
4988,3,1.402620226623159,4976.988820527232,24704.732116784013,183583.97226214813,,6.241368e-04,6.661563e-04,1.0673
4990,3,1.7639736246371083,4978.105563240329,24706.457761978316,183604.84687092432,,7.832687e-04,7.416452e-04,0.9469
4992,3,2.8807061055136125,4981.277123195106,24726.36292627513,183764.39066220593,,1.271389e-03,1.263446e-03,0.9938
4994,3,1.4735463741372101,4983.0412612392975,24734.894361698553,183825.32195624316,,6.481555e-04,5.774238e-04,0.8909
4996,3,1.3213824317191551,4984.25175001762,24742.143317008555,183908.59119383735,,5.798786e-04,5.959649e-04,1.0277
4998,3,3.380028497135972,4986.851308097123,24755.90576599233,184004.81572558408,,1.475943e-03,1.550833e-03,1.0507
5000,3,1.7604315089249856,4990.645627474826,24776.34709782867,184165.2346184177,,7.631612e-04,8.740819e-04,1.1453
5002,3,1.377130254700119,4990.8399031995405,24781.495894643995,184237.3156361889,,5.967662e-04,6.780756e-04,1.1363
5004,3,2.6599220609304526,4993.178206031653,24790.582932340465,184282.7324214147,,1.147522e-03,1.194579e-03,1.0410
5006,3,1.3208515499791025,4995.540377265859,24799.854357190525,184346.18270081648,,5.672694e-04,7.495914e-04,1.3214
5008,3,1.3245690453004715,4995.619863220395,24803.527259620972,184381.3258882753,,5.687727e-04,5.787482e-04,1.0175
5010,3,3.5422015815945165,4998.717477000285,24821.03316470278,184533.49200363175,,1.512038e-03,1.666053e-03,1.1019
5012,3,1.5933397046880378,5002.608686960494,24839.90831009383,184682.10481394097,,6.751005e-04,7.005899e-04,1.0378
5014,3,1.3961232527389071,5001.849999934603,24837.865657130966,184671.67267495644,,5.923943e-04,5.999380e-04,1.0127
5016,3,3.106643839279386,5005.0963384918205,24855.77185849299,184823.14091933772,,1.310029e-03,1.456803e-03,1.1120
5018,3,1.447894168216266,5008.633841760015,24875.678467497393,184985.8865897534,,6.064376e-04,7.204554e-04,1.1880
5020,3,1.7675015149849251,5008.038267750398,24873.434687748082,184957.99532612297,,7.411436e-04,7.893224e-04,1.0650
5022,3,2.7317040655732536,5011.681288800072,24892.990113841694,185120.5144576022,,1.137496e-03,1.278014e-03,1.1235
5024,3,1.3288418486724085,5014.045044885101,24908.220024731352,185244.2520894202,,5.508354e-04,5.125298e-04,0.9305
5026,3,1.5888264206600289,5015.249398856652,24912.32797654947,185279.37317681205,,6.570951e-04,5.469634e-04,0.8324
5028,3,2.6469797508296544,5016.831191790557,24916.766207973877,185295.25548180297,,1.091427e-03,1.205174e-03,1.1042
5030,3,1.7639453442721411,5019.774563345554,24934.462889007762,185445.7971887589,,7.232378e-04,7.389965e-04,1.0218
5032,3,1.4485836416297024,5019.978370424814,24935.457224933267,185445.34973690592,,5.937046e-04,6.409934e-04,1.0797
5034,3,2.643802158564763,5022.327031036316,24948.73178557197,185552.17962636673,,1.078707e-03,1.138955e-03,1.0559
5036,3,1.3213740084890404,5024.4817753964335,24962.40212105856,185673.5911652647,,5.369169e-04,7.336990e-04,1.3665
5038,3,1.473488928175098,5024.8312331909365,24965.037142702055,185701.272130792,,5.983243e-04,7.668082e-04,1.2816
5040,3,4.225035621419965,5028.996255955292,24988.13016733109,185893.86381849874,,1.701998e-03,2.115013e-03,1.2427
5042,3,1.320847777637246,5032.648559513258,25007.04622744485,186043.74712551114,,5.283824e-04,7.125092e-04,1.3485
5044,3,1.4555146638384568,5033.458357723791,25013.201842290888,186102.90226875374,,5.813485e-04,7.376721e-04,1.2689
5046,3,2.7384490138833106,5035.528384892007,25023.07776559653,186173.1280055446,,1.089449e-03,1.227688e-03,1.1269
5048,3,1.3224227153689279,5037.352560633956,25033.677373023875,186257.92734077346,,5.242711e-04,5.853700e-04,1.1165
5050,3,1.7782136453787734,5039.048948904191,25041.686236662714,186318.05392817178,,7.026872e-04,6.515883e-04,0.9273
5052,3,2.646949524159286,5041.218037613202,25054.60756931092,186426.07042669176,,1.041645e-03,1.117765e-03,1.0731
5054,3,1.6775876732108685,5042.338804243333,25059.44471591251,186451.46144614692,,6.587646e-04,6.171548e-04,0.9368
5056,3,1.3374706918456059,5045.056267539984,25077.160180037226,186627.0024806818,,5.224765e-04,4.754476e-04,0.9100
5058,3,2.650111948919333,5046.412837361944,25083.397200604733,186656.56078401968,,1.032575e-03,1.067439e-03,1.0338
5060,3,2.049179534198396,5050.040186078045,25103.338108970416,186817.96959207824,,7.929086e-04,8.714331e-04,1.0990
5062,3,1.3208457050949625,5049.64905017131,25103.772516980156,186805.5651388776,,5.114653e-04,5.919918e-04,1.1574
5064,3,2.6532819392888536,5052.498803863121,25115.166449388616,186899.20594693255,,1.021848e-03,1.072737e-03,1.0498
5066,3,1.4179257867803965,5055.666571208247,25133.244692307435,187068.60703217145,,5.427790e-04,5.708020e-04,1.0516
5068,3,1.593239689641607,5054.794726999284,25129.485703491682,187020.25922037562,,6.109048e-04,6.356959e-04,1.0406
5070,3,3.8409414740181504,5059.026172623115,25152.788169538628,187215.46579031082,,1.460878e-03,1.622349e-03,1.1105
5072,3,1.3245151352864177,5062.6397557318505,25170.092774713696,187360.70043318332,,5.003046e-04,4.794207e-04,0.9583
5074,3,1.3762551847693405,5062.043762200696,25167.996224829272,187328.94140805266,,5.204392e-04,6.224522e-04,1.1960
5076,3,2.699328313684978,5064.917137732169,25186.00984904979,187498.76628931082,,1.015162e-03,1.148226e-03,1.1311
5078,3,1.3208440588248758,5066.9936034702205,25199.30697871696,187610.1649368117,,4.947696e-04,6.303984e-04,1.2741
5080,3,1.7745149609963855,5067.340714507606,25200.461790652567,187611.03642149048,,6.642689e-04,6.409934e-04,0.9650
5082,3,3.520863017849971,5071.470748904406,25223.129381876573,187803.19664796494,,1.307620e-03,1.374692e-03,1.0513
5084,3,1.4008738797811555,5074.359003268481,25237.762674037596,187914.33905773872,,5.174085e-04,4.820694e-04,0.9317
5086,3,1.320843239577129,5075.2370410286285,25245.98543722599,187996.2654747697,,4.870244e-04,5.588827e-04,1.1475
5088,3,2.6924246607088014,5076.936578266776,25251.630849904082,188029.84622417428,,9.895476e-04,1.152199e-03,1.1644
5090,3,1.763903760421879,5080.063780458725,25266.70179628242,188143.04415957863,,6.444258e-04,6.899949e-04,1.0707
5092,3,1.419497261947658,5080.887874878035,25276.37444402437,188233.0090712688,,5.177733e-04,5.760994e-04,1.1126
5094,3,2.650044584609498,5082.616972655515,25280.20698481062,188251.68206454453,,9.634529e-04,1.128360e-03,1.1712
5096,3,1.7284236633081675,5085.551643111009,25296.427908960606,188380.4169908754,,6.248688e-04,6.899949e-04,1.1042
5098,3,1.3208420155302896,5084.936125645872,25295.578622986926,188384.8458789157,,4.780760e-04,4.555821e-04,0.9529
5100,3,3.755587219039969,5089.2343550267915,25319.503816127824,188587.2085883755,,1.348192e-03,1.501832e-03,1.1140
5102,3,1.3208416087952275,5094.047631688158,25346.00473474372,188810.78311357507,,4.698131e-04,5.694776e-04,1.2121
5104,3,1.521360563268506,5091.577295532051,25330.60792628809,188667.11570762866,,5.437035e-04,6.873462e-04,1.2642
5106,3,2.8454321532012012,5095.518825120796,25351.12852182103,188831.50027241244,,1.009264e-03,1.123063e-03,1.1128
5108,3,1.3213591796401656,5098.119556944882,25365.74614881374,188958.1065404422,,4.663542e-04,4.449871e-04,0.9542
5110,3,2.1422715826918135,5098.827825716293,25369.189395032776,188994.59702739608,,7.550605e-04,7.760788e-04,1.0278
5112,3,2.6789175135814998,5102.447239192311,25388.2095418729,189140.43758529698,,9.376925e-04,1.001221e-03,1.0677
5114,3,1.3208403924106447,5102.941230213477,25389.67111591519,189146.41387484127,,4.618947e-04,4.780963e-04,1.0351
5116,3,1.3213575577953005,5105.233405383136,25400.320080046135,189234.3744299179,,4.600567e-04,4.661770e-04,1.0133
5118,3,2.643750256646453,5106.232021999648,25408.748682965106,189312.56527002424,,9.187070e-04,1.034330e-03,1.1259
5120,3,1.7604315089249856,5108.853672575248,25425.847766462877,189449.9897525017,,6.086856e-04,6.621832e-04,1.0879
5122,3,1.4477394786683797,5110.626402391613,25434.77292805541,189528.61736861,,4.988760e-04,6.741025e-04,1.3512
5124,3,3.2224847959982785,5112.700640030571,25444.817029293263,189602.2162468007,,1.106042e-03,1.260797e-03,1.1399
5126,3,1.4733770204566978,5115.896270063737,25462.48048087238,189755.24339928137,,5.026192e-04,7.151579e-04,1.4229
5128,3,1.322389865859144,5116.094787777363,25464.397363371656,189770.50047891008,,4.509397e-04,4.939887e-04,1.0955
5130,3,3.7279726071352637,5119.382041702028,25481.85835377549,189907.7841110165,,1.263284e-03,1.460776e-03,1.1563
5132,3,1.3213543292984962,5122.59411203173,25498.98977734384,190057.85501468767,,4.450199e-04,5.853700e-04,1.3154
5134,3,1.4177971883959615,5123.213350481842,25501.232113726375,190050.16508887807,,4.769377e-04,5.774238e-04,1.2107
5136,3,2.6657962849435495,5125.229565517588,25509.959772906506,190130.00053385322,,8.933113e-04,1.003870e-03,1.1238
5138,3,1.5887291480544938,5127.177520778529,25525.57962973417,190272.9795342672,,5.303949e-04,5.694776e-04,1.0737
5140,3,1.767335161901162,5128.392996313694,25530.885439446574,190309.014459451,,5.886546e-04,6.105330e-04,1.0372
5142,3,2.6437357397189256,5131.475780548761,25548.75209998316,190458.81700504,,8.753800e-04,9.442733e-04,1.0787
5144,3,1.3223834189506716,5133.198779309623,25559.68008436617,190545.5395014335,,4.364173e-04,4.039318e-04,0.9256
5146,3,1.3827144035617702,5134.061886328797,25560.277513587713,190536.6188608462,,4.555819e-04,5.059080e-04,1.1105
5148,3,3.200784561681792,5136.317798553684,25575.958701464537,190666.84619972692,,1.050052e-03,1.088629e-03,1.0367
5150,3,1.777861523864837,5139.975920481605,25593.99959293616,190805.17040553366,,5.791830e-04,5.257735e-04,0.9078
5152,3,1.6598354227007006,5141.504909148747,25604.476428352285,190899.57885590187,,5.391494e-04,5.535852e-04,1.0268
5154,3,2.643728532072878,5143.238259571527,25610.044218843497,190933.08654032653,,8.559077e-04,1.010492e-03,1.1806
5156,3,1.3213495241814577,5144.844729917594,25618.593465493264,191010.14270987915,,4.264747e-04,4.847181e-04,1.1366
5158,3,1.3208359807941248,5146.031161548306,25623.857190860075,191038.0151034951,,4.253444e-04,5.085567e-04,1.1956
5160,3,3.6067377256024096,5148.732223988108,25641.88252091767,191206.28349985043,,1.155465e-03,1.377341e-03,1.1920
5162,3,1.3849627196651226,5151.4607042234065,25658.317050912538,191348.5635772236,,4.413782e-04,5.880187e-04,1.3322
5164,3,1.3213479324165427,5152.208569418107,25660.041582577778,191346.77829665723,,4.205062e-04,6.489396e-04,1.5432
5166,3,3.250027401092281,5155.1415681827175,25678.058467926832,191510.34133280796,,1.028495e-03,1.136306e-03,1.1048
5168,3,1.4911890428541055,5157.685516928387,25691.988771952616,191622.03910201782,,4.696063e-04,5.231248e-04,1.1140
5170,3,1.999502454581465,5159.397662525544,25702.649705751704,191713.53603715563,,6.276224e-04,6.356959e-04,1.0129
5172,3,2.6468026183137896,5162.126482145604,25714.40935334778,191788.51096585786,,8.264865e-04,9.270565e-04,1.1217
5174,3,1.4476644895728308,5162.6072219851085,25717.92234664121,191822.35294269936,,4.516284e-04,4.714745e-04,1.0439
5176,3,1.32237064507621,5165.8833176395765,25735.62143103858,191980.3101958048,,4.099631e-04,4.595552e-04,1.1210
5178,3,2.6437142172357797,5166.502487121593,25738.478206481348,191994.74649909104,,8.186391e-04,1.007843e-03,1.2311
5180,3,2.1728754624445537,5169.694282842788,25757.368937535022,192148.8852346097,,6.687418e-04,7.257528e-04,1.0853
5182,3,1.320833606059013,5171.037261716601,25765.3854031708,192219.39623457694,,4.054663e-04,4.065805e-04,1.0027
5184,3,2.6406472633874785,5172.93640353525,25776.351683084642,192300.28181776401,,8.076779e-04,9.747337e-04,1.2068
5186,3,1.3208332124084028,5176.308988115755,25795.75232623136,192462.63961420607,,4.013951e-04,4.661770e-04,1.1614
5188,3,1.321343186621688,5174.449903374324,25779.171310351074,192295.7010836499,,4.029903e-04,5.006105e-04,1.2422
5190,3,3.54145286005962,5178.6111119588395,25806.606186869078,192531.51209498604,,1.071508e-03,1.243580e-03,1.1606
5192,3,1.492763560199549,5182.420040959759,25827.412155013633,192703.24676111163,,4.483738e-04,4.224729e-04,0.9422
5194,3,1.6154547964252808,5181.846902806001,25822.46058343204,192653.38244195757,,4.857616e-04,5.641801e-04,1.1614
5196,3,2.6467740551818806,5184.981586091554,25840.517876644375,192804.03212572832,,7.911142e-04,9.906261e-04,1.2522
5198,3,1.3956574124810697,5187.208618803922,25856.96205341925,192955.44267259678,,4.153784e-04,5.429903e-04,1.3072
5200,3,1.9204707370090752,5187.864500967532,25854.37567318926,192911.72633811887,,5.708705e-04,6.184792e-04,1.0834
5202,3,2.816690414279977,5191.218406012991,25875.219757706855,193086.99390083333,,8.319138e-04,9.138129e-04,1.0984
5204,3,1.3213400471145966,5192.360212081935,25886.60678871527,193203.20627077433,,3.894008e-04,3.800932e-04,0.9761
5206,3,1.4083452071399885,5194.009190981136,25891.19052287018,193232.71241659243,,4.137408e-04,4.688257e-04,1.1331
5208,3,3.278044878687904,5196.56403678317,25907.44853972246,193357.0491917111,,9.583137e-04,1.067439e-03,1.1139
5210,3,1.7638234771502745,5200.017405971973,25925.463630007405,193500.84022612998,,5.122476e-04,5.708020e-04,1.1143
5212,3,1.3213384846004983,5201.062136211934,25934.76912279664,193592.1660541006,,3.829703e-04,4.780963e-04,1.2484
5214,3,2.9721570929902352,5203.022647717836,25941.3282126967,193623.39497190155,,8.582236e-04,1.100549e-03,1.2824
5216,3,1.328524399592458,5205.451929804408,25950.490300198184,193689.16248259458,,3.818443e-04,4.675014e-04,1.2243
5218,3,1.32083008494717,5205.812613622946,25952.740754681487,193701.58347174912,,3.793705e-04,4.833938e-04,1.2742
5220,3,3.6512653518444145,5208.890723878101,25972.672167010714,193896.52600330583,,1.042551e-03,1.218417e-03,1.1687
5222,3,1.5886589465986123,5212.443245098768,25993.59686764105,194077.55457694616,,4.505371e-04,4.767719e-04,1.0582
5224,3,1.3223517785934222,5212.215261883717,25991.569057547174,194049.0621604635,,3.751782e-04,3.867150e-04,1.0308
5226,3,2.925024660983053,5215.145547825628,26007.496379081225,194182.5111688503,,8.252499e-04,1.082007e-03,1.3111
5228,3,1.3213353739402478,5218.394732649536,26028.40277078646,194384.20330767086,,3.704796e-04,4.423384e-04,1.1940
5230,3,1.7638104561590067,5217.748095753346,26023.146676663608,194293.79717187036,,4.951574e-04,5.575583e-04,1.1260
5232,3,2.6653262097742774,5221.225836057063,26042.791273867726,194462.762047771,,7.432776e-04,8.992448e-04,1.2098
5234,3,1.320828535568192,5222.669122067056,26053.660980831068,194542.8740633947,,3.673189e-04,3.218211e-04,0.8761
5236,3,1.8777936095199845,5225.486963953502,26063.976089721542,194630.73142600674,,5.194112e-04,5.363684e-04,1.0326
5238,3,2.668443550370504,5226.548584295237,26068.453159667268,194662.6337915093,,7.366167e-04,7.866737e-04,1.0680
5240,3,1.774078264808125,5228.7290725498015,26084.825614999667,194807.1524346582,,4.876828e-04,5.628558e-04,1.1541
5242,3,1.3208277644282538,5230.805006539268,26092.255994431172,194853.53278106748,,3.616531e-04,4.489602e-04,1.2414
5244,3,2.929121334177707,5232.464779388253,26105.183894986007,194956.418535641,,7.994628e-04,9.800312e-04,1.2259
5246,3,1.3754508275602408,5234.434893254308,26118.44880256957,195084.25874309416,,3.739943e-04,5.734507e-04,1.5333
5248,3,1.3541780837884505,5235.197729132383,26115.143928539503,195041.6627245777,,3.676832e-04,5.032593e-04,1.3687
5250,3,4.225035621419965,5239.196475772089,26143.11932281297,195287.04031304922,,1.138403e-03,1.523021e-03,1.3379
5252,3,1.4549020734917235,5242.8375807302245,26162.79837847565,195440.5656944352,,3.892911e-04,4.820694e-04,1.2383
5254,3,1.3777290069847712,5244.019493670888,26170.092386856264,195523.97480971811,,3.678079e-04,5.297466e-04,1.4403
5256,3,2.6778394783647665,5246.039333434303,26177.20923919147,195565.1734148555,,7.121473e-04,7.760788e-04,1.0898
5258,3,1.473216241646085,5248.278275165177,26188.896969175174,195652.22866208537,,3.901147e-04,5.469634e-04,1.4021
5260,3,1.767176457235043,5249.221030774374,26192.68345928456,195680.53048803858,,4.671159e-04,5.549096e-04,1.1879
5262,3,2.643665145974207,5251.534605926044,26204.26793336802,195769.16528020398,,6.957136e-04,8.436215e-04,1.2126
5264,3,1.6195969882109866,5253.016467937449,26213.46537487307,195840.45780678708,,4.250089e-04,3.867150e-04,0.9099
5266,3,1.3208254650771272,5255.2628767662645,26225.74981271309,195963.8164237118,,3.451198e-04,3.178480e-04,0.9210
5268,3,2.6466899344707446,5256.4717545818285,26232.779458339013,196019.86354403387,,6.899576e-04,7.707813e-04,1.1171
5270,3,1.9425451132965357,5260.379694371532,26255.814245209225,196207.29945629346,,5.026212e-04,5.655045e-04,1.1251
5272,3,1.3223332567039274,5259.569910778936,26250.361440052977,196127.1111497173,,3.426771e-04,3.787688e-04,1.1053
5274,3,2.6497216526087413,5262.628425102,26264.662471834923,196254.78087298872,,6.826640e-04,7.641595e-04,1.1194
5276,3,1.3213261553320792,5265.454724417715,26283.491427259243,196427.64617031513,,3.385813e-04,4.052561e-04,1.1969
5278,3,1.7924393545418034,5264.7331703437085,26277.008260266968,196375.65743045084,,4.599398e-04,4.953131e-04,1.0769
5280,3,3.912070019833301,5269.335874617571,26304.47308697172,196598.11635305866,,9.950276e-04,1.285960e-03,1.2924
5282,3,1.4081940322572983,5272.669919709167,26321.510126345376,196743.91888293164,,3.558956e-04,4.900156e-04,1.3769
5284,3,1.3213246352052583,5272.952349845268,26321.958645478506,196750.0938522626,,3.337619e-04,4.833938e-04,1.4483
5286,3,2.6436514127201147,5275.405826438583,26338.0101777406,196881.92708838842,,6.646433e-04,7.840250e-04,1.1796
5288,3,1.3223271576902396,5277.467737737989,26351.659311496067,196993.10589781383,,3.311360e-04,3.085774e-04,0.9319
5290,3,1.8442615807785563,5277.9288715901985,26352.185537590703,196995.857622541,,4.614344e-04,5.588827e-04,1.2112
5292,3,3.168776716064974,5281.604282223299,26372.849016745673,197162.5903500499,,7.872712e-04,9.495708e-04,1.2062
5294,3,1.320822808870183,5283.620300956151,26381.50771974607,197207.6662460781,,3.268933e-04,3.363891e-04,1.0290
5296,3,1.32433677343141,5285.704060196501,26398.14403247968,197372.01116904296,,3.264526e-04,3.496328e-04,1.0710
5298,3,2.6436445928578385,5286.569860512062,26397.33682017021,197347.99744344884,,6.506002e-04,8.528920e-04,1.3109
5300,3,1.7949497738058675,5289.293604375554,26410.544207769442,197438.13296183024,,4.394434e-04,5.323953e-04,1.2115
5302,3,1.4731644426150508,5290.472666663013,26422.85563981006,197555.11077111456,,3.598429e-04,4.767719e-04,1.3249
5304,3,3.07275317921452,5292.8282918097575,26430.62922263947,197606.42514741299,,7.472057e-04,1.006519e-03,1.3470
5306,3,1.5885909796718305,5295.304003032983,26443.452942470176,197705.14965599903,,3.844755e-04,4.780963e-04,1.2435
5308,3,1.3213201023591683,5295.714413554699,26450.63725111318,197798.45331023866,,3.195330e-04,3.509571e-04,1.0983
5310,3,3.5826325444789178,5299.357190123424,26469.880199533327,197941.7775620331,,8.603681e-04,8.952717e-04,1.0406
5312,3,1.3366239234430446,5302.984542511952,26486.39697662803,198066.44406309057,,3.187738e-04,3.562546e-04,1.1176
5314,3,1.3208209287301587,5302.354971096534,26488.083307203164,198086.12766819415,,3.153787e-04,4.780963e-04,1.5159
5316,3,2.6466351256627334,5304.83764911801,26498.544687692403,198156.84397422685,,6.289622e-04,7.932955e-04,1.2613
5318,3,1.320820554400436,5307.092846978731,26512.103388589578,198262.65326440605,,3.125349e-04,3.814175e-04,1.2204
5320,3,2.236783564281158,5308.580052487832,26518.101563020464,198315.38197573568,,5.277720e-04,7.297259e-04,1.3827
5322,3,2.643631045605995,5311.632078598406,26536.084200250792,198466.87191324448,,6.201336e-04,7.442940e-04,1.2002
5324,3,1.467026257437488,5312.360515205916,26536.171571673258,198444.6858611854,,3.436555e-04,3.165236e-04,0.9210
5326,3,1.3208198074290618,5315.223184866953,26555.7057822172,198623.82024956672,,3.077118e-04,3.602277e-04,1.1707
5328,3,2.716094328055692,5315.923199175345,26559.666354035995,198653.17388080928,,6.319222e-04,6.820487e-04,1.0793
5330,3,1.9697135764195641,5318.708924581942,26575.36201381632,198776.5554556786,,4.558338e-04,4.979618e-04,1.0924
5332,3,1.3991654970009346,5320.478587624817,26585.83017892546,198867.36992903275,,3.227014e-04,4.502846e-04,1.3954
5334,3,3.1941269297934936,5323.054033072378,26597.925775872918,198965.26945016749,,7.330728e-04,9.694363e-04,1.3224
5336,3,1.434425673938877,5325.8270261011885,26613.4912233068,199089.81746820916,,3.274676e-04,4.661770e-04,1.4236
5338,3,1.417431305250569,5326.1804710351635,26617.035106417305,199140.55191364518,,3.233672e-04,4.026074e-04,1.2450
5340,3,3.5613327077103154,5329.281223059223,26632.758203019115,199256.67527525066,,8.076666e-04,9.508951e-04,1.1773
5342,3,1.3208183202031785,5332.085520383462,26647.955423456064,199377.4750888247,,2.979427e-04,3.814175e-04,1.2802
5344,3,1.3283255930979436,5333.095549869923,26650.72238558385,199420.79196619027,,2.990607e-04,3.668495e-04,1.2267
5346,3,2.934052514874976,5335.105406287536,26662.68357547926,199505.04314823262,,6.580383e-04,7.787275e-04,1.1834
5348,3,1.5927713652178441,5337.700864199067,26680.402910025554,199646.42046412767,,3.554468e-04,3.430109e-04,0.9650
5350,3,1.7771975232956996,5338.174722699725,26681.164045000325,199670.88161918108,,3.962470e-04,3.694983e-04,0.9325
5352,3,2.6525958935385527,5341.386671728007,26700.556536292857,199824.43644211974,,5.878002e-04,6.648320e-04,1.1311
5354,3,1.320817210621475,5343.548871454366,26711.39091486576,199897.03980843685,,2.914784e-04,2.913606e-04,0.9996
5356,3,1.4546139740712303,5344.780476908061,26718.551660904235,199963.66204718823,,3.202487e-04,3.310916e-04,1.0339
5358,3,2.8581123321370354,5346.370734647311,26727.875899681138,200035.28270438255,,6.273308e-04,7.919712e-04,1.2624
5360,3,1.7875150706007545,5349.631329204941,26744.796047708387,200168.929584656,,3.899054e-04,3.999587e-04,1.0258
5362,3,1.588546857659869,5350.3905061104915,26747.5355784467,200190.66367031873,,3.460039e-04,4.105536e-04,1.1866
5364,3,2.6586108502132433,5352.880992720271,26761.534123851965,200302.49849633826,,5.763229e-04,7.151579e-04,1.2409
5366,3,1.320816106006195,5354.315174026067,26770.59778428432,200376.48642072614,,2.855353e-04,4.092292e-04,1.4332
5368,3,1.4918911092584624,5355.619433135815,26780.517517461394,200477.3955701876,,3.217114e-04,4.039318e-04,1.2556
5370,3,3.5407548993067506,5358.56475446547,26796.278110884185,200593.58877594356,,7.592391e-04,9.548682e-04,1.2577
5372,3,1.426635404635313,5360.828675187101,26809.141813584913,200692.46555967463,,3.045887e-04,3.827419e-04,1.2566
5374,3,1.3208153723386902,5362.451926361005,26818.098838256567,200785.34798629893,,2.811215e-04,4.635283e-04,1.6489
5376,3,3.168776716064974,5364.9907527427895,26831.391383116126,200888.93758410867,,6.711738e-04,8.965961e-04,1.3359
5378,3,1.320815006324068,5366.862302876707,26844.636146056524,200993.2984441336,,2.787569e-04,3.721470e-04,1.3350
5380,3,1.767024885362907,5368.889812258316,26855.638394936588,201105.27581964122,,3.714853e-04,4.780963e-04,1.2870
5382,3,3.017882586728547,5371.3459600698725,26867.423397971652,201184.49591550545,,6.314852e-04,6.794000e-04,1.0759
5384,3,1.3222913271210026,5372.444893163471,26872.762988372313,201204.729323823,,2.761061e-04,2.754682e-04,0.9977
5386,3,1.3208142759269959,5375.648153894043,26891.062971399835,201375.69649972732,,2.741118e-04,2.820901e-04,1.0291
5388,3,2.6465547516724617,5375.85301984783,26891.436092551554,201371.8476600673,,5.490322e-04,7.217797e-04,1.3146
5390,3,2.3472420118999806,5379.370239670699,26910.789497682916,201530.52265153456,,4.836734e-04,5.204760e-04,1.0761
5392,3,1.3242648962659593,5380.075206049391,26917.042873027644,201600.30719244783,,2.725082e-04,2.503053e-04,0.9185
5394,3,2.8328782902241145,5382.866768964825,26932.386115394223,201716.22928937108,,5.798465e-04,7.429696e-04,1.2813
5396,3,1.4182504483666762,5386.680805243161,26951.6772928739,201869.14377409912,,2.881851e-04,4.370409e-04,1.5165
5398,3,1.3208131843936626,5384.460259081991,26941.82188899336,201789.08851262997,,2.695265e-04,3.800932e-04,1.4102
5400,3,3.520863017849971,5388.7893042339665,26964.741364980975,201976.0525419988,,7.125467e-04,9.151372e-04,1.2843
5402,3,1.3771745888733087,5393.0014185702985,26983.953346601284,202128.7839288898,,2.764773e-04,2.993068e-04,1.0826
5404,3,1.5926835850378926,5391.856965742659,26980.874366402793,202116.3048114074,,3.204393e-04,4.463115e-04,1.3928
5406,3,2.871919638089388,5395.236938273463,26998.896418460077,202268.20221468995,,5.740912e-04,7.707813e-04,1.3426
5408,3,1.4403530527568063,5397.489865621644,27015.084940641817,202403.06889711684,,2.866814e-04,3.284429e-04,1.1457
5410,3,1.7636976156205793,5397.859645787077,27014.36892131346,202398.1942874353,,3.507937e-04,4.184998e-04,1.1930
5412,3,3.009284630641001,5401.399061791943,27033.416663899374,202543.45012319842,,5.944982e-04,6.237766e-04,1.0492
5414,3,1.3208117365483394,5403.657566884718,27047.94135418731,202667.04234668775,,2.598054e-04,2.860632e-04,1.1011
5416,3,1.3222796667036558,5404.306014259683,27049.192265772588,202686.7080642175,,2.597738e-04,3.138749e-04,1.2083
5418,3,3.2460639530421687,5406.758717163645,27063.689627079897,202801.84008638503,,6.347306e-04,7.654838e-04,1.2060
5420,3,1.7669758639767512,5410.931610941882,27086.282717037633,202978.8482843377,,3.427647e-04,4.886912e-04,1.4257
5422,3,1.3208110158324227,5410.553423931853,27086.64528732146,203001.55537272381,,2.563991e-04,3.390378e-04,1.3223
5424,3,2.664436878372951,5413.068265686061,27098.195432610853,203078.62414574056,,5.147487e-04,6.595345e-04,1.2813
5426,3,1.3208106562720106,5416.002327931329,27110.342227927886,203157.34119568235,,2.537457e-04,3.536059e-04,1.3935
5428,3,1.4074627853310036,5414.828784481239,27105.672442111514,203133.06478956155,,2.709988e-04,3.747957e-04,1.3830
5430,3,3.5405326436480156,5418.6049663609965,27127.291539773647,203319.63437053945,,6.767992e-04,9.403002e-04,1.3893
5432,3,1.6010661302223026,5422.94812916985,27151.328700654227,203509.76794221095,,3.035228e-04,3.350647e-04,1.1039
5434,3,1.6945330032433015,5422.357185772256,27150.035324444943,203515.23038557006,,3.216030e-04,4.118780e-04,1.2807
5436,3,2.6583697282424277,5425.268698480035,27162.774950740535,203610.37514490917,,5.017314e-04,6.065599e-04,1.2089
5438,3,1.320809580766869,5427.819936857798,27179.829059911634,203768.8790720785,,2.480683e-04,3.297673e-04,1.3293
5440,3,1.8777936095199845,5428.225423914569,27182.931625013567,203776.6360285994,,3.524039e-04,4.105536e-04,1.1650
5442,3,2.6435651056674643,5431.30297424621,27197.89658421247,203894.26805935934,,4.932064e-04,6.714538e-04,1.3614
5444,3,1.3212951722615784,5432.358114297193,27206.642708619453,203955.9488839515,,2.460125e-04,2.847388e-04,1.1574
5446,3,1.5884823847974288,5435.230228154141,27218.47136257487,204064.24480639125,,2.941436e-04,3.350647e-04,1.1391
5448,3,2.652383473446978,5436.128040439692,27224.930797214216,204118.43334615816,,4.903034e-04,6.317228e-04,1.2884
5450,3,1.776884139849518,5438.362341909213,27239.620947545438,204229.51280216617,,3.270599e-04,4.012830e-04,1.2269
5452,3,1.3996517182070256,5440.157790352872,27248.251665376316,204304.49530268565,,2.567428e-04,3.125505e-04,1.2174
5454,3,2.66732046806816,5441.878364411831,27259.710635506457,204391.0813217769,,4.876639e-04,6.502639e-04,1.3334
5456,3,1.5176133697629186,5443.876143752351,27273.8052533407,204519.91515696276,,2.764022e-04,3.575790e-04,1.2937
5458,3,1.3208077987754017,5444.322392414414,27274.317696190228,204532.1409546811,,2.403545e-04,3.549302e-04,1.4767
5460,3,4.609129768821781,5448.940737774228,27301.23181563408,204745.51742053835,,8.313648e-04,1.083332e-03,1.3031
5462,3,1.320807443944268,5453.277009942812,27324.6047097408,204931.16154906002,,2.362706e-04,3.178480e-04,1.3453
5464,3,1.322262432915022,5453.762580290206,27327.759264294953,204965.45630017188,,2.363108e-04,3.522815e-04,1.4908
5466,3,2.6435522658774535,5455.627780841427,27335.485683132,205015.75687125933,,4.707692e-04,6.303984e-04,1.3391
5468,3,1.321290901753588,5457.303194804501,27344.15256743902,205096.28318427762,,2.345456e-04,2.940094e-04,1.2535
5470,3,1.763661658482646,5458.577981301126,27351.858822652954,205153.22604846087,,3.123084e-04,3.509571e-04,1.1238
5472,3,2.7959794553514477,5461.279881101504,27365.93431366306,205264.4744815213,,4.925593e-04,6.356959e-04,1.2906
5474,3,1.770491117547414,5463.006073797709,27376.83368397197,205353.56336064017,,3.108721e-04,2.688464e-04,0.8648
5476,3,1.358047164027846,5464.821165880838,27385.066510524033,205416.9050083721,,2.376279e-04,2.820901e-04,1.1871
5478,3,2.970275385428988,5466.93773207926,27397.6485912233,205530.30382264298,,5.176294e-04,5.668289e-04,1.0950
5480,3,1.77347174232443,5470.775079824659,27419.011693069275,205702.17369617216,,3.068015e-04,3.853906e-04,1.2562
5482,3,1.3208056775614623,5470.290069972487,27416.50967208618,205673.19880742428,,2.287046e-04,2.953337e-04,1.2913
5484,3,2.6464508837465717,5473.015229662401,27428.496164671917,205775.51517865638,,4.558691e-04,6.131817e-04,1.3451
5486,3,1.4472446941575565,5475.93123592785,27445.808741873283,205923.78366001896,,2.479095e-04,3.443353e-04,1.3890
5488,3,1.584388358032487,5475.217084939833,27440.578377124602,205872.39888994553,,2.717743e-04,2.940094e-04,1.0818
5490,3,3.5805386622203095,5479.2924826000735,27463.853055142088,206066.87855075562,,6.094068e-04,8.012417e-04,1.3148
5492,3,1.3212866686242233,5482.622955989561,27481.677395265066,206217.34398349718,,2.234546e-04,3.350647e-04,1.4995
5494,3,1.3750115927698112,5482.316231238793,27477.08095216275,206164.44488346862,,2.326795e-04,3.880394e-04,1.6677
5496,3,2.6522800707151766,5484.671245714556,27492.97877382541,206300.43306393645,,4.467963e-04,5.787482e-04,1.2953
5498,3,1.3208042737147416,5486.860074309079,27509.821644468026,206452.62686581965,,2.215655e-04,2.913606e-04,1.3150
5500,3,1.9560350099166506,5487.554369525994,27508.87730866662,206431.61771202114,,3.276959e-04,4.661770e-04,1.4226
5502,3,3.193340876654625,5491.330378570913,27532.044774794358,206629.82727541207,,5.311268e-04,6.913193e-04,1.3016
5504,3,1.3525266471009034,5493.3190170219705,27542.25492766754,206703.46879364716,,2.241029e-04,2.357372e-04,1.0519
5506,3,1.320803574853206,5494.949318800355,27551.570653814328,206785.9291643012,,2.181648e-04,2.595758e-04,1.1898
5508,3,2.816690414279977,5496.469947980316,27559.783857142622,206853.15358420633,,4.638977e-04,6.542370e-04,1.4103
5510,3,1.933022833329396,5499.502171969567,27576.714180859883,206988.78169643425,,3.165192e-04,4.145267e-04,1.3096
5512,3,1.468595269477528,5500.802074910457,27586.66020011331,207091.42990048975,,2.398726e-04,3.430109e-04,1.4300
5514,3,2.6435269223442805,5502.805483160691,27593.35880075325,207119.0196507714,,4.301346e-04,6.025868e-04,1.4009
5516,3,1.5925134265352177,5505.590514016317,27608.42037294314,207247.7507819102,,2.577448e-04,3.800932e-04,1.4747
5518,3,1.3815514814393466,5505.443981655733,27607.78506728418,207256.2040735225,,2.236636e-04,2.688464e-04,1.2020
5520,3,3.6885231615571126,5509.079284993769,27629.896149902703,207434.2134442591,,5.930027e-04,7.456183e-04,1.2574
5522,3,1.4729179291541044,5513.59103730784,27653.394315596997,207620.35963521534,,2.347663e-04,3.218211e-04,1.3708
5524,3,1.3212810817529805,5511.755911117631,27645.163938867867,207551.90812922316,,2.113365e-04,3.191723e-04,1.5103
5526,3,2.649305123267437,5514.964141374971,27660.18238000644,207668.97243244326,,4.211623e-04,4.833938e-04,1.1478
5528,3,1.3222399214349492,5517.497364256942,27674.588274051413,207791.45003005484,,2.091809e-04,2.052768e-04,0.9813
5530,3,2.1399531069529694,5518.119510968603,27678.277499800843,207826.98370998094,,3.381416e-04,3.946612e-04,1.1671
5532,3,2.646400307534292,5521.629613711372,27697.806990860016,207990.47319534793,,4.153678e-04,5.403415e-04,1.3009
5534,3,1.3208011447612595,5522.317290378025,27702.230738983468,208022.1015083874,,2.070343e-04,2.317641e-04,1.1194
5536,3,1.3280448225223576,5524.191439231365,27712.632578104636,208115.3715067845,,2.074245e-04,2.476565e-04,1.1940
5538,3,2.922455469361636,5525.978632140382,27723.096825765602,208197.10713891976,,4.548930e-04,6.303984e-04,1.3858
5540,3,1.7668330780483492,5528.757214247045,27739.134093998156,208324.1506874946,,2.735564e-04,3.721470e-04,1.3604
5542,3,1.4170926928986218,5530.292960585774,27750.08607857274,208439.16036746878,,2.187608e-04,3.456597e-04,1.5801
5544,3,3.520863017849971,5532.876563174486,27762.02853597296,208519.3086167104,,5.408503e-04,7.138335e-04,1.3198
5546,3,1.3733424753835852,5535.8799133782595,27776.555273643105,208635.02125483865,,2.097560e-04,3.589033e-04,1.7111
5548,3,1.4176797238401706,5537.187454490237,27785.735809842186,208729.68187697994,,2.159852e-04,2.807657e-04,1.2999
5550,3,3.621459104074256,5539.776972565939,27798.460079601227,208822.5167898565,,5.490098e-04,7.522402e-04,1.3702
5552,3,1.3241506567131414,5542.655783151391,27813.92702343016,208951.97648894574,,1.996376e-04,2.714951e-04,1.3599
5554,3,1.3207994239934486,5543.551090467069,27814.82793396302,208926.65743427546,,1.987945e-04,3.019556e-04,1.5189
5556,3,2.646375348557516,5544.916503422567,27822.23434490648,209007.2596760364,,3.972688e-04,5.218004e-04,1.3135
5558,3,1.5883994677996578,5547.193065656022,27840.026448917855,209168.26682021772,,2.374065e-04,2.675220e-04,1.1269
5560,3,1.773281373953635,5548.264689250586,27843.031844365254,209192.47524824942,,2.644994e-04,3.337404e-04,1.2618
5562,3,2.6667922857972552,5551.375264252831,27863.747740240735,209362.51961055413,,3.954083e-04,5.509365e-04,1.3933
5564,3,1.4540707008782998,5553.450261285865,27875.551787929653,209453.141006124,,2.147421e-04,2.648733e-04,1.2334
5566,3,1.536884650648797,5554.080281202713,27876.19724704059,209448.2102800914,,2.267013e-04,2.900363e-04,1.2794
5568,3,2.7384490138833106,5556.465982415755,27890.98928534738,209569.64041503824,,4.020984e-04,5.112055e-04,1.2713
5570,3,1.7636034575897153,5559.447299341267,27906.69506829889,209686.9693424085,,2.574853e-04,2.873875e-04,1.1161
5572,3,1.5924309385301139,5560.780878512424,27917.278606665197,209798.804680804,,2.318990e-04,2.926850e-04,1.2621
5574,3,2.6434958580621144,5562.888858428251,27924.716700818095,209837.857507511,,3.834174e-04,4.622039e-04,1.2055
5576,3,1.4444566227076805,5564.507764480301,27932.541736324678,209899.26410713975,,2.088595e-04,3.046043e-04,1.4584
5578,3,1.3207973753721367,5565.770901066094,27939.745655486506,209971.59843460587,,1.905179e-04,2.609002e-04,1.3694
5580,3,3.6422720874310044,5568.594164007921,27958.385083420453,210127.586961531,,5.225419e-04,6.383446e-04,1.2216
5582,3,1.320797035649169,5571.084231595507,27972.59567349537,210245.82577505033,,1.885884e-04,2.688464e-04,1.4256
5584,3,1.3241285989320497,5571.988485379569,27977.88456457689,210295.00474950415,,1.887370e-04,3.880394e-04,2.0560
5586,3,3.355175346421737,5574.895700626791,27993.56068320355,210416.41798570508,,4.755837e-04,6.237766e-04,1.3116
5588,3,1.478762467496988,5577.694672134546,28011.376756822396,210563.62772710645,,2.084877e-04,2.781170e-04,1.3340
5590,3,1.9673114866922232,5579.25241464703,28019.06169719768,210634.2428953146,,2.765427e-04,3.390378e-04,1.2260
5592,3,2.652078636822056,5581.897203713089,28031.279261741834,210715.61752708282,,3.709211e-04,4.900156e-04,1.3211
5594,3,1.3207960193973862,5582.863033161189,28037.297075410443,210766.27476437052,,1.843857e-04,2.066012e-04,1.1205
5596,3,1.3212687452454168,5585.27054877447,28048.071424496935,210842.18929840188,,1.836056e-04,2.476565e-04,1.3489
5598,3,2.649193047411386,5585.9625301210435,28054.106837360516,210906.94827556697,,3.676461e-04,4.780963e-04,1.3004
5600,3,2.1125178107099827,5589.168271292774,28071.461206898814,211044.81751501985,,2.913757e-04,3.747957e-04,1.2863
5602,3,1.3207953443167093,5590.1281296608995,28079.39685834416,211107.06413461384,,1.818389e-04,2.211692e-04,1.2163
5604,3,2.6463260747065913,5592.521216408663,28092.846915194747,211234.2812816609,,3.626649e-04,5.045836e-04,1.3913
5606,3,1.3207950074994135,5595.567657611769,28108.94271471761,211353.1173639105,,1.799564e-04,2.807657e-04,1.5602
5608,3,1.3222125067033152,5594.6232527584525,28100.32939085066,211285.90468894786,,1.804776e-04,2.317641e-04,1.2842
5610,3,4.172874687822188,5598.547734130502,28125.0590300476,211488.49535605995,,5.653160e-04,8.608382e-04,1.5228
5612,3,1.4066401887294073,5602.590534566942,28147.381962148338,211676.29362901486,,1.890948e-04,2.344129e-04,1.2397
5614,3,1.5883592561729192,5602.959098933852,28148.36025826515,211692.0416586129,,2.133735e-04,2.807657e-04,1.3158
5616,3,2.8807061055136125,5605.800576487411,28163.54488005049,211819.3930211159,,3.848845e-04,6.158304e-04,1.6000
5618,3,1.3462123303544007,5607.591108013394,28178.16487117187,211942.8659785184,,1.792460e-04,2.609002e-04,1.4555
5620,3,1.7667412992795555,5608.592369971348,28176.622189740006,211921.97760489324,,2.347946e-04,3.099018e-04,1.3199
5622,3,2.6434714850595507,5611.4355380493325,28195.262271464195,212076.25524710954,,3.493997e-04,4.714745e-04,1.3494
5624,3,1.4379322913236017,5612.9102716655725,28206.946974205293,212165.9938689679,,1.895201e-04,2.092499e-04,1.1041
5626,3,1.3836373964884097,5614.561544185865,28212.369963778863,212228.22498194766,,1.817912e-04,2.198448e-04,1.2093
5628,3,3.2175271270813584,5616.81266803891,28225.16305232202,212314.53936903534,,4.209219e-04,5.721263e-04,1.3592
5630,3,1.7635695330050658,5620.372008378215,28244.402210332515,212471.44574898435,,2.291474e-04,3.350647e-04,1.4622
5632,3,1.467026257437488,5621.004348033542,28249.582219181295,212520.38822722776,,1.903847e-04,2.582515e-04,1.3565
5634,3,2.649138090600943,5623.243474032124,28259.312163331833,212585.80450097763,,3.423279e-04,4.582308e-04,1.3386
5636,3,1.3212620280204581,5625.451857169699,28269.078107240668,212659.46095941242,,1.700182e-04,2.370616e-04,1.3943
5638,3,1.3207923301785434,5625.941715849242,28271.266931009934,212683.49968553285,,1.697988e-04,2.224936e-04,1.3103
5640,3,3.599104418246637,5628.626008874313,28289.104235106977,212839.87237597923,,4.603193e-04,6.462908e-04,1.4040
5642,3,1.7880244792843114,5632.459175473846,28308.45291566555,212989.17583748678,,2.270157e-04,3.297673e-04,1.4526
5644,3,1.4257321850059141,5632.360874919311,28310.61438893227,213006.8197880445,,1.810497e-04,3.006312e-04,1.6605
5646,3,2.643459454296304,5635.386962890533,28327.043826664623,213153.33200191567,,3.337476e-04,4.873669e-04,1.4603
5648,3,1.3240852374820404,5638.035041692036,28343.893043835367,213297.49316672725,,1.663250e-04,2.542784e-04,1.5288
5650,3,1.776291252248634,5637.763249157223,28339.70081650993,213232.82286089042,,2.232471e-04,2.807657e-04,1.2576
5652,3,2.657683697344817,5641.160295932587,28357.96109067629,213383.839783406,,3.318585e-04,4.304191e-04,1.2970
5654,3,1.4727793015843016,5643.167534259193,28371.354774232306,213495.91316072847,,1.831959e-04,2.291154e-04,1.2507
5656,3,1.600392280840896,5644.558838877342,28376.254634543493,213542.7702828397,,1.985421e-04,2.820901e-04,1.4208
5658,3,2.8373255088900864,5646.523595762775,28386.394624553108,213616.74158047372,,3.506742e-04,5.443146e-04,1.5522
5660,3,1.7666963897396653,5649.49745192822,28404.932583376794,213773.0807519599,,2.171111e-04,2.609002e-04,1.2017
5662,3,1.4074998618775996,5649.927459732895,28405.774754275033,213771.42508580026,,1.728278e-04,2.357372e-04,1.3640
5664,3,2.6869744083591884,5652.297722557111,28419.93537407869,213882.82747026283,,3.284411e-04,4.675014e-04,1.4234
5666,3,1.3207900123478167,5654.7549009311215,28434.677404967526,214020.57176673377,,1.606882e-04,2.330885e-04,1.4506
5668,3,1.4538142962405147,5654.788601228913,28433.54422187415,214012.96252385693,,1.768614e-04,2.860632e-04,1.6174
5670,3,4.225035621419965,5658.888013064883,28458.332440876908,214217.0039296039,,5.099700e-04,7.284016e-04,1.4283
5672,3,1.3221911332944376,5662.640919634248,28477.501645172284,214374.09206911552,,1.584501e-04,2.489809e-04,1.5714
5674,3,1.3207893543151479,5662.982176047755,28479.669540468338,214398.82192784615,,1.581786e-04,2.383860e-04,1.5071
5676,3,3.005614771335341,5665.54825998743,28493.800599407223,214515.39490700822,,3.581914e-04,5.231248e-04,1.4605
5678,3,1.4168806326378065,5668.001631760254,28506.814589200574,214614.05899702472,,1.680650e-04,2.251423e-04,1.3396
5680,3,1.7859450090543332,5668.97580741771,28512.974389615403,214674.03867093843,,2.114469e-04,3.046043e-04,1.4406
5682,3,2.643441599115931,5671.410111772065,28524.757182433714,214756.9023969639,,3.115177e-04,4.396897e-04,1.4114
5684,3,1.6430694083299866,5673.101834823988,28535.600877022283,214836.82090721244,,1.930015e-04,2.609002e-04,1.3518
5686,3,1.3207883707404457,5674.831743278154,28547.494068766937,214960.8157098643,,1.546311e-04,2.132230e-04,1.3789
5688,3,2.6749413836912117,5676.741500763854,28554.68679657537,214999.50769486788,,3.120299e-04,4.118780e-04,1.3200
5690,3,1.7635363264010437,5680.1571659039755,28575.922447910707,215187.76465726434,,2.043733e-04,2.238179e-04,1.0951
5692,3,1.321252782736451,5679.452630832525,28570.31228587824,215100.60057245608,,1.533254e-04,2.171961e-04,1.4166
5694,3,2.921279430943382,5682.698443471192,28585.472017217657,215232.60719158483,,3.369057e-04,5.244491e-04,1.5567
5696,3,1.3354997653913683,5685.568079223145,28603.06541959019,215396.84031558578,,1.531763e-04,1.973306e-04,1.2883
5698,3,1.810729552037128,5685.765500861548,28601.145243326508,215368.49463109745,,2.076071e-04,2.767926e-04,1.3333
5700,3,3.7279726071352637,5689.478194546346,28622.43793729464,215547.19034361112,,4.243995e-04,6.635076e-04,1.5634
5702,3,1.3207870657518976,5691.877381230254,28634.97194412411,215663.53080130884,,1.496726e-04,2.370616e-04,1.5839
5704,3,1.4308926057764662,5693.21109623393,28636.54842604078,215654.8206685202,,1.617400e-04,2.489809e-04,1.5394
5706,3,2.6490302705728355,5695.117316113044,28655.027219987373,215842.31092389135,,2.983326e-04,3.827419e-04,1.2829
5708,3,1.3212501745931733,5696.749091668944,28668.155807406245,215943.71976229758,,1.483325e-04,2.370616e-04,1.5982
5710,3,1.7635254131585971,5698.476114256522,28671.78189712283,215974.47666546865,,1.973364e-04,3.085774e-04,1.5637
5712,3,3.380028497135972,5701.350573055603,28690.36554687002,216125.5561927872,,3.761430e-04,5.112055e-04,1.3591
5714,3,1.320786091809919,5703.566940213929,28699.927885576217,216193.43678812822,,1.463617e-04,1.602483e-04,1.0949
5716,3,1.3212488760046668,5705.881112033622,28717.59305723121,216369.25405953368,,1.457635e-04,1.761407e-04,1.2084
5718,3,2.6434239692375177,5706.821112099215,28717.68578831856,216353.1887651746,,2.911106e-04,4.198242e-04,1.4421
5720,3,2.133856374454528,5709.686471116464,28731.544643091973,216443.68021549386,,2.337107e-04,3.151992e-04,1.3487
5722,3,1.3207854447863219,5711.094267336882,28746.158814972358,216580.9392901366,,1.442663e-04,2.052768e-04,1.4229
5724,3,2.6924246607088014,5713.060152407393,28751.046956118957,216612.2815856383,,2.929895e-04,4.237973e-04,1.4465
5726,3,1.5882812041210188,5715.982166783762,28766.185701946328,216730.67631355269,,1.718737e-04,2.423591e-04,1.4101
5728,3,1.3277830872400314,5715.709744956895,28762.689189478995,216713.65977015134,,1.437602e-04,1.840869e-04,1.2805
5730,3,3.53949192270632,5718.979761285308,28784.78485835476,216898.22298960117,,3.808278e-04,5.482877e-04,1.4397
5732,3,1.3212462897172847,5723.218529064904,28805.666562001312,217066.0880747365,,1.410111e-04,1.986550e-04,1.4088
5734,3,1.3725398205177852,5721.335731392566,28796.801914153788,216982.46836695896,,1.470133e-04,2.675220e-04,1.8197
5736,3,2.651789234962953,5724.683976258985,28816.43697960502,217154.0158049895,,2.822191e-04,4.198242e-04,1.4876
5738,3,1.4073722090695207,5727.100247188567,28832.372542548135,217277.18110674014,,1.490886e-04,1.814382e-04,1.2170
5740,3,2.1666849340615206,5727.78834572414,28832.905543746823,217287.50331431595,,2.292264e-04,3.655252e-04,1.5946
5742,3,3.042721126537012,5731.806336817866,28856.03855283757,217476.04681271967,,3.194410e-04,4.370409e-04,1.3681
5744,3,1.3240220172166908,5733.002275793632,28860.862556234333,217508.24110154662,,1.386860e-04,1.814382e-04,1.3083
5746,3,1.53637658960726,5735.608065846091,28876.191997394653,217644.8392829812,,1.601284e-04,2.013037e-04,1.2571
5748,3,2.646183211528752,5736.845222853997,28881.39071527286,217681.27414925687,,2.751472e-04,3.589033e-04,1.3044
5750,3,1.8442615807785563,5739.314589469037,28898.087606317855,217824.3896491739,,1.908582e-04,2.913606e-04,1.5266
5752,3,1.3221650872470079,5740.573177878939,28905.10202942802,217892.99299206716,,1.364985e-04,1.854113e-04,1.3583
5754,3,3.1922491361839738,5743.035757320333,28916.509304720566,217965.98171777895,,3.280169e-04,4.820694e-04,1.4696
5756,3,1.3212424372829483,5745.763016688132,28930.057660426002,218084.27385973296,,1.350573e-04,2.582515e-04,1.9122
5758,3,1.3207825554447623,5746.6464619856915,28936.280350506197,218140.3282108185,,1.347816e-04,1.986550e-04,1.4739
5760,3,3.520863017849971,5749.181311076682,28949.463788512592,218240.68509201007,,3.575554e-04,5.429903e-04,1.5186
5762,3,1.3733347493639942,5752.318969228462,28965.723240106367,218372.4295009794,,1.386325e-04,2.158717e-04,1.5572
5764,3,1.4783985540067708,5753.044500135614,28969.77671500764,218407.95499596154,,1.490312e-04,2.542784e-04,1.7062
5766,3,2.7317040655732536,5754.8493253501465,28977.469017784788,218474.1899870021,,2.744246e-04,3.522815e-04,1.2837
5768,3,1.600075371478353,5757.082834981191,28993.10183193052,218594.8606253107,,1.600548e-04,2.185205e-04,1.3653
5770,3,1.7634931289405071,5758.453309723308,29000.852740349426,218678.789682082,,1.759393e-04,1.854113e-04,1.0538
5772,3,2.963011994242573,5761.598419846599,29020.35545435901,218834.5884918454,,2.938363e-04,4.396897e-04,1.4964
5774,3,1.3207812828659033,5763.266065997547,29027.20443886479,218877.1785411889,,1.305633e-04,1.920331e-04,1.4708
5776,3,1.3979897276757238,5764.769106788569,29037.17330858806,218953.0954808822,,1.377979e-04,1.681945e-04,1.2206
5778,3,2.6657962849435495,5766.414842456215,29045.1853356906,219012.24245603537,,2.619386e-04,3.800932e-04,1.4511
5780,3,1.8777936095199845,5769.403134228596,29061.332506145005,219140.0467328943,,1.834585e-04,2.516296e-04,1.3716
5782,3,1.612184645015513,5770.863163719318,29072.258592043865,219240.88523427784,,1.570677e-04,2.066012e-04,1.3154
5784,3,2.651695996707091,5772.98180808426,29078.273231166288,219269.25699248395,,2.573027e-04,4.383653e-04,1.7037
5786,3,1.472647047695869,5774.647052853314,29089.24478101838,219371.10142132206,,1.424402e-04,2.609002e-04,1.8316
5788,3,1.3212373504699977,5775.53380035144,29094.906002593754,219425.67611360404,,1.275783e-04,1.999793e-04,1.5675
5790,3,3.5392968556397615,5778.674053137143,29113.31575219698,219564.8781666469,,3.397049e-04,4.714745e-04,1.3879
5792,3,1.3276997413680058,5781.744495222036,29131.68990647445,219725.91445833145,,1.266867e-04,1.734920e-04,1.3695
5794,3,1.320779702032839,5781.688170705717,29129.120459207777,219703.91967765224,,1.260410e-04,2.661977e-04,2.1120
5796,3,3.3196708454014012,5784.905391675565,29146.60904876935,219841.59644834689,,3.148498e-04,5.165029e-04,1.6405
5798,3,1.4468704873846652,5787.51789288853,29161.693979678665,219954.53779489204,,1.365420e-04,2.211692e-04,1.6198
5800,3,1.8256326759222072,5788.774446618257,29171.60611541326,220071.13272736102,,1.718703e-04,2.754682e-04,1.6028
5802,3,2.643383685422077,5791.52832780887,29184.726256179274,220163.40227659393,,2.475498e-04,3.363891e-04,1.3589
5804,3,1.3212348281269302,5792.598152714855,29190.223244843586,220188.73368113072,,1.234793e-04,1.668702e-04,1.3514
5806,3,1.320778758764299,5794.710892537013,29199.58205605418,220270.52119568497,,1.229397e-04,1.721676e-04,1.4004
5808,3,2.934052514874976,5795.851129821252,29208.191411948563,220350.50547472053,,2.725077e-04,3.800932e-04,1.3948
5810,3,2.1385982775088714,5799.833984947738,29229.649614940095,220524.58514567214,,1.971203e-04,2.158717e-04,1.0951
5812,3,1.3212335721704405,5800.148749262171,29234.80916933972,220589.9246728984,,1.217067e-04,1.575996e-04,1.2949
5814,3,2.982378085708211,5802.899579315057,29247.82504080935,220687.50592026315,,2.732847e-04,3.416866e-04,1.2503
5816,3,1.3221447677374547,5806.5062788256755,29267.65037127961,220856.02343155263,,1.203191e-04,1.734920e-04,1.4419
5818,3,1.3207778193895403,5804.497965846072,29255.273934226534,220732.54230646917,,1.206581e-04,1.920331e-04,1.5915
5820,3,3.557924733827339,5808.821279048563,29281.941064036026,220969.5564041453,,3.223490e-04,4.542577e-04,1.4092
5822,3,1.3738038531187178,5812.936833452874,29302.33109990865,221131.10614870142,,1.234918e-04,1.854113e-04,1.5014
5824,3,1.7284236633081675,5812.62273766069,29300.20466665795,221127.38524619542,,1.554623e-04,2.132230e-04,1.3715
5826,3,2.643372389562285,5815.231086866873,29313.772098493366,221226.2559487108,,2.365741e-04,3.787688e-04,1.6011
5828,3,1.3962043001818851,5817.163283215954,29330.058766800565,221375.80722893844,,1.244925e-04,2.066012e-04,1.6595
5830,3,1.9943886375620752,5818.502825086504,29331.468441738492,221376.42431914585,,1.773783e-04,2.436834e-04,1.3738
5832,3,2.6406472633874785,5821.295402611251,29349.941394200614,221522.23497599026,,2.336015e-04,3.337404e-04,1.4287
5834,3,1.3207765729052978,5822.315714577789,29358.747448694605,221586.5983361249,,1.166116e-04,1.695189e-04,1.4537
5836,3,1.3212298249893422,5824.299003705007,29365.170737344062,221658.66423806438,,1.162117e-04,1.589240e-04,1.3675
5838,3,3.191906473116543,5826.2834833699435,29378.3378782313,221759.40419231405,,2.796849e-04,4.476359e-04,1.6005
5840,3,1.7852263189098445,5829.553329983339,29395.07500246602,221884.62345000065,,1.554523e-04,2.344129e-04,1.5079
5842,3,1.3942617550685885,5831.013230355313,29410.114473615737,222045.75160186962,,1.210665e-04,2.238179e-04,1.8487
5844,3,2.646091896920236,5832.766252628779,29413.582004467386,222033.24745078787,,2.290012e-04,3.602277e-04,1.5730
5846,3,1.3756841401840518,5834.6383984907725,29421.902760069534,222109.1084847232,,1.186312e-04,1.893844e-04,1.5964
5848,3,1.4426950902409637,5835.6427245352525,29426.673206476637,222133.74067721365,,1.241714e-04,1.986550e-04,1.5998
5850,3,3.8409414740181504,5838.702072680249,29445.85774850093,222320.43431413439,,3.286538e-04,4.754476e-04,1.4467
5852,3,1.8639863035676318,5842.935763403083,29467.898973431496,222503.3610160193,,1.582077e-04,2.410347e-04,1.5235
5854,3,1.3207750243883354,5842.929381479857,29471.462837025723,222542.8602462517,,1.121020e-04,1.456803e-04,1.2995
5856,3,2.685403996665232,5845.4764202666265,29482.123267915555,222618.79261267994,,2.268209e-04,3.403622e-04,1.5006
5858,3,1.3830550575168237,5848.414584911589,29497.270117105552,222759.11311171416,,1.161644e-04,1.761407e-04,1.5163
5860,3,1.7664811017391608,5847.684306944057,29497.735949642818,222734.41385973064,,1.485738e-04,2.105743e-04,1.4173
5862,3,2.6433556195550554,5851.421797033009,29517.25879126388,222904.09687912517,,2.207419e-04,3.575790e-04,1.6199
5864,3,1.3221298199723899,5853.158931851032,29525.124316430007,222958.94437102834,,1.100430e-04,1.443559e-04,1.3118
5866,3,1.5881878504977927,5854.529787755216,29534.775992558276,223050.116612895,,1.318402e-04,1.748164e-04,1.3260
5868,3,2.657048799184916,5856.368359952365,29542.015534201222,223102.3615303931,,2.197973e-04,3.694983e-04,1.6811
5870,3,1.7634407935556264,5859.019169255462,29557.238999563557,223233.2456871284,,1.451376e-04,2.224936e-04,1.5330
5872,3,1.3239409567120781,5859.480741474064,29563.892172631113,223288.86387020207,,1.088674e-04,1.854113e-04,1.7031
5874,3,2.967777256425263,5862.113371331319,29576.74243738979,223390.45492249643,,2.428149e-04,3.880394e-04,1.5981
5876,3,1.453329206385246,5864.817408108127,29594.15339641455,223545.84682469265,,1.182925e-04,2.132230e-04,1.8025
5878,3,1.3207731800872338,5864.521722979474,29589.76116296425,223499.00080203815,,1.075651e-04,2.224936e-04,2.0685
5880,3,4.225035621419965,5868.965102015191,29616.603236333813,223735.63060716353,,3.411753e-04,5.231248e-04,1.5333
5882,3,1.416581144023848,5873.87114302323,29641.054681989302,223924.48058055068,,1.133225e-04,1.999793e-04,1.7647
5884,3,1.3212224224573155,5872.988250956145,29637.417084196637,223916.60731565574,,1.058723e-04,1.867357e-04,1.7638
5886,3,2.6653262097742774,5875.246287898379,29646.569086717278,223994.47807899548,,2.126598e-04,3.072530e-04,1.4448
5888,3,1.3831961855839172,5878.260327423949,29665.66890804776,224152.07091386212,,1.097262e-04,1.681945e-04,1.5329
5890,3,1.9282616933458259,5878.027751410756,29663.755468882715,224132.24936852072,,1.530336e-04,2.410347e-04,1.5750
5892,3,2.6460473600406225,5881.36654916361,29681.70725424583,224269.5200732348,,2.086627e-04,3.310916e-04,1.5867
5894,3,1.5881697144955718,5882.995134920985,29692.718134003157,224358.60611755244,,1.248497e-04,1.377341e-04,1.1032
5896,3,1.4895958921672954,5884.38109262405,29699.856723300447,224427.0320031475,,1.167907e-04,1.562752e-04,1.3381
5898,3,2.6433390546855287,5886.50233679842,29710.248184585427,224510.1329619541,,2.064106e-04,3.032799e-04,1.4693
5900,3,1.7913162722394589,5889.723826228313,29730.38650148625,224685.06408642136,,1.390179e-04,2.092499e-04,1.5052
5902,3,1.44675462188017,5889.416094951185,29730.94316510938,224674.5880873501,,1.123429e-04,1.774651e-04,1.5797
5904,3,2.708356167576901,5892.723331255177,29748.448046514157,224820.37146391932,,2.089822e-04,3.072530e-04,1.4702
5906,3,1.320771047360189,5895.058089400351,29761.16462745708,224942.94748548348,,1.014591e-04,1.734920e-04,1.7100
5908,3,1.5919691635733122,5894.959009761445,29756.22147395686,224870.4469303316,,1.223172e-04,1.814382e-04,1.4833
5910,3,3.5389187256338173,5898.605703432927,29780.382753582697,225085.25329331766,,2.700143e-04,4.290947e-04,1.5892
5912,3,1.322115115590203,5901.583630270357,29797.49878542461,225241.68512857295,,1.003021e-04,1.297879e-04,1.2940
5914,3,1.320770441721385,5901.993128395561,29798.402888079047,225241.88190532287,,1.001221e-04,1.470047e-04,1.4683
5916,3,2.9210122814755315,5904.411816447737,29813.453835900385,225366.37786191303,,2.204059e-04,2.966581e-04,1.3460
5918,3,1.4725207378024223,5906.870643245883,29831.220325522445,225529.26758580905,,1.105863e-04,1.827626e-04,1.6527
5920,3,1.810729552037128,5907.277766016115,29830.285551728637,225500.8985217369,,1.358815e-04,2.198448e-04,1.6179
5922,3,3.2391939764219733,5911.207027750049,29853.93846617166,225705.98050127248,,2.412545e-04,3.549302e-04,1.4712
5924,3,1.3212163454406585,5913.102513555161,29862.344939340655,225756.0426918387,,9.804842e-05,1.244904e-04,1.2697
5926,3,1.3207695363312582,5914.906767373931,29875.159275960857,225876.55255134258,,9.767645e-05,1.483290e-04,1.5186
5928,3,3.0501594058379426,5916.422592669092,29881.353401185992,225933.42808426003,,2.249206e-04,4.092292e-04,1.8194
5930,3,1.763410242442625,5919.801845157936,29897.873024410896,226055.12969390524,,1.291979e-04,2.238179e-04,1.7324
5932,3,1.3212151398852947,5920.419880942659,29909.52806561822,226169.75651294977,,9.668271e-05,1.443559e-04,1.4931
5934,3,2.8338653558304645,5922.551628969295,29916.220568396122,226216.31767815884,,2.065338e-04,3.628764e-04,1.7570
5936,3,1.6154547964252808,5925.344853779403,29930.86414416409,226345.01071629682,,1.171081e-04,1.986550e-04,1.6963
5938,3,1.320768634602972,5925.061022146753,29929.120083326423,226320.7668805212,,9.579766e-05,1.377341e-04,1.4378
5940,3,3.912070019833301,5929.313113872406,29954.695143347766,226550.53126498932,,2.814479e-04,5.125298e-04,1.8210
5942,3,1.3207683348367818,5933.725480448616,29977.450125584375,226733.12036114253,,9.422237e-05,1.496534e-04,1.5883
5944,3,1.3221054449618819,5932.148190737438,29971.93434379208,226694.98119296005,,9.460173e-05,1.377341e-04,1.4559
5946,3,2.6433172808428753,5935.087246087432,29985.98772236689,226807.92723200322,,1.880804e-04,2.820901e-04,1.4998
5948,3,1.3212127385164285,5937.917034424511,30001.281267271115,226937.30435649012,,9.350093e-05,1.072737e-04,1.1473
5950,3,2.2533523314239816,5938.257055943396,30001.97917685048,226922.9267032037,,1.593645e-04,2.582515e-04,1.6205
5952,3,2.7317040655732536,5941.866264802586,30021.93893088599,227084.61117739914,,1.918655e-04,3.390378e-04,1.7671
5954,3,1.4466982203900962,5942.84754136872,30026.248596068228,227124.35400543938,,1.014209e-04,1.575996e-04,1.5539
5956,3,1.3212115426767208,5945.303443992007,30042.881235737645,227265.15411543954,,9.218841e-05,1.178686e-04,1.2786
5958,3,2.64867354686282,5946.458111506706,30046.90570733618,227291.19265959898,,1.844067e-04,2.781170e-04,1.5082
5960,3,1.7724072334754957,5949.1142326511945,30062.779859672028,227431.83756060537,,1.227729e-04,2.066012e-04,1.6828
5962,3,1.4724798866472928,5950.186678479885,30070.491672893655,227491.99661592103,,1.017875e-04,1.708433e-04,1.6784
5964,3,3.2147010162978,5952.8673134080245,30082.823953790106,227578.18471367008,,2.210864e-04,3.522815e-04,1.5934
5966,3,1.4070090162413735,5955.415196603848,30096.051066239834,227686.61807244786,,9.629471e-05,1.787895e-04,1.8567
5968,3,1.3238824554988435,5956.524527693583,30104.393596158636,227763.32083589226,,9.041274e-05,1.350854e-04,1.4941
5970,3,3.5387354189558087,5959.110088205795,30116.628814433465,227863.69205648126,,2.404822e-04,3.774444e-04,1.5695
5972,3,1.3212091606217697,5962.188441158028,30134.088385771433,228011.8728513035,,8.925810e-05,1.562752e-04,1.7508
5974,3,1.3827811852282064,5963.206953512466,30140.640144387296,228063.84055977454,,9.323559e-05,1.681945e-04,1.8040
5976,3,2.673247846886089,5964.44326600614,30144.783043790314,228094.38376759266,,1.798226e-04,2.688464e-04,1.4951
5978,3,1.6112423979991393,5967.1293925558675,30163.86776356674,228264.330078497,,1.078269e-04,1.324366e-04,1.2282
5980,3,2.0119217244856977,5968.369285987123,30168.042889006956,228275.23394750495,,1.343233e-04,2.013037e-04,1.4987
5982,3,2.643301180235104,5971.470880144497,30187.10289968585,228446.7079121418,,1.754310e-04,2.953337e-04,1.6835
5984,3,1.5648280079333206,5973.242516252614,30195.281463122883,228502.47410511467,,1.035039e-04,1.456803e-04,1.4075
5986,3,1.3732510145460342,5974.514906430469,30203.08022426313,228551.8041215329,,9.061114e-05,1.231661e-04,1.3593
5988,3,2.6459604369556624,5976.367253224191,30214.41745457639,228662.21530858616,,1.739698e-04,2.609002e-04,1.4997
5990,3,1.7633803054223474,5979.3562140606255,30229.4519160924,228788.07325792706,,1.152803e-04,1.642214e-04,1.4245
5992,3,1.5994777709661296,5980.354243863084,30235.932431996098,228827.44841993766,,1.043654e-04,1.562752e-04,1.4974
5994,3,2.716094328055692,5982.8845612313135,30246.712750290102,228908.410797884,,1.763703e-04,2.622246e-04,1.4868
5996,3,1.3212056114076294,5984.076849293055,30254.195919033737,229006.29014463176,,8.559706e-05,1.403828e-04,1.6400
5998,3,1.3207641801193961,5985.270745858204,30260.15865120455,229026.21137737768,,8.537342e-05,1.615727e-04,1.8925
6000,3,3.520863017849971,5988.072102171281,30280.03618801579,229210.19136320436,,2.263662e-04,3.443353e-04,1.5211
6002,3,1.3207638863225133,5990.270175921319,30295.867695368015,229353.60097119832,,8.455811e-05,1.655458e-04,1.9578
6004,3,1.4161454384247592,5992.163956623672,30301.749248333592,229395.30573960082,,9.033821e-05,2.079255e-04,2.3016
6006,3,3.8409414740181504,5994.9851822736355,30318.353575917823,229536.03287849878,,2.436999e-04,4.410140e-04,1.8097
6008,3,1.3220864135785104,5997.4473072698875,30335.005965737506,229670.0293572693,,8.348850e-05,1.430316e-04,1.7132
6010,3,1.7633704596911375,5999.73239762974,30345.31984117474,229760.26596263677,,1.108703e-04,1.470047e-04,1.3259
6012,3,2.6566511861958872,6001.527231356156,30354.63392191769,229839.71517534557,,1.664622e-04,2.582515e-04,1.5514
6014,3,1.3802294226054332,6002.790155492667,30365.585960144355,229919.91674659535,,8.627333e-05,1.350854e-04,1.5658
6016,3,1.349664156842489,6005.871952565594,30375.652349667875,229990.34243432575,,8.386894e-05,1.284635e-04,1.5317
6018,3,2.8661060355831345,6006.16566549141,30379.709378119293,230024.21796406875,,1.779999e-04,3.099018e-04,1.7410
6020,3,2.1640426353614455,6009.596302183289,30400.013239993837,230205.0764819663,,1.335182e-04,2.185205e-04,1.6366
6022,3,1.3207624231964623,6010.669429257128,30402.380102422463,230215.59461075012,,8.132295e-05,1.350854e-04,1.6611
6024,3,2.6512522724773877,6013.182605901575,30420.41515752745,230374.70169734122,,1.624593e-04,2.993068e-04,1.8424
6026,3,1.3939186366349554,6016.335200685448,30435.370141056028,230504.75036307052,,8.490142e-05,1.655458e-04,1.9499
6028,3,1.4778931186036917,6014.829241924301,30426.963569787018,230413.889013614,,9.027597e-05,1.681945e-04,1.8631
6030,3,3.575030141201509,6018.996086492758,30451.04813403861,230620.0204181921,,2.166430e-04,3.496328e-04,1.6139
6032,3,1.4936994621181696,6022.480040740362,30467.89488184545,230751.13499604329,,8.991596e-05,1.033006e-04,1.1489
6034,3,1.5880815709882736,6023.002210374574,30471.490855669104,230795.48995502538,,9.550174e-05,1.496534e-04,1.5670
6036,3,2.6459180164082117,6025.689629592021,30484.207875820004,230904.30285320367,,1.583015e-04,3.099018e-04,1.9577
6038,3,1.3207612596790537,6026.927995809083,30496.001985865627,231012.09619369064,,7.883082e-05,1.231661e-04,1.5624
6040,3,1.7722464854949518,6028.392026265447,30500.83966307923,231039.73110836692,,1.054835e-04,1.801138e-04,1.7075
6042,3,2.850802581926966,6031.06820395054,30516.471830881852,231173.10467940837,,1.688116e-04,2.701708e-04,1.6004
6044,3,1.3211985976524494,6032.5225394458275,30528.76243708745,231263.41549958955,,7.801677e-05,1.218417e-04,1.5617
6046,3,1.3207606802312082,6034.530702119296,30535.242055498842,231320.67352831262,,7.769311e-05,1.443559e-04,1.8580
6048,3,3.168776716064974,6036.23641755199,30545.876895606758,231404.3651491465,,1.857936e-04,3.271185e-04,1.7607
6050,3,1.9560350099166506,6039.943023232198,30566.641003106273,231576.91100249844,,1.138768e-04,2.013037e-04,1.7677
6052,3,1.4245330830841263,6040.596809093812,30573.577166724503,231651.36816370755,,8.282900e-05,1.496534e-04,1.8068
6054,3,2.643269554612292,6043.019595169604,30584.819762850322,231716.1430580858,,1.529824e-04,2.794413e-04,1.8266
6056,3,1.32207240471585,6045.629121014715,30594.3868424918,231799.4055645656,,7.613677e-05,1.840869e-04,2.4178
6058,3,1.4465883473574852,6045.438817598221,30595.501407422114,231788.01450834228,,8.333721e-05,1.496534e-04,1.7958
6060,3,3.5564272907575467,6048.727556467876,30614.038579702927,231958.94691430373,,2.035984e-04,3.549302e-04,1.7433
6062,3,1.5880644331091285,6052.152050808803,30630.621900526592,232099.65078616302,,9.032055e-05,1.337610e-04,1.4810
6064,3,1.323825816393192,6052.135764901797,30635.126638801332,232136.05167130046,,7.529317e-05,1.218417e-04,1.6182
6066,3,2.6485297925319187,6054.671382905289,30647.63853173079,232251.43140815874,,1.499080e-04,2.224936e-04,1.4842
6068,3,1.3928688861824061,6057.200275207293,30664.15941780792,232405.3285298924,,7.845573e-05,1.390585e-04,1.7724
6070,3,1.763341313071969,6057.193400151283,30664.30681867187,232386.87048292093,,9.932448e-05,1.430316e-04,1.4400
6072,3,3.073769301297594,6060.913352905373,30685.523679210117,232564.15689617564,,1.719091e-04,2.569271e-04,1.4946
6074,3,1.320758664191826,6062.985915559187,30696.513833502544,232638.53704035142,,7.357489e-05,8.343509e-05,1.1340
6076,3,1.639022439343952,6065.0192427116,30709.01029567727,232755.43544418394,,9.094930e-05,1.575996e-04,1.7328
6078,3,2.643259179572827,6066.195826684377,30712.085491585804,232772.5795637855,,1.463464e-04,2.463322e-04,1.6832
6080,3,1.8639863035676318,6068.894763395947,30730.697757482776,232938.51553917868,,1.026683e-04,1.708433e-04,1.6640
6082,3,1.3207580915922892,6069.8205219688225,30736.9244025594,232981.70479200166,,7.261825e-05,1.523021e-04,2.0973
6084,3,2.8807061055136125,6072.193782399471,30748.703364352194,233075.09619770982,,1.576708e-04,2.675220e-04,1.6967
6086,3,1.4163019597227002,6075.168996802617,30767.72588942026,233258.70189940606,,7.707824e-05,1.430316e-04,1.8557
6088,3,1.3220631885207401,6074.466229582465,30760.8466710407,233174.2705113415,,7.204717e-05,1.138955e-04,1.5808
6090,3,4.381518422213297,6079.0324076889565,30788.38028325536,233413.87885598364,,2.366962e-04,4.012830e-04,1.6954
6092,3,1.3211916945679625,6083.720211131825,30811.859064652588,233595.0391773643,,7.073605e-05,1.575996e-04,2.2280
6094,3,1.4723608983736243,6083.4627031394575,30811.96604758317,233609.44946447338,,7.886799e-05,1.430316e-04,1.8136
6096,3,2.6617724414945783,6085.716771940879,30821.41184976312,233691.74410505587,,1.419675e-04,2.238179e-04,1.5765
6098,3,1.3207569509033532,6087.756860170946,30833.848425706972,233790.75350478655,,7.016878e-05,1.085981e-04,1.5477
6100,3,1.7902693311101547,6088.816321230085,30839.03318376755,233826.2087886996,,9.492052e-05,1.615727e-04,1.7022
6102,3,2.664436878372951,6091.407196460083,30852.866238609175,233936.53362205002,,1.405707e-04,2.105743e-04,1.4980
6104,3,1.5991957258645664,6092.593111210008,30859.727146753798,233993.97032596054,,8.417927e-05,1.297879e-04,1.5418
6106,3,1.372128482566134,6094.818907687337,30871.88418829332,234088.2424852166,,7.191988e-05,7.946199e-05,1.1049
6108,3,2.6458556406328184,6096.109612324301,30879.233309425053,234160.53760062568,,1.383399e-04,2.092499e-04,1.5126
6110,3,1.9631478644981657,6099.843965648679,30904.21267904747,234383.47650020092,,1.019117e-04,1.668702e-04,1.6374
6112,3,1.32730947101487,6099.437762697057,30898.674596472905,234298.6669598629,,6.895825e-05,1.006519e-04,1.4596
6114,3,2.64324377003781,6102.556945900125,30915.59167670164,234456.87625812856,,1.365085e-04,2.794413e-04,2.0471
6116,3,1.477734478294696,6105.876085394142,30936.13736975125,234639.06340692897,,7.583282e-05,1.297879e-04,1.7115
6118,3,1.7574728005066242,6104.7567994902365,30926.05178342765,234542.7580253599,,9.038278e-05,1.681945e-04,1.8609
6120,3,3.755587219039969,6109.294588283482,30952.857488235582,234761.98128740402,,1.914703e-04,3.774444e-04,1.9713
6122,3,1.3207552510568297,6112.599477870834,30971.36611691361,234919.37489854975,,6.691125e-05,1.231661e-04,1.8407
6124,3,1.3211871527085814,6112.246885104856,30967.033039201335,234893.33421218477,,6.697888e-05,1.271392e-04,1.8982
6126,3,2.6432386738520393,6114.923816028718,30984.019483929507,235024.03724759666,,1.333159e-04,2.516296e-04,1.8875
6128,3,1.3237890480498906,6116.672170732463,30998.296515989252,235155.61122179095,,6.654328e-05,1.125712e-04,1.6917
6130,3,1.7633127388904928,6117.273709674412,30999.53601802126,235160.37583646624,,8.853565e-05,1.615727e-04,1.8249
6132,3,3.21340737403772,6121.07741562234,31021.38308076326,235341.76752878423,,1.601742e-04,2.754682e-04,1.7198
6134,3,1.3207544061249605,6123.045330343039,31031.10940601933,235406.85545261792,,6.558663e-05,1.297879e-04,1.9789
6136,3,1.4656224045595574,6124.9911409101505,31042.639056552835,235512.533980612,,7.250987e-05,1.059493e-04,1.4612
6138,3,3.035226739525837,6126.732948121903,31051.366284296302,235589.56808640377,,1.496650e-04,2.754682e-04,1.8406
6140,3,1.7662034155116249,6129.668510272561,31067.618794854116,235711.959358437,,8.660248e-05,1.456803e-04,1.6822
6142,3,1.3748131783985602,6131.12415924891,31077.83889253865,235808.14228121666,,6.722336e-05,1.430316e-04,2.1277
6144,3,2.6406472633874785,6132.444141867339,31082.738974171465,235832.17948212894,,1.287935e-04,2.489809e-04,1.9332
6146,3,1.5880139606824468,6135.2434666459785,31098.397774617377,235972.465280083,,7.703910e-05,1.642214e-04,2.1317
6148,3,1.3960720462934526,6135.476455010059,31098.258462541213,235956.73262733786,,6.769762e-05,1.496534e-04,2.2106
6150,3,3.611141556769201,6138.961396566805,31119.967065990728,236146.48466430412,,1.739443e-04,2.979825e-04,1.7131
6152,3,1.3220450445121144,6142.815115084501,31141.053022667595,236328.36017032698,,6.321351e-05,9.535439e-05,1.5084
6154,3,1.4162130574592062,6141.765254105005,31134.068769158977,236260.76777038185,,6.785261e-05,1.549509e-04,2.2836
6156,3,2.7959794553514477,6145.019070867723,31152.48030372056,236417.36074419587,,1.331274e-04,2.264667e-04,1.7011
6158,3,1.3207527261466783,6146.7265890811195,31161.774458690026,236511.42513243464,,6.268104e-05,9.270565e-05,1.4790
6160,3,2.3472420118999806,6149.034881011104,31173.130520018058,236582.17021148,,1.109064e-04,1.748164e-04,1.5763
6162,3,2.918117873117686,6152.285458995219,31189.92389650137,236719.30058936268,,1.370258e-04,2.304398e-04,1.6817
6164,3,1.4044761269005928,6152.054642558418,31188.506736715277,236723.1838480591,,6.597901e-05,1.311123e-04,1.9872
6166,3,1.3207521690620265,6156.251611428251,31210.222958291983,236900.57259072506,,6.154992e-05,1.059493e-04,1.7214
6168,3,2.651002742851743,6156.643190150901,31214.45849681765,236942.28616212084,,1.234490e-04,2.105743e-04,1.7058
6170,3,1.7632939991834002,6158.299777869251,31226.94872168603,237047.03074829973,,8.185030e-05,1.589240e-04,1.9416
6172,3,1.321180428339874,6161.122156821024,31242.080451415397,237179.53484273507,,6.099764e-05,8.873255e-05,1.4547
6174,3,3.168776716064974,6162.655314933541,31249.486773260713,237224.20464462103,,1.458714e-04,2.569271e-04,1.7613
6176,3,1.3272363208649105,6165.048680494346,31261.714619781676,237319.12280153882,,6.081905e-05,1.231661e-04,2.0251
6178,3,1.3207513361419716,6167.227480445522,31276.252107746426,237446.75162257365,,6.026954e-05,1.019762e-04,1.6920
6180,3,3.555723047729674,6168.912571115149,31283.552606184014,237513.31484375193,,1.617363e-04,2.926850e-04,1.8096
6182,3,1.4722844160662962,6171.7096089987335,31298.914523210155,237632.822737898,,6.661120e-05,1.496534e-04,2.2467
6184,3,1.3220361137063121,6173.41388532479,31308.15328967782,237712.69124990478,,5.961876e-05,1.324366e-04,2.2214
6186,3,2.643213490076873,6174.570232272612,31312.32696654187,237744.6246991784,,1.189363e-04,1.960062e-04,1.6480
6188,3,1.843651907528712,6176.824128140765,31326.002272288642,237859.45802679527,,8.260118e-05,1.271392e-04,1.5392
6190,3,1.7632847204467441,6178.139586903324,31335.043144650263,237941.3886784488,,7.880138e-05,1.112468e-04,1.4117
6192,3,2.705053294201807,6181.36131015852,31354.356956039803,238100.13969323237,,1.201455e-04,2.304398e-04,1.9180
6194,3,1.4066728936861321,6183.313318743484,31366.447224106796,238201.55864438048,,6.224446e-05,6.224522e-05,1.0000
6196,3,1.3211771052759587,6183.893880732331,31369.52092764648,238233.12063986872,,5.839644e-05,1.085981e-04,1.8597
6198,3,2.643208511945565,6186.072847880502,31381.11189577433,238308.81963712018,,1.163448e-04,1.774651e-04,1.5253
6200,3,1.8211360437155022,6189.430681338404,31398.357035968325,238442.09375875813,,7.964704e-05,1.628971e-04,2.0452
6202,3,1.58798107539764,6189.531459117132,31400.525791654847,238474.37886794977,,6.943624e-05,9.403002e-05,1.3542
6204,3,2.9992536818721978,6192.6328128552195,31415.289917510734,238580.68470950337,,1.303709e-04,2.264667e-04,1.7371
6206,3,1.3822647403410997,6194.841191334322,31428.4365470117,238690.01028142884,,5.983043e-05,1.046250e-04,1.7487
6208,3,1.334221775185252,6195.289187653307,31432.678772057985,238740.31719485327,,5.770106e-05,9.403002e-05,1.6296
6210,3,3.6885231615571126,6198.593884582889,31451.449301359717,238892.60217941075,,1.585117e-04,2.622246e-04,1.6543
6212,3,1.321174904183548,6201.807332090944,31472.392414170048,239076.00869340732,,5.642788e-05,9.270565e-05,1.6429
6214,3,1.4464304917979742,6202.10994362288,31469.003829326357,239036.82777790749,,6.174297e-05,1.562752e-04,2.5311
6216,3,3.2593131936668303,6205.14273368502,31486.451085355453,239190.8869739823,,1.383231e-04,2.450078e-04,1.7713
6218,3,1.3207485829752628,6207.6550350741,31503.328367279242,239337.87587676608,,5.578229e-05,1.072737e-04,1.9231
6220,3,1.7661286982742572,6208.749995793133,31506.431418817156,239369.2324185228,,7.443776e-05,1.231661e-04,1.6546
6222,3,2.8644309297762476,6211.555490338172,31524.121176437136,239519.8798285781,,1.200811e-04,2.410347e-04,2.0073
6224,3,1.323735320664524,6212.929720733514,31533.338385721243,239566.8327885019,,5.534684e-05,7.019142e-05,1.2682
6226,3,1.472246991449721,6215.168539855028,31538.934068950504,239628.99534177326,,6.129465e-05,1.059493e-04,1.7285
6228,3,2.656089645044715,6216.011929948986,31548.358215941684,239695.36461740697,,1.104018e-04,2.105743e-04,1.9073
6230,3,2.1367996246261893,6219.558641608487,31567.563433028077,239856.41088771136,,8.821668e-05,1.231661e-04,1.3962
6232,3,1.4338356181289476,6220.928066622273,31575.80344776041,239947.37731142883,,5.904011e-05,9.932749e-05,1.6824
6234,3,2.643193692763937,6222.867297252733,31586.752115087907,240023.09057605907,,1.084339e-04,1.920331e-04,1.7710
6236,3,1.3211716237500615,6225.704312762276,31603.799245987153,240155.46537105224,,5.390581e-05,1.019762e-04,1.8917
6238,3,1.3207472196410261,6224.709861594021,31595.45537030569,240072.68320842614,,5.399170e-05,1.085981e-04,2.0114
6240,3,3.8409414740181504,6228.730724620112,31619.674185757063,240286.86050541783,,1.558118e-04,2.781170e-04,1.7850
6242,3,1.3207469480232337,6232.524275215518,31641.745828949377,240472.1847941215,,5.318979e-05,9.005692e-05,1.6931
6244,3,1.5915575361231318,6232.923163962972,31640.161796168668,240446.67611527894,,6.404799e-05,1.403828e-04,2.1918
6246,3,2.6483013134262827,6235.284654054028,31650.625146210372,240531.77627976052,,1.060944e-04,1.946819e-04,1.8350
6248,3,1.4882875075452777,6236.977775978456,31666.156546939328,240673.83802437564,,5.942853e-05,1.138955e-04,1.9165
6250,3,1.7604315089249856,6238.1494203665725,31667.56245458165,240684.43283619575,,7.013934e-05,1.165443e-04,1.6616
6252,3,2.645735215725412,6241.013371970214,31685.498095238127,240830.37252050554,,1.048349e-04,1.695189e-04,1.6170
6254,3,1.3698300905360568,6242.167099117736,31695.157589366536,240900.5907419672,,5.415794e-05,9.270565e-05,1.7118
6256,3,1.475409264622845,6243.783569692078,31701.35777582171,240974.27500408073,,5.815257e-05,7.681326e-05,1.3209
6258,3,3.190333020255892,6246.161336325584,31716.790577712065,241091.37713709968,,1.251737e-04,2.304398e-04,1.8410
6260,3,1.7660920604006285,6249.479190758236,31733.567140375475,241225.5895121439,,6.885502e-05,1.417072e-04,2.0581
6262,3,1.3796485179662896,6250.837538301937,31746.375691851532,241361.86891016903,,5.364800e-05,9.535439e-05,1.7774
6264,3,2.7384490138833106,6252.577572689089,31753.350131101375,241399.41974088582,,1.061324e-04,2.238179e-04,2.1089
6266,3,1.4463796345675042,6254.574948975228,31762.58902689565,241471.4973331223,,5.584299e-05,1.152199e-04,2.0633
6268,3,1.3211672889663868,6255.434272751892,31767.366333126934,241511.30912963202,,5.092489e-05,1.046250e-04,2.0545
6270,3,4.142191785705848,6258.99639803669,31788.859910645086,241699.30397685623,,1.585767e-04,3.046043e-04,1.9209
6272,3,1.584388358032487,6263.1643817759095,31809.89305102747,241869.7633937377,,6.017423e-05,9.800312e-05,1.6287
6274,3,1.3207447875571183,6263.225705912742,31811.954614265433,241894.16320801276,,5.015499e-05,8.078636e-05,1.6107
6276,3,2.64571568423851,6265.495034336288,31822.826094385695,241990.57329304644,,1.000357e-04,1.946819e-04,1.9461
6278,3,1.3715763181868317,6268.424481588259,31840.581332712514,242141.77373462587,,5.156977e-05,8.475946e-05,1.6436
6280,3,1.7717891315632113,6267.786598582392,31836.511986188925,242087.25930917822,,6.669884e-05,1.165443e-04,1.7473
6282,3,2.6482571978640994,6271.348487438412,31855.386094578425,242240.6886535164,,9.901655e-05,1.973306e-04,1.9929
6284,3,1.3211651381511602,6272.954709245215,31864.700690330894,242301.32409448354,,4.924582e-05,7.284016e-05,1.4791
6286,3,1.587932851003477,6274.916941634249,31874.527290146274,242411.01074022026,,5.896785e-05,9.667875e-05,1.6395
6288,3,2.6611173972121875,6276.132109118181,31880.45514964359,242441.0268517069,,9.859133e-05,1.774651e-04,1.8000
6290,3,1.9314448555062698,6279.0470939257575,31899.05317346453,242604.80796424797,,7.115914e-05,1.191930e-04,1.6750
6292,3,1.600392280840896,6280.186366929048,31905.40730708455,242668.08840155974,,5.883395e-05,1.006519e-04,1.7108
6294,3,2.643169371566454,6282.35698164848,31918.330967278172,242748.65577230524,,9.676569e-05,1.814382e-04,1.8750
6296,3,1.322005572625833,6284.554876208054,31932.434442492562,242881.34049908345,,4.819479e-05,1.284635e-04,2.6655
6298,3,1.3704282207939118,6284.928734198186,31933.25997024439,242886.67026567378,,4.992458e-05,9.138129e-05,1.8304
6300,3,4.225035621419965,6288.924434545623,31956.183842680275,243080.03856411096,,1.527449e-04,3.125505e-04,2.0462
6302,3,1.3934420832549093,6292.901727326439,31976.49380360993,243233.75104562187,,4.999458e-05,1.046250e-04,2.0927
6304,3,1.3270945221126813,6293.208120975716,31979.82473137474,243285.5600804448,,4.758593e-05,8.608382e-05,1.8090
6306,3,2.6431645629712603,6295.349715857239,31991.467975968597,243369.97357473787,,9.438906e-05,1.681945e-04,1.7819
6308,3,1.4152488601161648,6297.47459103837,32001.090438908595,243425.29026184746,,5.033475e-05,9.932749e-05,1.9733
6310,3,1.7632302871585706,6298.56938909809,32009.47161593628,243521.9741990637,,6.257929e-05,1.231661e-04,1.9682
6312,3,2.6507646858525646,6301.2556094511465,32020.348352011293,243585.20336952567,,9.359807e-05,1.695189e-04,1.8111
6314,3,1.8055707783846004,6302.833433390943,32029.39574951147,243652.96411109745,,6.356215e-05,8.211072e-05,1.2918
6316,3,1.3211608692534689,6304.3390560004445,32041.016137777053,243778.92183007742,,4.637493e-05,7.548889e-05,1.6278
6318,3,2.8807061055136125,6306.554896480673,32050.927396228482,243844.32396431253,,1.006906e-04,2.013037e-04,1.9992
6320,3,1.7832942557941411,6310.664995661686,32073.22060169552,244033.32411025898,,6.184409e-05,1.033006e-04,1.6703
6322,3,1.3820209976607363,6309.500785633396,32068.129851127545,243981.38000527045,,4.803471e-05,1.059493e-04,2.2057
6324,3,2.9138176699448035,6312.977661644946,32085.094820499424,244127.91865751363,,1.006045e-04,1.509778e-04,1.5007
6326,3,1.320741323446885,6315.899104755961,32100.108601992604,244253.88808617517,,4.534681e-05,7.548889e-05,1.6647
6328,3,1.5986621270237706,6314.909663955982,32095.55576256598,244212.30556735152,,5.499288e-05,9.800312e-05,1.7821
6330,3,3.5377092523851386,6319.054985248544,32120.348221867916,244430.5941584779,,1.207325e-04,2.330885e-04,1.9306
6332,3,1.3211587510053735,6322.308211684348,32138.06994445906,244583.05199917444,,4.480784e-05,8.608382e-05,1.9212
6334,3,1.3207407955584134,6321.762878919153,32133.898895080987,244558.08679247156,,4.484062e-05,9.932749e-05,2.2151
6336,3,2.934052514874976,6324.582139729659,32152.309204980065,244702.94899980264,,9.907741e-05,1.933575e-04,1.9516
6338,3,1.3207405321142298,6327.270179064572,32170.48238081667,244856.34984597692,,4.436958e-05,9.535439e-05,2.1491
6340,3,1.7660201803818902,6327.583770573104,32169.065314763822,244837.81460723502,,5.929360e-05,1.244904e-04,2.0996
6342,3,3.1900436738909135,6331.341149717878,32191.813469913133,245041.50849748767,,1.063367e-04,1.973306e-04,1.8557
6344,3,1.4647658163628539,6333.997370475666,32204.79663914192,245114.31860206265,,4.857920e-05,8.608382e-05,1.7720
6346,3,1.4064623926919404,6334.920049100431,32212.473633555815,245214.4961994873,,4.656283e-05,6.224522e-05,1.3368
6348,3,2.7663923711678344,6336.77451360872,32219.13457294229,245250.4357719693,,9.126194e-05,1.933575e-04,2.1187
6350,3,1.7745149609963855,6340.143773759595,32237.23255844727,245379.05855202983,,5.816432e-05,8.873255e-05,1.5255
6352,3,1.3236662231663816,6340.513480252739,32243.526905490668,245465.44895206,,4.335522e-05,7.946199e-05,1.8328
6354,3,2.648170474964081,6342.401992627456,32247.102587159232,245452.1109487801,,8.642722e-05,1.562752e-04,1.8082
6356,3,1.591430084068187,6345.324635047047,32264.6297639078,245612.1912562412,,5.164892e-05,1.125712e-04,2.1795
6358,3,1.5648280079333206,6344.716123495562,32262.381549573987,245609.63041250015,,5.084452e-05,1.072737e-04,2.1098
6360,3,3.589899547611735,6348.983652930564,32287.40998178731,245814.5672354845,,1.156941e-04,2.052768e-04,1.7743
6362,3,1.3207389584102203,6352.7618565752455,32307.478884651056,245976.58203292402,,4.225787e-05,5.827213e-05,1.3790
6364,3,1.3911702655895009,6351.451118281968,32303.600068401385,245965.485998022,,4.462259e-05,1.059493e-04,2.3743
6366,3,2.643140792436947,6354.559367452837,32320.690681160522,246097.79736639882,,8.427758e-05,1.880600e-04,2.2314
6368,3,1.3270257821084281,6356.860110558058,32333.06625818661,246207.71366425513,,4.212692e-05,6.489396e-05,1.5404
6370,3,2.3045648844108904,6358.51881922279,32340.935735936266,246260.42663706583,,7.292778e-05,1.138955e-04,1.5618
6372,3,2.6869744083591884,6361.5849169867315,32357.809543458552,246390.48760149052,,8.453175e-05,1.509778e-04,1.7860
6374,3,1.320738176005103,6362.039081198889,32358.640293813398,246395.17638903053,,4.151436e-05,6.754269e-05,1.6270
6376,3,1.3219844161361212,6365.083945449742,32377.27401972131,246560.09118078885,,4.131186e-05,5.165029e-05,1.2503
6378,3,2.6431360920994362,6365.703716078761,32380.815953581576,246596.77351597892,,8.249977e-05,1.708433e-04,2.0708
6380,3,2.0284807510246745,6368.188741967675,32397.302154537792,246734.42341185806,,6.301366e-05,1.112468e-04,1.7654
6382,3,1.3207376560373245,6370.029267965938,32407.761376364673,246817.43543109432,,4.088373e-05,9.138129e-05,2.2352
6384,3,3.355175346421737,6372.659783118667,32420.73688427137,246926.3877284368,,1.033393e-04,2.224936e-04,2.1530
6386,3,1.3793753202399597,6375.361516948771,32437.22311749528,247080.25936125338,,4.226543e-05,1.033006e-04,2.4441
6388,3,1.321151420804519,6376.054521443571,32438.998463763248,247075.80696750848,,4.042806e-05,8.211072e-05,2.0310
6390,3,3.5718900181086664,6378.883735752895,32456.68966351889,247246.4861975335,,1.087111e-04,1.734920e-04,1.5959
6392,3,1.4396417672986548,6382.202372930849,32475.81760561682,247401.64332407154,,4.353829e-05,7.681326e-05,1.7643
6394,3,1.3932925081064276,6382.745111831984,32475.736504216093,247396.85502449685,,4.209331e-05,1.112468e-04,2.6429
6396,3,2.954570364629346,6384.788364987395,32487.275186490755,247498.89528857343,,8.891332e-05,1.907088e-04,2.1449
6398,3,1.587870530247943,6387.692269284857,32509.048787334606,247690.85740003586,,4.751879e-05,8.873255e-05,1.8673
6400,3,1.7604315089249856,6388.145229118363,32506.84360875553,247659.5140155656,,5.263813e-05,9.270565e-05,1.7612
6402,3,2.964937278189449,6391.78114788794,32528.08472349842,247840.90253069473,,8.803870e-05,1.854113e-04,2.1060
6404,3,1.3211493500375127,6394.267657801522,32544.9043744608,247979.13507716602,,3.904262e-05,5.562339e-05,1.4247
6406,3,1.3207361039310692,6394.464202036351,32542.445638595134,247964.51068080176,,3.901623e-05,7.019142e-05,1.7990
6408,3,2.6709995307827366,6396.409297901226,32556.04545023405,248074.22382900617,,7.861080e-05,1.417072e-04,1.8026
6410,3,1.7631864878121921,6399.941730398173,32574.858547576456,248219.7407130183,,5.154332e-05,9.800312e-05,1.9014
6412,3,1.591368042429106,6400.357540947422,32573.160612779997,248194.98862443079,,4.648423e-05,7.681326e-05,1.6525
6414,3,2.6431220968114593,6402.911749261048,32587.584109943455,248304.569916838,,7.682971e-05,1.615727e-04,2.1030
6416,3,1.3236327134774328,6404.564715102165,32597.937369447503,248401.99561160238,,3.835341e-05,8.078636e-05,2.1064
6418,3,1.3207353322337123,6404.614585833097,32596.607524702908,248378.72294786264,,3.826603e-05,8.873255e-05,2.3188
6420,3,3.554395046591399,6408.016729059793,32619.467693172362,248586.2546671584,,1.023127e-04,2.132230e-04,2.0840
6422,3,1.5250797029189713,6411.695150172845,32642.181734786354,248780.1599608889,,4.359091e-05,1.059493e-04,2.4305
6424,3,1.4876885990915372,6411.759336083729,32638.72041528619,248750.38661650385,,4.251754e-05,1.072737e-04,2.5230
6426,3,3.380028497135972,6415.197158503673,32659.10027621057,248917.0244011908,,9.596603e-05,1.708433e-04,1.7802
6428,3,1.3211462632399658,6417.658671659136,32677.396584372244,249077.00048834985,,3.733319e-05,7.284016e-05,1.9511
6430,3,1.763177891934229,6418.645832125202,32677.251581981145,249068.38914115715,,4.973120e-05,9.535439e-05,1.9174
6432,3,2.681272605901132,6421.522191362669,32693.9931764237,249213.84699977815,,7.521114e-05,1.364097e-04,1.8137
6434,3,1.3207343077844682,6422.9102082084055,32705.30740810269,249296.6410841094,,3.694856e-05,7.151579e-05,1.9356
6436,3,1.321145239429703,6424.810652414902,32709.93909385676,249338.52329055005,,3.682669e-05,7.416452e-05,2.0139
6438,3,2.816690414279977,6425.647741518838,32717.443622301165,249394.24765415068,,7.838827e-05,1.575996e-04,2.0105
6440,3,2.2131138969342676,6429.828029633248,32743.165428254986,249620.11546656134,,6.109952e-05,1.390585e-04,2.2759
6442,3,1.3207337974693507,6429.911487220726,32738.37881532866,249576.32953235987,,3.645761e-05,6.754269e-05,1.8526
6444,3,2.6555661744800627,6432.577068305533,32756.12612262178,249721.89573001367,,7.293068e-05,1.575996e-04,2.1610
6446,3,1.4720675847826339,6436.532188489199,32780.675187772824,249934.68779577862,,4.012268e-05,9.138129e-05,2.2775
6448,3,1.4900203994035928,6433.799514814349,32763.443004903616,249788.11636396952,,4.082523e-05,8.343509e-05,2.0437
6450,3,3.6067377256024096,6438.915561244269,32792.40256722109,250035.23664597893,,9.785848e-05,1.960062e-04,2.0030
6452,3,1.3211431994353244,6443.154407533756,32817.264273497894,250257.3646034829,,3.555568e-05,7.416452e-05,2.0859
6454,3,1.5878401845205752,6441.846800684319,32806.23291098068,250148.0946040465,,4.284090e-05,8.873255e-05,2.0712
6456,3,2.65053732804436,6444.918755922099,32823.31755166951,250290.37830185972,,7.109398e-05,1.695189e-04,2.3844
6458,3,1.3207327806344562,6446.820364166576,32840.59874245978,250459.33608866227,,3.529579e-05,5.959649e-05,1.6885
6460,3,1.9882520571388071,6447.567228749808,32840.59012326424,250445.23956398407,,5.305976e-05,9.005692e-05,1.6973
6462,3,2.6480440344333815,6450.897605585614,32861.50891655241,250624.10222445524,,7.021785e-05,1.152199e-04,1.6409
6464,3,1.33366023403408,6452.234063385116,32872.78908737472,250712.54566234292,,3.527368e-05,5.959649e-05,1.6895
6466,3,1.3690294884960008,6454.023276667038,32878.20861114096,250757.0417134074,,3.608599e-05,7.151579e-05,1.9818
6468,3,3.520863017849971,6456.317429270127,32892.39715809617,250875.07511193937,,9.239877e-05,1.973306e-04,2.1356
6470,3,1.7631608601016133,6459.836049896743,32911.32580417701,251022.4914605373,,4.596062e-05,9.005692e-05,1.9594
6472,3,1.3219597204566806,6460.847783645174,32919.389328962876,251107.29182556394,,3.439280e-05,7.946199e-05,2.3104
6474,3,2.916270378421188,6463.208037302032,32930.78701569726,251190.41078498572,,7.552980e-05,1.589240e-04,2.1041
6476,3,1.3211401583676377,6465.377438709677,32940.576180034535,251272.0695938544,,3.407534e-05,7.548889e-05,2.2154
6478,3,1.3717648121493393,6466.1986650133595,32944.15670133613,251293.45427240006,,3.532564e-05,7.416452e-05,2.0995
6480,3,3.520863017849971,6468.9322606502055,32959.58808805133,251422.7313404306,,9.019603e-05,2.370616e-04,2.6283
6482,3,1.5878252091345098,6472.135146808556,32977.14762380964,251580.68233246074,,4.042776e-05,7.416452e-05,1.8345
6484,3,1.3211391496873732,6472.208869836138,32976.59385625986,251559.79599848113,,3.363302e-05,7.151579e-05,2.1264
6486,3,2.8278677571937862,6474.771873237021,32992.35132852696,251702.5728947077,,7.163808e-05,1.297879e-04,1.8117
6488,3,1.3219556757378599,6477.600512470526,33011.67993880663,251890.90821171313,,3.330775e-05,7.813762e-05,2.3459
6490,3,1.990351413599399,6477.809324132977,33010.848035157615,251853.82003617834,,5.012886e-05,9.932749e-05,1.9814
6492,3,2.645546423430869,6481.109239412308,33029.83820968234,252016.29203381308,,6.621099e-05,1.205174e-04,1.8202
6494,3,1.415796769082528,6482.520699496958,33038.40284831988,252087.848413683,,3.533796e-05,5.959649e-05,1.6865
6496,3,1.6430694083299866,6485.431727030682,33052.295975055065,252200.2867059293,,4.078316e-05,6.092086e-05,1.4938
6498,3,2.7959794553514477,6486.4373289159375,33058.697990488974,252263.7324819702,,6.926630e-05,1.390585e-04,2.0076
6500,3,1.9204707370090752,6489.098963006885,33074.162550272325,252390.4139910117,,4.733504e-05,1.152199e-04,2.4341
6502,3,1.3207300101584032,6490.420032018034,33081.67911620678,252450.35205659943,,3.247065e-05,7.284016e-05,2.2433
6504,3,2.650463795965127,6492.511067867793,33095.1022395651,252561.3691754606,,6.490202e-05,1.549509e-04,2.3875
6506,3,1.3207297601562717,6494.7010881214255,33106.955107788286,252661.38312608245,,3.220556e-05,7.813762e-05,2.4262
6508,3,1.3211361385440121,6495.3225159268095,33108.77829952692,252668.32953412374,,3.217737e-05,7.284016e-05,2.2637
6510,3,4.370726504917205,6498.815529293573,33129.73495727902,252849.3423043077,,1.057429e-04,1.920331e-04,1.8160
6512,3,1.5089412933642734,6503.311089717693,33152.47555095809,253030.08889955768,,3.619409e-05,8.475946e-05,2.3418
6514,3,1.3207292610736758,6503.247111919029,33154.15993737165,253055.68662545015,,3.168320e-05,8.475946e-05,2.6752
6516,3,2.6553994827360117,6505.740282502391,33165.11133156234,253139.563841181,,6.339832e-05,1.152199e-04,1.8174
6518,3,1.3207290119920791,6507.685494082874,33176.65420375867,253229.34768166667,,3.141550e-05,8.343509e-05,2.6559
6520,3,1.7713658661232774,6508.314441040472,33181.45748318449,253275.5618513237,,4.208368e-05,8.873255e-05,2.1085
6522,3,2.643081039667098,6510.98934942055,33193.97441544486,253365.5631014157,,6.247363e-05,1.364097e-04,2.1835
6524,3,1.5912471820932337,6512.6965238540715,33203.986274027135,253446.61118706872,,3.748904e-05,7.284016e-05,1.9430
6526,3,1.4461376031694844,6514.747107993214,33217.5614930812,253578.33729110166,,3.393663e-05,5.827213e-05,1.7171
6528,3,2.816690414279977,6516.612858982355,33226.055172453525,253635.7185869723,,6.586439e-05,1.430316e-04,2.1716
6530,3,1.7631357047912297,6519.842348452356,33245.36543266669,253805.26313968154,,4.097428e-05,9.005692e-05,2.1979
6532,3,1.4032425071141188,6519.47739414013,33241.12629989675,253761.18587804123,,3.263361e-05,5.562339e-05,1.7045
6534,3,2.934052514874976,6522.8050612602065,33261.03766698888,253921.36837336794,,6.780046e-05,1.390585e-04,2.0510
6536,3,1.4320870381068391,6525.555781216424,33273.13262617632,254012.71425227085,,3.291950e-05,7.548889e-05,2.2931
6538,3,1.5877956448239547,6525.988448114212,33278.09020411537,254065.32700700368,,3.646824e-05,5.165029e-05,1.4163
6540,3,3.553768279699036,6529.213797997135,33294.92367693394,254204.77510961777,,8.112051e-05,1.575996e-04,1.9428
6542,3,1.3207275239028837,6532.17257207536,33309.041346747,254332.6009544483,,2.997779e-05,7.019142e-05,2.3414
6544,3,1.323567670100849,6532.39409672222,33311.99016894053,254356.43573309883,,3.002933e-05,5.297466e-05,1.7641
6546,3,2.643072100176631,6534.583531046467,33325.21726811712,254467.55019063427,,5.971554e-05,1.496534e-04,2.5061
6548,3,1.3211311690831542,6536.379814654454,33339.026009870184,254586.46951370034,,2.974579e-05,5.165029e-05,1.7364
6550,3,1.774078264808125,6537.501731169693,33342.028647908046,254600.76718652275,,3.985888e-05,9.403002e-05,2.3591
6552,3,3.456847326616335,6541.037330337989,33363.213193137046,254787.84094814284,,7.714217e-05,1.536265e-04,1.9915
6554,3,1.3815598628600487,6543.478868681061,33373.60647170898,254857.09059180363,,3.068721e-05,5.562339e-05,1.8126
6556,3,1.4770060278962465,6545.490166009054,33389.00325386226,254999.30553201048,,3.268073e-05,6.489396e-05,1.9857
6558,3,2.643067655012948,6546.637738009768,33392.788791648636,255036.89551109707,,5.835368e-05,1.138955e-04,1.9518
6560,3,1.8055707783846004,6549.0221623951265,33406.69495793105,255144.45756090095,,3.968185e-05,7.416452e-05,1.8690
6562,3,1.4157187422559045,6550.812310497411,33420.39122193781,255267.75707520227,,3.100707e-05,5.827213e-05,1.8793
6564,3,2.645492487723969,6552.373672707998,33426.183019701886,255301.75616087057,,5.776933e-05,1.403828e-04,2.4301
6566,3,1.6087635635406792,6554.589981386881,33440.08065615247,255416.1204083417,,3.498152e-05,9.270565e-05,2.6501
6568,3,1.321935748460154,6555.4075728404605,33442.41768505537,255432.7071452643,,2.869993e-05,5.827213e-05,2.0304
6570,3,3.570452637819689,6558.678854664454,33463.0927242375,255610.42461783305,,7.703202e-05,1.536265e-04,1.9943
6572,3,1.3926334451942077,6562.409684368877,33482.7816322602,255779.92086662847,,2.983225e-05,5.959649e-05,1.9977
6574,3,1.4061651062001432,6561.414721994504,33477.65811769642,255720.75990019392,,3.017948e-05,8.740819e-05,2.8963
6576,3,2.660207613486645,6564.571530844019,33496.59805081112,255888.4815088157,,5.674992e-05,1.006519e-04,1.7736
6578,3,1.6766014370714148,6567.323435515883,33511.95535723074,256013.56653639078,,3.557890e-05,5.694776e-05,1.6006
6580,3,2.159462650947982,6568.047823216917,33514.75889390303,256036.3538119233,,4.576235e-05,1.019762e-04,2.2284
6582,3,2.6430588133997044,6571.658020597981,33533.72773358197,256184.75820911533,,5.562513e-05,1.231661e-04,2.2142
6584,3,1.3219318212573126,6572.636807795255,33539.447614114804,256253.3916032859,,2.776894e-05,4.502846e-05,1.6215
6586,3,1.3736569015454074,6574.590072192358,33552.60972756099,256355.20960253247,,2.874761e-05,5.429903e-05,1.8888
6588,3,2.685403996665232,6575.957169251092,33560.66115041191,256426.3633299323,,5.605266e-05,1.006519e-04,1.7957
6590,3,1.76311100893857,6578.629789260386,33576.872795963594,256556.8094159681,,3.661365e-05,6.621832e-05,1.8086
6592,3,1.3333961428986276,6579.342791680966,33581.06065202633,256587.099564783,,2.765220e-05,4.370409e-05,1.5805
6594,3,3.1892204368137804,6582.029135415388,33595.6699657908,256713.8507025136,,6.579958e-05,1.470047e-04,2.2341
6596,3,1.4231698935309356,6585.059562614793,33615.166525183035,256879.7959351557,,2.919260e-05,9.270565e-05,3.1757
6598,3,1.320724093820428,6585.414065289065,33616.8804746431,256889.8031835892,,2.707284e-05,6.092086e-05,2.2503
6600,3,3.912070019833301,6588.865906958584,33635.73507656866,257046.64062357633,,7.966367e-05,1.628971e-04,2.0448
6602,3,1.3207238510425399,6592.166491127191,33655.879365331246,257218.0693231817,,2.672514e-05,3.575790e-05,1.3380
6604,3,1.4518758771788607,6593.010819184816,33657.753282640195,257233.5629020158,,2.933190e-05,6.621832e-05,2.2576
6606,3,2.6478819134241562,6594.815525371613,33665.76572628271,257288.55301924204,,5.331050e-05,8.873255e-05,1.6644
6608,3,1.612184645015513,6597.438264420246,33684.159808602075,257458.89352289,,3.229559e-05,5.694776e-05,1.7633
6610,3,1.7631028769203194,6597.666711825695,33681.412211650546,257422.05209786695,,3.530390e-05,6.224522e-05,1.7631
6612,3,2.899534249994094,6601.365655641101,33706.111611540415,257634.5250086836,,5.764913e-05,1.205174e-04,2.0905
6614,3,1.3207231244718614,6603.461900587621,33719.17379544121,257750.10393945797,,2.615363e-05,4.237973e-05,1.6204
6616,3,1.32192402397458,6603.939859904483,33717.74657794863,257728.83080669204,,2.615387e-05,4.237973e-05,1.6204
6618,3,2.643045671437785,6605.921710737599,33732.024955994995,257845.50549843497,,5.209331e-05,1.085981e-04,2.0847
6620,3,1.7657823645752135,6609.3962451766065,33750.713374451356,257984.66533220655,,3.457228e-05,6.356959e-05,1.8387
6622,3,1.8033688628012048,6609.912053696367,33753.57510448793,258020.16535921217,,3.527335e-05,8.211072e-05,2.3278
6624,3,2.7663923711678344,6612.553859691449,33766.512776376294,258120.10775530856,,5.383730e-05,1.390585e-04,2.5829
6626,3,1.3207224005344802,6614.032824285316,33775.30384548503,258183.46652360543,,2.563015e-05,5.694776e-05,2.2219
6628,3,1.3211214103231614,6615.341884784488,33784.31772008922,258285.87364230154,,2.557358e-05,5.827213e-05,2.2786
6630,3,4.097004238952693,6618.626399491532,33803.669930764416,258443.82710944078,,7.881048e-05,1.761407e-04,2.2350
6632,3,1.321920153618399,6621.632176406203,33820.208494072314,258568.37292892617,,2.528280e-05,5.959649e-05,2.3572
6634,3,1.3788601473845945,6623.134444273327,33830.40099863337,258684.14490879545,,2.629594e-05,7.284016e-05,2.7700
6636,3,3.209929660429454,6625.389931465356,33840.77661272768,258755.06758987665,,6.095272e-05,1.602483e-04,2.6291
6638,3,1.320721679216107,6627.553137119865,33853.53687849253,258848.22204912407,,2.497526e-05,6.489396e-05,2.5983
6640,3,1.7821652312573928,6629.619865541754,33865.97972815681,258977.426176062,,3.356816e-05,9.005692e-05,2.6828
6642,3,2.708356167576901,6631.93148336752,33874.98364863786,259029.62710992884,,5.078910e-05,1.231661e-04,2.4250
6644,3,1.4768720712457932,6632.801104191888,33877.7107356638,259028.90239247432,,2.764957e-05,4.767719e-05,1.7243
6646,3,1.3207211997851855,6635.644295078599,33894.75689420208,259191.50280991857,,2.459188e-05,6.092086e-05,2.4773
6648,3,2.650249617072524,6636.126172013526,33897.58110733504,259206.62268902926,,4.930225e-05,9.932749e-05,2.0147
6650,3,2.236783564281158,6639.579621833413,33914.524140041896,259342.1333236578,,4.133686e-05,7.019142e-05,1.6980
6652,3,1.3211185285219713,6640.617734448586,33922.409953983355,259418.30235511987,,2.436628e-05,6.092086e-05,2.5002
6654,3,2.643032671936157,6642.882440094805,33933.546846926096,259511.50548310264,,4.853670e-05,1.231661e-04,2.5376
6656,3,1.4403530527568063,6646.041981838535,33952.075911853884,259676.21747853816,,2.629114e-05,6.489396e-05,2.4683
6658,3,1.3207204828003498,6644.25482375521,33942.211129211486,259591.53712219032,,2.419003e-05,5.562339e-05,2.2994
6660,3,3.621459104074256,6648.629606627086,33968.56338991026,259817.46564065482,,6.577643e-05,1.258148e-04,1.9128
6662,3,1.320720244379739,6652.722507973337,33992.70655376113,260011.21170916088,,2.380093e-05,4.502846e-05,1.8919
6664,3,1.690014248567986,6652.09752462934,33985.728633185805,259948.40077557813,,3.049288e-05,9.138129e-05,2.9968
6666,3,2.963689408964622,6655.365207485606,34002.36610952665,260086.40348106486,,5.314074e-05,1.350854e-04,2.5420
6668,3,1.3211166188599215,6657.402328601367,34017.85684112667,260220.3868024977,,2.359590e-05,6.092086e-05,2.5818
6670,3,1.9125675652518361,6658.666221208877,34022.28674427479,260264.89986986783,,3.407736e-05,7.019142e-05,2.0598
6672,3,2.6599220609304526,6661.558966270196,34038.264185994536,260389.6664504596,,4.713182e-05,9.535439e-05,2.0231
6674,3,1.3692245069416553,6662.60670263838,34048.01659110594,260477.2439565046,,2.421269e-05,4.370409e-05,1.8050
6676,3,1.321115667465601,6664.50315283091,34052.17178737731,260493.87303979625,,2.327788e-05,4.502846e-05,1.9344
6678,3,3.2309095928505616,6666.341999137127,34066.168822143336,260612.13837365728,,5.672744e-05,1.178686e-04,2.0778
6680,3,1.7711007907972582,6669.874444001539,34084.77445682437,260773.60280942445,,3.088714e-05,7.151579e-05,2.3154
6682,3,1.4460014961009506,6671.308318208129,34095.28647750928,260876.99254397742,,2.514823e-05,5.827213e-05,2.3171
6684,3,2.645405186384573,6673.099427418393,34103.144952541836,260920.47115154628,,4.585068e-05,1.152199e-04,2.5129
6686,3,1.3207188198504867,6675.086999690608,34111.69232576486,260994.92358145802,,2.280427e-05,7.284016e-05,3.1941
6688,3,1.553321919639693,6676.014823185322,34115.20346252378,260995.12018026982,,2.677311e-05,5.562339e-05,2.0776
6690,3,3.5367945247180703,6678.788725826359,34132.85903070721,261166.02667585632,,6.063710e-05,1.218417e-04,2.0094
6692,3,1.5910735409777716,6681.663440182387,34147.72571100441,261288.3041559123,,2.712886e-05,5.165029e-05,1.9039
6694,3,1.3207183472786999,6682.715877156787,34156.867774716826,261377.683206277,,2.247355e-05,5.297466e-05,2.3572
6696,3,2.7317040655732536,6684.883398401748,34168.618898535846,261476.5841254113,,4.629076e-05,1.138955e-04,2.4604
6698,3,1.415567490253527,6687.205108155834,34183.59121249395,261615.60036811364,,2.388133e-05,4.767719e-05,1.9964
6700,3,1.7875150706007545,6688.324873786212,34189.14226344491,261625.94555983966,,3.009181e-05,5.165029e-05,1.7164
6702,3,2.6430155568972427,6690.952919052248,34202.32486195572,261734.30980334786,,4.427071e-05,1.138955e-04,2.5727
6704,3,1.3234898754148272,6691.902671062474,34209.597970209055,261790.62436154982,,2.212814e-05,3.708226e-05,1.6758
6706,3,1.587709926917251,6694.9126187845,34224.088670567806,261924.572098965,,2.639354e-05,4.105536e-05,1.5555
6708,3,2.950967230038335,6696.14147344497,34229.37030567993,261952.47142138466,,4.894092e-05,1.112468e-04,2.2731
6710,3,1.9891881456779497,6698.935621128118,34245.22294504869,262093.96842545609,,3.281414e-05,6.886706e-05,2.0987
6712,3,1.3219010792823815,6700.566596420141,34256.68168889568,262196.46358396165,,2.173827e-05,4.635283e-05,2.1323
6714,3,2.647764910997687,6702.273029657794,34266.209957469495,262272.5637397324,,4.339975e-05,1.085981e-04,2.5023
6716,3,1.402677822000592,6704.518348551558,34279.118176163014,262387.42546875717,,2.289281e-05,5.562339e-05,2.4297
6718,3,1.3207169363203979,6704.634920582027,34278.73892237031,262382.7771372755,,2.155041e-05,7.416452e-05,3.4414
6720,3,4.225035621419965,6708.633991890697,34303.69973096939,262603.3944179628,,6.841456e-05,1.801138e-04,2.6327
6722,3,1.3207167021408048,6712.652912981654,34324.51131804983,262776.5034803895,,2.122220e-05,5.165029e-05,2.4338
6724,3,1.3541780837884505,6712.794480881833,34328.39467566416,262819.4720532373,,2.175374e-05,5.694776e-05,2.6178
6726,3,2.845031726497964,6715.416135446693,34342.49300843489,262942.5880083384,,4.547443e-05,9.270565e-05,2.0386
6728,3,1.3692245069416553,6717.632757782055,34352.21058928098,263003.1785255993,,2.179299e-05,5.959649e-05,2.7347
6730,3,1.7630551028280035,6718.412638918523,34356.080053827354,263030.3213254674,,2.801952e-05,5.827213e-05,2.0797
6732,3,3.129656015866641,6721.372559489541,34371.21334558549,263153.8746165281,,4.945768e-05,1.297879e-04,2.6242
6734,3,1.7778071965455438,6723.490725715665,34383.61940409622,263254.68491238775,,2.798082e-05,4.900156e-05,1.7513
6736,3,1.323474762079643,6725.194631545317,34395.14548069706,263373.8893602457,,2.076214e-05,4.370409e-05,2.1050
6738,3,2.6430028809284125,6727.272746415077,34405.570674673436,263452.0805785988,,4.129799e-05,1.085981e-04,2.6296
6740,3,1.7656865283546124,6731.048437939141,34426.89325552849,263636.0156519406,,2.739092e-05,5.032593e-05,1.8373
6742,3,1.3207155354134463,6729.991757467304,34419.73704221445,263555.83620845625,,2.052970e-05,6.092086e-05,2.9675
6744,3,2.650111948919333,6732.857862805226,34433.57664745315,263666.2842952151,,4.096934e-05,9.138129e-05,2.2305
6746,3,1.320715302898632,6736.081567516307,34450.27585763562,263795.21099705354,,2.029209e-05,4.370409e-05,2.1537
6748,3,1.5910175980242547,6734.838154781212,34445.14566855805,263773.44323677075,,2.450322e-05,5.562339e-05,2.2700
6750,3,3.520863017849971,6738.807506313251,34467.06861638801,263946.70418039156,,5.381444e-05,1.284635e-04,2.3872
6752,3,1.3266409696444268,6742.261516458709,34484.50894939421,264094.83401982096,,2.014352e-05,3.443353e-05,1.7094
6754,3,1.4718361795930206,6741.817684928332,34484.71700284794,264107.3524626119,,2.236691e-05,7.151579e-05,3.1974
6756,3,2.6453542995075985,6744.414020623694,34499.50213963957,264220.297855047,,4.000113e-05,1.085981e-04,2.7149
6758,3,1.3786170050556605,6746.534012739138,34516.04276016499,264371.29967868887,,2.076169e-05,4.900156e-05,2.3602
6760,3,1.9204707370090752,6747.551524497386,34518.0408648319,264387.9977885719,,2.886602e-05,6.754269e-05,2.3399
6762,3,3.3196708454014012,6751.43724126266,34540.03455357183,264564.58671314985,,4.952728e-05,9.932749e-05,2.0055
6764,3,1.4140585751202723,6753.314593825053,34547.48134065043,264609.7470571356,,2.102139e-05,4.237973e-05,2.0160
6766,3,1.4154941675823234,6755.329959417356,34564.12941119159,264774.0017062462,,2.096132e-05,4.900156e-05,2.3377
6768,3,2.699328313684978,6756.787099040404,34568.475174149746,264802.72329754895,,3.986220e-05,5.827213e-05,1.4618
6770,3,1.7630395556048744,6759.312664854201,34581.158338795656,264883.82960277575,,2.591021e-05,5.165029e-05,1.9934
6772,3,1.321104426271914,6760.9872989801015,34595.1537887835,265025.95281028055,,1.935294e-05,4.900156e-05,2.5320
6774,3,2.6429903399299692,6762.202724466691,34595.45608429524,265005.0269375105,,3.862830e-05,1.165443e-04,3.0171
6776,3,1.7604315089249856,6765.200928188658,34614.98226516527,265189.9063127764,,2.558191e-05,5.297466e-05,2.0708
6778,3,1.3207134526656004,6764.597095229039,34611.94049160836,265164.96687861293,,1.921426e-05,3.973099e-05,2.0678
6780,3,3.552582504497268,6768.72697325574,34636.455283693445,265371.42324474955,,5.127724e-05,1.324366e-04,2.5828
6782,3,1.3207132226148646,6772.886652723738,34660.481074352494,265587.5499857429,,1.891171e-05,4.370409e-05,2.3110
6784,3,1.3462123303544007,6770.827936514353,34650.92715620263,265491.80131318833,,1.935279e-05,4.370409e-05,2.2583
6786,3,2.9873989242363392,6774.664749900632,34670.315536056456,265647.1416634722,,4.263221e-05,1.033006e-04,2.4231
6788,3,1.3211025836888386,6777.437326613562,34685.41175993999,265780.95763617655,,1.875329e-05,4.370409e-05,2.3305
6790,3,2.1347548402964036,6777.922777231431,34687.76618577911,265793.1938030013,,3.027514e-05,6.754269e-05,2.2310
6792,3,2.650044584609498,6781.368015549969,34706.54065148943,265951.7329118329,,3.733608e-05,6.356959e-05,1.7026
6794,3,1.370091928232084,6782.162124678248,34711.689475521074,265994.6390945587,,1.927366e-05,3.575790e-05,1.8553
6796,3,1.3211016656546666,6784.453197197749,34723.23329504327,266106.06846623373,,1.850327e-05,4.237973e-05,2.2904
6798,3,2.963102539774728,6785.8457030370055,34734.38788244983,266202.60824875487,,4.139009e-05,1.152199e-04,2.7838
6800,3,1.8777936095199845,6789.359848757548,34755.77473079586,266379.38464267435,,2.605399e-05,4.635283e-05,1.7791
6802,3,1.4058879747247393,6790.26947529911,34758.810816112506,266397.023508379,,1.947262e-05,5.032593e-05,2.5844
6804,3,3.168776716064974,6792.548989377519,34770.90517916469,266502.9420218157,,4.369903e-05,1.165443e-04,2.6670
6806,3,1.370896331736456,6796.282483173559,34793.37463561069,266711.2511891723,,1.877065e-05,6.489396e-05,3.4572
6808,3,1.4227160766006006,6795.963199510883,34789.60223014702,266662.6982614052,,1.949223e-05,4.370409e-05,2.2421
6810,3,3.5365112979293043,6799.1639254655065,34807.865108296566,266820.72914393886,,4.815680e-05,1.284635e-04,2.6676
6812,3,1.4515185802975568,6802.303007335358,34825.94596064147,266970.8900456007,,1.964697e-05,5.297466e-05,2.6963
6814,3,1.3207113919379958,6802.32629076767,34823.7427518551,266954.17297607014,,1.787579e-05,5.297466e-05,2.9635
6816,3,2.6789175135814998,6804.862675473034,34838.09199155535,267071.7575093106,,3.608347e-05,8.608382e-05,2.3857
6818,3,1.5876551381521415,6807.567520555045,34855.41149920028,267213.5474502325,,2.127422e-05,2.781170e-05,1.3073
6820,3,2.0234844930172247,6807.769665291886,34855.7962978731,267214.79474183096,,2.710383e-05,4.105536e-05,1.5147
6822,3,2.647651632786384,6811.544074876672,34878.473693968896,267412.48461946414,,3.520888e-05,5.959649e-05,1.6927
6824,3,1.3218751283232264,6813.049645140929,34888.448974365456,267489.7908736101,,1.752783e-05,1.854113e-05,1.0578
6826,3,1.3207107098619284,6814.016139965447,34892.62409376283,267510.08879961196,,1.748011e-05,3.708226e-05,2.1214
6828,3,2.6453044896015654,6815.948756341068,34905.55411859652,267632.56655126245,,3.488209e-05,9.535439e-05,2.7336
6830,3,1.7630165772200295,6818.902856314001,34920.59801398154,267730.50035131833,,2.311695e-05,4.635283e-05,2.0051
6832,3,1.6112423979991393,6820.113442618966,34926.08010247081,267787.3938451178,,2.107807e-05,3.708226e-05,1.7593
6834,3,2.860024112961207,6822.170999182122,34937.563973850265,267863.637672795,,3.726746e-05,9.535439e-05,2.5587
6836,3,1.321097107752142,6824.36131775804,34949.75773623055,267983.08553145727,,1.714251e-05,5.297466e-05,3.0903
6838,3,1.4458716468286714,6825.466803297493,34953.90237077699,268016.0871413905,,1.872207e-05,3.840663e-05,2.0514
6840,3,3.7279726071352637,6828.354656341484,34974.45545604681,268193.6704028297,,4.800537e-05,1.125712e-04,2.3450
6842,3,1.4717739152285478,6831.373618442959,34992.515832741294,268365.17269510543,,1.884288e-05,5.694776e-05,3.0222
6844,3,1.3932459895195792,6832.115982971871,34994.95815619684,268376.93916328304,,1.781229e-05,6.224522e-05,3.4945
6846,3,3.1884585590218992,6835.16093068483,35012.55098805299,268516.2964742195,,4.052669e-05,8.608382e-05,2.1241
6848,3,1.3328981424717747,6837.199496223499,35025.25037522791,268629.5732004182,,1.687567e-05,3.310916e-05,1.9619
6850,3,1.77347174232443,6838.811005188562,35033.30753215117,268696.74900590524,,2.238466e-05,4.370409e-05,1.9524
6852,3,2.6452881197378955,6841.218318172717,35046.61335514977,268808.94490153197,,3.323524e-05,8.873255e-05,2.6698
6854,3,1.3926056834450322,6842.173246430673,35051.38403920594,268817.51007173787,,1.746471e-05,4.237973e-05,2.4266
6856,3,1.3218678698594628,6844.687097874125,35066.35619426534,268974.1867327293,,1.649797e-05,3.575790e-05,2.1674
6858,3,2.6617724414945783,6845.422753723233,35070.917341684624,269011.8704263904,,3.317426e-05,5.297466e-05,1.5969
6860,3,2.1125178107099827,6848.759630716647,35091.0307508767,269174.1496058439,,2.616105e-05,6.621832e-05,2.5312
6862,3,1.368673511164214,6849.8849852907015,35096.23919203157,269228.5900028561,,1.691302e-05,3.708226e-05,2.1925
6864,3,3.200784561681792,6852.798783244268,35113.833102448494,269371.91329720384,,3.933272e-05,9.667875e-05,2.4580
6866,3,1.3207084535042009,6856.076215175585,35131.3674868043,269520.37751596177,,1.612805e-05,3.443353e-05,2.1350
6868,3,1.4225709163030187,6855.149502722318,35124.015532568104,269455.9722996489,,1.740293e-05,4.900156e-05,2.8157
6870,3,3.5363734276202354,6858.823048278103,35147.09911281637,269657.34763952147,,4.295854e-05,1.099224e-04,2.5588
6872,3,1.321864266036439,6861.9396041297005,35167.05072216331,269830.58945728483,,1.596188e-05,3.310916e-05,2.0743
6874,3,1.5876284160243734,6862.805010754653,35166.56169772036,269807.4685770982,,1.913971e-05,4.900156e-05,2.5602
6876,3,2.65461894202974,6864.833581842681,35177.40177118848,269902.42665939115,,3.187892e-05,1.046250e-04,3.2819
6878,3,1.405799726154359,6866.239233522458,35193.14781462894,270061.15742037003,,1.683620e-05,3.708226e-05,2.2025
6880,3,1.8033688628012048,6868.042184550693,35196.6812563227,270078.6852706838,,2.152371e-05,4.767719e-05,2.2151
6882,3,2.8097527531610607,6870.811291919504,35215.61793094447,270224.6275639213,,3.335753e-05,5.959649e-05,1.7866
6884,3,1.3210917082683138,6872.218417404322,35224.025894372615,270316.83124627196,,1.564186e-05,4.237973e-05,2.7094
6886,3,1.4717433836671905,6874.146230287299,35232.3343429436,270370.75202616025,,1.736158e-05,3.575790e-05,2.0596
6888,3,3.250027401092281,6876.240442791347,35247.19854343842,270512.9569087396,,3.818551e-05,9.270565e-05,2.4278
6890,3,1.9581270259700374,6879.4807008765265,35265.89034228878,270664.6400405366,,2.286434e-05,5.165029e-05,2.2590
6892,3,1.3210908156749674,6881.162554311472,35277.83123741055,270771.00419191126,,1.537619e-05,4.105536e-05,2.6701
6894,3,2.6475780960997812,6882.897983842956,35284.72969285831,270818.1232350981,,3.071333e-05,7.548889e-05,2.4579
6896,3,1.3234013091568948,6884.881496018351,35295.963071098035,270898.4543085969,,1.529400e-05,3.443353e-05,2.2514
6898,3,1.3207066672700936,6885.526014636644,35296.58618217356,270904.20890879916,,1.524421e-05,3.310916e-05,2.1719
6900,3,3.6885231615571126,6888.3964263485705,35315.439544966146,271068.47846909275,,4.234099e-05,9.005692e-05,2.1269
6902,3,1.752607368885319,6892.453692526069,35338.1970099906,271260.62039065943,,1.996278e-05,4.502846e-05,2.2556
6904,3,1.3218571086178899,6891.924288213669,35336.218788225866,271243.64232298144,,1.507160e-05,3.708226e-05,2.4604
6906,3,2.642945476845605,6894.752359366654,35350.282526842035,271355.45237471606,,2.997198e-05,7.284016e-05,2.4303
6908,3,1.4764909429693427,6898.144241364053,35371.18092978934,271549.5219873013,,1.663550e-05,3.708226e-05,2.2291
6910,3,1.7629865619132656,6896.9649794833995,35365.562220075066,271485.8894996922,,1.990823e-05,4.502846e-05,2.2618
6912,3,2.6406472633874785,6900.815799813434,35387.08529763033,271668.51503926807,,2.960014e-05,7.284016e-05,2.4608
6914,3,1.320705780357037,6902.788624384609,35397.94220976399,271749.11522315576,,1.474858e-05,3.046043e-05,2.0653
6916,3,1.8300956435027658,6904.429223663705,35406.7385338277,271833.8675308168,,2.037300e-05,5.165029e-05,2.5352
6918,3,2.6429414834251737,6906.17530827298,35416.20361665139,271916.1507573723,,2.932365e-05,9.403002e-05,3.2066
6920,3,1.77072643002981,6908.8360105312295,35432.24771990362,272045.6887930647,,1.954649e-05,3.708226e-05,1.8971
6922,3,1.3207053384389527,6909.615494762385,35437.71017377322,272091.7932126037,,1.455706e-05,3.575790e-05,2.4564
6924,3,2.645239693410761,6911.646512048616,35449.17034174958,272169.3103531707,,2.904321e-05,7.151579e-05,2.4624
6926,3,1.3207051178629658,6913.728540632824,35463.65812392642,272305.2775879763,,1.444277e-05,4.767719e-05,3.3011
6928,3,1.3233870275909403,6913.752778054512,35461.99846019124,272296.0882248035,,1.447153e-05,3.310916e-05,2.2879
6930,3,4.694484023799961,6918.392450505916,35490.664702873415,272545.57055317715,,5.088092e-05,1.377341e-04,2.7070
6932,3,1.321086383647346,6923.0673397629635,35515.400976615965,272740.2073044143,,1.419108e-05,4.767719e-05,3.3597
6934,3,1.3207046774748918,6922.9741714065585,35517.13912583665,272767.48156602925,,1.418939e-05,4.370409e-05,3.0801
6936,3,2.816690414279977,6925.38869223089,35527.90840481133,272851.25285129575,,3.012275e-05,6.092086e-05,2.0224
6938,3,1.3207044576619231,6927.581650587286,35540.2716637348,272963.71279528027,,1.406496e-05,3.310916e-05,2.3540
6940,3,1.765534208950855,6928.1909639623855,35542.62790581526,272970.59907183796,,1.878038e-05,3.840663e-05,2.0450
6942,3,2.9138176699448035,6931.2958426748055,35560.232116527506,273121.0861558789,,3.081127e-05,9.535439e-05,3.0948
6944,3,1.639022439343952,6932.969225144402,35567.752734757065,273166.38819322654,,1.727605e-05,3.310916e-05,1.9165
6946,3,1.3924793814603194,6935.0361533491305,35582.503869650354,273306.5405059105,,1.461926e-05,2.781170e-05,1.9024
6948,3,2.654472641729821,6936.4665536988605,35588.22810036245,273357.91742584977,,2.779263e-05,5.959649e-05,2.1443
6950,3,1.773281373953635,6939.854349083627,35607.95997470228,273526.03748828254,,1.844643e-05,4.237973e-05,2.2974
6952,3,1.4860785464951176,6939.809283684762,35608.94188183376,273525.6564808828,,1.546008e-05,5.032593e-05,3.2552
6954,3,2.8433689376455398,6942.742406057444,35623.092177968196,273639.41853095253,,2.941502e-05,7.284016e-05,2.4763
6956,3,1.3882259898951315,6945.387930048268,35638.41162733526,273773.30450577254,,1.428883e-05,3.575790e-05,2.5025
6958,3,1.6073505081489,6945.48098338284,35639.72361374069,273789.3519305722,,1.654125e-05,4.105536e-05,2.4820
6960,3,3.6512653518444145,6949.294425664895,35660.67701460079,273967.3930924214,,3.730203e-05,1.019762e-04,2.7338
6962,3,1.3434872041795942,6952.276548432867,35675.16335583918,274095.39172658697,,1.364733e-05,3.575790e-05,2.6201
6964,3,1.3210828747251904,6952.545702109302,35680.564230442935,274138.87823217857,,1.341264e-05,3.973099e-05,2.9622
6966,3,2.705053294201807,6954.931847448405,35692.11361303707,274221.6304712855,,2.733883e-05,7.151579e-05,2.6159
6968,3,1.4625123304915264,6956.866090369199,35704.25985121225,274319.73633329035,,1.472631e-05,3.575790e-05,2.4282
6970,3,1.9259421636102405,6958.32708385248,35711.25316768648,274385.0435110384,,1.933861e-05,5.959649e-05,3.0817
6972,3,3.207897416263307,6961.856710605772,35729.6963123977,274533.3801447333,,3.199419e-05,7.946199e-05,2.4836
6974,3,1.4716834836515753,6963.947458682945,35736.46011770101,274563.23778421246,,1.461959e-05,3.046043e-05,2.0835
6976,3,1.3326631048871387,6966.032798774822,35756.437323664504,274766.36382390274,,1.318545e-05,3.178480e-05,2.4106
6978,3,2.642921722701335,6966.784957686588,35754.70694557716,274735.4174614739,,2.611218e-05,7.019142e-05,2.6881
6980,3,1.7655047985760661,6969.7086862704045,35767.80489410794,274815.4346510764,,1.734615e-05,4.502846e-05,2.5959
6982,3,1.3207020563517196,6970.798939439338,35779.67717236133,274937.311867528,,1.294863e-05,4.237973e-05,3.2729
6984,3,2.668443550370504,6972.457443381274,35782.61154966701,274936.2071059417,,2.608006e-05,8.211072e-05,3.1484
6986,3,1.5875762621733973,6974.863963028537,35797.866574534506,275086.21133254765,,1.544480e-05,3.178480e-05,2.0580
6988,3,1.3210802641474317,6974.605180578954,35800.44827514401,275131.2630385779,,1.285836e-05,3.046043e-05,2.3689
6990,3,3.5361048490960747,6978.534786685122,35821.93543933402,275297.49378582806,,3.415988e-05,7.416452e-05,2.1711
6992,3,1.4645606670888536,6982.814783682699,35843.794030822166,275481.65178435796,,1.403282e-05,3.575790e-05,2.5482
6994,3,1.445747633478742,6981.400332478534,35838.8088847646,275447.9373026504,,1.388995e-05,4.635283e-05,3.3371
6996,3,2.991582956343113,6984.932832458991,35857.153301674,275588.45500567375,,2.854801e-05,6.224522e-05,2.1804
6998,3,1.3207011906390334,6987.363894809496,35869.84443512472,275697.60743781057,,1.254470e-05,2.781170e-05,2.2170
7000,3,2.1125178107099827,6988.33805178124,35875.471483052715,275748.1503614563,,2.002840e-05,5.959649e-05,2.9756
7002,3,2.647470641329048,6991.745537112768,35895.49551693644,275925.7755245618,,2.493696e-05,6.356959e-05,2.5492
7004,3,1.4222892190918694,6993.0046039853405,35901.49294544983,275957.02204979357,,1.336459e-05,3.046043e-05,2.2792
7006,3,1.3781570060549746,6995.119740744806,35913.693499352026,276074.5694898444,,1.289757e-05,3.178480e-05,2.4644
7008,3,2.6778394783647665,6995.912405007716,35918.20124395581,276101.80275615206,,2.502274e-05,6.092086e-05,2.4346
7010,3,1.7629500089377537,6998.97433577235,35935.368484707,276232.4301089219,,1.637742e-05,3.973099e-05,2.4260
7012,3,1.3210776714605545,6999.901989770081,35942.58619989784,276316.63266597,,1.225066e-05,2.516296e-05,2.0540
7014,3,3.1879814234350645,7002.34345594886,35953.78594005067,276388.08681029064,,2.942537e-05,6.356959e-05,2.1604
7016,3,1.3218325729871034,7005.12549022442,35971.08705104694,276547.0820693076,,1.213578e-05,4.502846e-05,3.7104
7018,3,1.521360563268506,7005.4412941229575,35974.49882012283,276581.6890579071,,1.395913e-05,3.575790e-05,2.5616
7020,3,3.8409414740181504,7009.136293047159,35993.35644483084,276733.2832545518,,3.499417e-05,9.403002e-05,2.6870
7022,3,1.3206998994713663,7012.198851808122,36009.10169656345,276846.8196284583,,1.196242e-05,3.575790e-05,2.9892
7024,3,1.3233449672353723,7013.022453298195,36013.43914451364,276901.46908084385,,1.196751e-05,3.046043e-05,2.5453
7026,3,2.642906157539221,7014.862614947293,36024.187200062894,276996.61696929584,,2.381675e-05,6.489396e-05,2.7247
7028,3,1.5907513634864328,7016.514079675758,36035.37354582162,277075.30343299755,,1.428985e-05,3.178480e-05,2.2243
7030,3,1.9172430550981354,7018.4011028525965,36046.94566176849,277198.2736934682,,1.716060e-05,3.575790e-05,2.0837
7032,3,2.6497216526087413,7021.28943949207,36064.32446488906,277325.26060805575,,2.358594e-05,5.165029e-05,2.1899
7034,3,1.3206992571935097,7022.920328233557,36069.12683047083,277348.8524377513,,1.171948e-05,2.913606e-05,2.4861
7036,3,1.3210750964812712,7024.7391925552565,36083.010070193355,277485.156376793,,1.168192e-05,3.178480e-05,2.7209
7038,3,2.95081852924569,7025.944053928199,36087.59883274687,277511.9168228822,,2.603343e-05,6.754269e-05,2.5945
7040,3,1.9560350099166506,7029.219259899351,36104.624260053766,277637.8771735653,,1.714927e-05,4.767719e-05,2.7801
7042,3,1.5875508098449271,7030.514368496064,36114.80482315715,277735.14718511293,,1.388403e-05,3.973099e-05,2.8616
7044,3,2.64516119033344,7032.866827457127,36123.78442506794,277796.98020303965,,2.302988e-05,7.416452e-05,3.2204
7046,3,1.4457075250718874,7034.410514535883,36133.58877744094,277873.484387913,,1.254975e-05,3.310916e-05,2.6382
7048,3,1.3218257063600574,7035.462979350433,36141.62034084919,277971.35000587907,,1.145119e-05,2.781170e-05,2.4287
7050,3,3.599104418246637,7038.387366071152,36159.040086826804,278115.6623896409,,3.100550e-05,6.754269e-05,2.1784
7052,3,1.3872068175393881,7041.59506857925,36176.06029187633,278245.28899111995,,1.187739e-05,3.708226e-05,3.1221
7054,3,1.320698191589255,7041.687920400736,36179.01288050104,278286.51047242864,,1.130583e-05,3.443353e-05,3.0456
7056,3,3.168776716064974,7044.936443397973,36195.85004432762,278420.6439611578,,2.695832e-05,7.813762e-05,2.8985
7058,3,1.3206979791935105,7047.063180850301,36208.28009139583,278525.2767888874,,1.119016e-05,1.854113e-05,1.6569
7060,3,1.765446983309387,7048.101060261016,36215.50812630992,278595.8838076637,,1.492872e-05,4.900156e-05,3.2824
7062,3,2.9619958721594997,7051.159523886461,36231.63140884972,278722.0799930206,,2.490073e-05,7.416452e-05,2.9784
7064,3,1.3218222964289192,7052.693602869712,36239.04047900854,278772.1795734683,,1.107969e-05,2.118986e-05,1.9125
7066,3,1.3206975551238422,7054.817345560984,36252.009532278105,278889.54640449624,,1.102532e-05,3.708226e-05,3.3634
7068,3,2.8923925400187387,7055.8118782951115,36257.08614906172,278929.80984984693,,2.410012e-05,5.959649e-05,2.4729
7070,3,2.133856374454528,7059.735906560295,36279.28559831563,279119.4251670953,,1.764678e-05,5.297466e-05,3.0019
7072,3,1.53637658960726,7060.605191510892,36283.700723441165,279152.4559234971,,1.268459e-05,2.648733e-05,2.0882
7074,3,2.6611173972121875,7062.780149880186,36296.47533740574,279265.41155915416,,2.187933e-05,4.900156e-05,2.2396
7076,3,1.392431701974565,7066.0909198636145,36316.274588105276,279441.82186045905,,1.137602e-05,3.178480e-05,2.7940
7078,3,1.320696920817769,7064.738702178538,36306.677364528034,279351.82019721356,,1.081799e-05,3.046043e-05,2.8157
7080,3,3.5826325444789178,7068.689974275003,36329.80051567121,279542.3181063187,,2.912462e-05,7.548889e-05,2.5919
7082,3,1.3206967098603664,7072.600753876953,36350.87975849792,279706.4427089167,,1.065644e-05,4.105536e-05,3.8526
7084,3,1.8442615807785563,7072.4849337476535,36350.39541839827,279719.674676703,,1.488427e-05,4.105536e-05,2.7583
7086,3,2.6428869981316576,7075.357128542983,36365.28637031401,279838.82058722165,,2.121282e-05,5.562339e-05,2.6222
7088,3,1.3233175628313667,7076.244900608156,36374.37571647393,279912.3064871174,,1.060326e-05,3.443353e-05,3.2474
7090,3,1.76292151105925,7078.69347253193,36385.12164603984,280011.6708135155,,1.405977e-05,2.383860e-05,1.6955
7092,3,2.6541890442253626,7080.924153160502,36397.184672310446,280101.4964217967,,2.107773e-05,4.900156e-05,2.3248
7094,3,1.3206960784163608,7081.538620773067,36402.390048806854,280133.6517336725,,1.047566e-05,2.251423e-05,2.1492
7096,3,1.3218155228029975,7084.464529161669,36417.91238606462,280298.33060824656,,1.042603e-05,3.178480e-05,3.0486
7098,3,3.456847326616335,7086.077857101379,36427.83216003572,280356.0935632914,,2.718229e-05,7.548889e-05,2.7771
7100,3,1.7859450090543332,7089.14114497165,36444.05989130075,280487.20517404174,,1.396142e-05,4.900156e-05,3.5098
7102,3,1.36692328928293,7091.350019265987,36460.45019715735,280652.2715601828,,1.064053e-05,2.648733e-05,2.4893
7104,3,2.716094328055692,7092.553251178078,36463.12222397678,280649.19639994693,,2.109456e-05,6.356959e-05,3.0136
7106,3,1.6568767142823393,7095.238742675144,36476.62443228572,280754.5548122545,,1.280225e-05,2.118986e-05,1.6552
7108,3,1.321067475993285,7095.806111890004,36482.17939424258,280812.29623053275,,1.019637e-05,1.589240e-05,1.5586
7110,3,3.5665885115882823,7098.828091080489,36496.97276430509,280934.3118007868,,2.736942e-05,6.886706e-05,2.5162
7112,3,1.5970634648967468,7102.537898100476,36517.58111665374,281110.3929812954,,1.216891e-05,3.840663e-05,3.1561
7114,3,1.320695030746255,7101.839439806526,36515.810370481886,281108.13145560183,,1.007649e-05,2.383860e-05,2.3658
7116,3,2.6451153636639377,7104.754034159553,36532.05143694963,281237.1402710339,,2.006916e-05,4.502846e-05,2.2437
7118,3,1.320694821919124,7107.69946378721,36547.2720289393,281369.16583818046,,9.964167e-06,2.781170e-05,2.7912
7120,3,1.7806663538551577,7107.155719973159,36547.05570369324,281361.3390209835,,1.344833e-05,3.973099e-05,2.9543
7122,3,2.6428756577025734,7110.511558131527,36564.47503700173,281509.72235898237,,1.983242e-05,3.708226e-05,1.8698
7124,3,1.451022334629079,7112.163392939725,36575.69478294321,281590.00682035415,,1.085419e-05,2.781170e-05,2.5623
7126,3,1.5875133843796911,7113.856594494518,36585.198866142644,281695.49961391935,,1.183677e-05,3.575790e-05,3.0209
7128,3,2.934052514874976,7116.054126957603,36597.09275162555,281784.1906308645,,2.178502e-05,5.165029e-05,2.3709
7130,3,1.9078568077019549,7119.383411103106,36617.062633448535,281954.9259285045,,1.407560e-05,3.708226e-05,2.6345
7132,3,1.3210649700607766,7119.359705834029,36617.98515233013,281984.1146444379,,9.746825e-06,3.575790e-05,3.6687
7134,3,2.8086656552649343,7122.018467121751,36632.94312621929,282087.2138824924,,2.061718e-05,5.959649e-05,2.8906
7136,3,1.3262979467692764,7125.372763603249,36651.15137269421,282261.9873583361,,9.673494e-06,2.913606e-05,3.0119
7138,3,1.3692245069416553,7124.280618908539,36645.123062427636,282212.1273912894,,1.000747e-05,2.516296e-05,2.5144
7140,3,4.506704662847963,7128.943983006917,36672.383038787506,282439.4493461117,,3.264611e-05,6.489396e-05,1.9878
7142,3,1.3206935738712942,7133.537112101328,36695.64160244973,282634.6949477947,,9.483330e-06,2.383860e-05,2.5137
7144,3,1.4290561660685177,7132.719628464871,36691.536768131635,282601.7824502261,,1.027748e-05,2.913606e-05,2.8349
7146,3,2.647332446332763,7135.653624705961,36708.99941963805,282760.5000910654,,1.893241e-05,4.105536e-05,2.1685
7148,3,1.3210633087983294,7138.156260669783,36722.98045502801,282876.1373335565,,9.402451e-06,2.383860e-05,2.5354
7150,3,2.133856374454528,7138.765310360116,36724.310714602594,282873.3105985427,,1.516980e-05,3.973099e-05,2.6191
7152,3,2.6586108502132433,7141.88087754435,36740.63908124813,283009.69592212216,,1.878805e-05,6.224522e-05,3.3130
7154,3,1.60670368701886,7142.888983674771,36748.22804908347,283057.0693495573,,1.133240e-05,1.324366e-05,1.1687
7156,3,1.3210624809560187,7145.388270361299,36761.48060226601,283192.2744517868,,9.273281e-06,2.383860e-05,2.5707
7158,3,2.642864431534739,7146.923721309909,36770.58704454138,283254.1780001157,,1.849729e-05,3.840663e-05,2.0763
7160,3,1.7703774496533753,7149.666695699155,36787.13817027894,283403.70471112354,,1.232587e-05,3.310916e-05,2.6862
7162,3,1.3206925402245282,7150.297919909043,36790.4353594513,283427.05045359384,,9.183940e-06,2.648733e-05,2.8841
7164,3,2.6540515642168563,7152.726529127462,36800.63544249483,283484.8380088564,,1.837061e-05,4.900156e-05,2.6674
7166,3,1.3206923341879289,7154.989399456555,36811.870904086114,283573.96120153804,,9.102016e-06,1.721676e-05,1.8915
7168,3,1.584388358032487,7155.548139705183,36815.31322867278,283611.43919999345,,1.090769e-05,2.516296e-05,2.3069
7170,3,3.535718979950604,7158.425117845879,36831.866096583995,283753.54740714055,,2.420789e-05,8.078636e-05,3.3372
7172,3,1.476138221769398,7161.360813862677,36850.69330030126,283925.3157380243,,1.004992e-05,3.178480e-05,3.1627
7174,3,1.4150837009540553,7161.995155810015,36850.89714268172,283912.26408227964,,9.622675e-06,2.251423e-05,2.3397
7176,3,3.017882586728547,7164.644008899357,36868.04370011632,284059.7046871964,,2.041789e-05,5.429903e-05,2.6594
7178,3,1.3723423973334024,7166.905609532092,36883.32118057664,284204.88113457855,,9.244581e-06,3.310916e-05,3.5815
7180,3,1.7653626896222543,7168.113509746874,36889.52122485276,284254.6831094742,,1.186467e-05,3.443353e-05,2.9022
7182,3,3.355175346421737,7171.50776521992,36907.793532298325,284404.78978427255,,2.240357e-05,2.913606e-05,1.3005
7184,3,1.3232773758362308,7173.191541741644,36916.54573544468,284462.78645543125,,8.807538e-06,1.456803e-05,1.6540
7186,3,1.3206913074474829,7175.388107751902,36931.31875943239,284600.77127308986,,8.753373e-06,1.191930e-05,1.3617
7188,3,2.645070458133521,7176.622552949915,36936.99679433492,284655.002189682,,1.748990e-05,5.032593e-05,2.8774
7190,3,1.7628867829960106,7179.337468809441,36951.44591811174,284759.5837197653,,1.159630e-05,4.237973e-05,3.6546
7192,3,1.4164391451120573,7180.954203709375,36960.963566909675,284844.4572859428,,9.288561e-06,2.118986e-05,2.2813
7194,3,2.9614735664158633,7182.5953362376795,36967.64594235637,284889.71211207693,,1.935969e-05,6.224522e-05,3.2152
7196,3,1.5906016457110457,7185.424804795767,36982.61722572153,285004.36760166934,,1.034194e-05,3.310916e-05,3.2014
7198,3,1.3662581737419601,7185.956463330816,36989.04644899082,285083.0950584149,,8.874130e-06,1.589240e-05,1.7909
7200,3,3.520863017849971,7189.038122582605,37004.601619682544,285199.94785507105,,2.273441e-05,6.224522e-05,2.7379
7202,3,1.4455907002213766,7192.921272416533,37026.17513691914,285386.73166273674,,9.265158e-06,2.781170e-05,3.0018
7204,3,1.3210575525562704,7192.224294291052,37020.49624099142,285317.9992089522,,8.478350e-06,2.648733e-05,3.1241
7206,3,2.6428496380858832,7194.841023703668,37033.38186516346,285433.09039317106,,1.687680e-05,4.502846e-05,2.6681
7208,3,1.435959819044694,7197.173882237742,37046.533727765345,285538.42364801106,,9.128952e-06,1.854113e-05,2.0310
7210,3,2.1334338286378043,7198.036228226806,37052.59126559124,285598.611498022,,1.354064e-05,3.973099e-05,2.9342
7212,3,2.645055689536706,7201.464472972568,37072.238291945476,285771.0666631323,,1.667803e-05,4.900156e-05,2.9381
7214,3,1.320689879580478,7202.066815181916,37077.18471681688,285801.6365969615,,8.317787e-06,1.456803e-05,1.7514
7216,3,1.5046423153205004,7204.614343489918,37089.15742577481,285908.0791750924,,9.430323e-06,3.046043e-05,3.2301
7218,3,2.6472654269548657,7205.914577249298,37098.831973418535,285993.2982048258,,1.655032e-05,5.032593e-05,3.0408
7220,3,1.8639863035676318,7208.310821893597,37113.51168543228,286116.2884294509,,1.160000e-05,2.648733e-05,2.2834
7222,3,1.392120031942523,7210.255462282173,37125.829326119754,286232.81192908937,,8.631246e-06,3.178480e-05,3.6825
7224,3,3.2460639530421687,7212.47937666652,37137.29106345292,286310.0292583137,,2.004044e-05,5.297466e-05,2.6434
7226,3,1.320689271026803,7214.640258792369,37149.53792918394,286417.36212516925,,8.119974e-06,3.840663e-05,4.7299
7228,3,1.4508665786893378,7216.4315276261705,37160.633094465746,286521.86551825854,,8.889780e-06,2.648733e-05,2.9795
7230,3,3.5355946622761216,7218.906067723501,37174.484720249144,286631.3369937705,,2.156103e-05,5.562339e-05,2.5798
7232,3,1.3322184391864755,7221.471507537379,37189.08991302534,286757.4786746747,,8.084438e-06,1.854113e-05,2.2934
7234,3,1.320688866446628,7223.220304581865,37194.62374054793,286781.6339904797,,7.987820e-06,2.648733e-05,3.3160
7236,3,2.681272605901132,7224.312118046397,37202.261920637815,286859.02718467126,,1.618299e-05,5.694776e-05,3.5190
7238,3,1.7995522091233185,7226.876200503635,37218.40595974284,286994.96951209777,,1.080808e-05,3.310916e-05,3.0634
7240,3,1.7702663218240078,7227.805914492414,37224.44902886319,287053.0349520618,,1.061326e-05,2.251423e-05,2.1213
7242,3,2.857512014486933,7231.203326822377,37245.69168992879,287224.5727864027,,1.702045e-05,5.959649e-05,3.5015
7244,3,1.3210534955034094,7232.881603123716,37255.040525585406,287296.72639853007,,7.843476e-06,9.270565e-06,1.1819
7246,3,1.32068826125234,7233.927216297469,37260.76516472627,287329.447584979,,7.825638e-06,1.854113e-05,2.3693
7248,3,2.6583697282424277,7235.8417028695085,37271.503556916556,287423.7229637135,,1.569436e-05,3.708226e-05,2.3628
7250,3,1.8256326759222072,7239.121607164163,37287.26629382444,287544.29430440196,,1.071075e-05,2.648733e-05,2.4730
7252,3,1.6296565968334151,7239.94063305738,37295.16318415409,287618.911076088,,9.545894e-06,2.516296e-05,2.6360
7254,3,2.9800407988071855,7242.55129693998,37306.999426818395,287707.29631059634,,1.736910e-05,5.297466e-05,3.0499
7256,3,1.3217825528337321,7244.177487316026,37316.49483564869,287793.16368431185,,7.680032e-06,1.854113e-05,2.4142
7258,3,1.4053864987216271,7245.595974013086,37324.68181251933,287866.78679693025,,8.143657e-06,2.383860e-05,2.9273
7260,3,3.912070019833301,7248.798175912938,37343.917904306676,288035.88583111344,,2.253029e-05,6.754269e-05,2.9979
7262,3,1.3206874574395904,7251.566213694745,37357.508129064816,288146.2484988348,,7.565938e-06,2.118986e-05,2.8007
7264,3,1.326191736723489,7252.9493163834595,37364.35345917283,288196.5433427874,,7.577414e-06,2.383860e-05,3.1460
7266,3,3.187307574053658,7255.032800092652,37377.08991323465,288324.1353775883,,1.813866e-05,5.694776e-05,3.1396
7268,3,1.4011597724096823,7257.580709845633,37395.65859763038,288488.5046946485,,7.934957e-06,1.986550e-05,2.5035
7270,3,1.7628596903166063,7259.0122847294615,37401.178420236436,288528.2391991117,,9.956091e-06,3.178480e-05,3.1925
7272,3,2.66732046806816,7261.610947200256,37415.18315422993,288637.92970597063,,1.498951e-05,3.575790e-05,2.3855
7274,3,1.320686856901908,7262.574730993983,37419.16370478075,288656.10618409194,,7.408211e-06,1.854113e-05,2.5028
7276,3,1.4217580186365597,7264.958885809812,37431.910061771276,288775.4715106827,,7.938869e-06,3.443353e-05,4.3373
7278,3,2.6428278143894497,7265.895338525719,37436.85845024951,288815.8825603363,,1.473072e-05,3.708226e-05,2.5173
7280,3,2.3045648844108904,7269.234516692986,37456.10530558084,288974.9248709753,,1.276345e-05,4.105536e-05,3.2166
7282,3,1.4714853038126778,7270.528928484447,37466.09020317925,289071.3073733902,,8.129331e-06,2.516296e-05,3.0953
7284,3,2.6450119696079533,7272.892004952857,37478.72570353796,289169.62053500226,,1.454667e-05,5.297466e-05,3.6417
7286,3,1.3206862583434764,7275.643098407417,37495.5592763513,289317.79323456663,,7.225149e-06,2.781170e-05,3.8493
7288,3,1.3217761329387268,7274.663599875692,37486.8809213835,289231.1713509756,,7.244764e-06,1.986550e-05,2.7420
7290,3,3.520863017849971,7278.42958970254,37510.1567397739,289431.4371660433,,1.915941e-05,4.767719e-05,2.4884
7292,3,1.3210486858572172,7281.75540783785,37528.546914521314,289578.37145505694,,7.143121e-06,7.946199e-06,1.1124
7294,3,1.587441129435247,7282.205949044838,37531.077827278816,289613.34646921395,,8.576149e-06,3.046043e-05,3.5518
7296,3,2.7959794553514477,7284.584423126027,37544.420386046186,289723.5586689549,,1.503668e-05,7.019142e-05,4.6680
7298,3,1.369743349119352,7286.6194494128795,37559.47033064022,289862.04677443067,,7.337700e-06,2.781170e-05,3.7902
7300,3,1.7852263189098445,7287.7736556830405,37562.91737868549,289870.76061226265,,9.542444e-06,2.516296e-05,2.6370
7302,3,2.642820635620719,7290.561850219491,37578.70248570446,290001.9412828459,,1.405130e-05,3.973099e-05,2.8276
7304,3,1.485137692714494,7291.900149590361,37588.22873980276,290083.57281396305,,7.875896e-06,2.118986e-05,2.6905
7306,3,1.4455156085014544,7293.7259139833195,37596.44030505297,290163.23046059406,,7.639093e-06,2.516296e-05,3.2940
7308,3,3.286138816659973,7296.016700932016,37611.86092751963,290293.74341882556,,1.729008e-05,5.297466e-05,3.0639
7310,3,1.9235934536546184,7299.809341183853,37632.06055303236,290462.0040663451,,1.004787e-05,2.648733e-05,2.6361
7312,3,1.3232254418732858,7300.439185977077,37639.989407163615,290545.3265518746,,6.903415e-06,2.251423e-05,3.2613
7314,3,2.820635358837792,7302.762122667379,37648.958333064205,290600.4149660656,,1.465052e-05,5.562339e-05,3.7967
7316,3,1.3898143491513044,7305.559045370694,37659.84126317245,290680.2887675699,,7.180353e-06,1.854113e-05,2.5822
7318,3,1.3206846717899092,7305.013427987034,37663.40362959109,290731.90732329787,,6.830163e-06,2.516296e-05,3.6841
7320,3,3.5805386622203095,7308.528912236073,37681.49961052192,290881.8884210032,,1.839336e-05,5.562339e-05,3.0241
7322,3,1.587429410543106,7312.179155852805,37701.24462125393,291056.4758999283,,8.097939e-06,2.383860e-05,2.9438
7324,3,1.3210455144885416,7311.632268801756,37700.0867884239,291046.5818993096,,6.746047e-06,2.251423e-05,3.3374
7326,3,3.017882586728547,7314.820633223907,37717.08040913572,291191.23528448015,,1.531741e-05,2.516296e-05,1.6428
7328,3,1.3261400353575883,7318.229406343789,37737.74229480657,291372.50142610364,,6.687085e-06,1.589240e-05,2.3766
7330,3,1.7628397599631866,7317.2838996070905,37732.20559090985,291310.63309717015,,8.905259e-06,3.046043e-05,3.4205
7332,3,2.9447217967472485,7321.135081997253,37754.036071706396,291508.3968009944,,1.476647e-05,4.502846e-05,3.0494
7334,3,1.40530904562167,7323.808372837243,37771.870909621684,291646.2010278334,,7.010970e-06,1.721676e-05,2.4557
7336,3,1.5966704383273125,7324.825986175809,37773.404881651906,291661.9990284512,,7.950279e-06,1.191930e-05,1.4992
7338,3,2.642809955658885,7326.51765365982,37782.32392787623,291724.42555456463,,1.311680e-05,4.237973e-05,3.2309
7340,3,1.7652546089494376,7329.758245825195,37800.442163513646,291882.0237407267,,8.707152e-06,2.913606e-05,3.3462
7342,3,1.3206834909555798,7329.3903633655145,37798.936232613014,291871.0326672396,,6.518871e-06,2.648733e-05,4.0632
7344,3,2.816690414279977,7332.18757765031,37815.07224269703,292000.05737763044,,1.382889e-05,3.178480e-05,2.2984
7346,3,1.3206832949004115,7335.2422533455865,37833.4292075063,292172.517894873,,6.446234e-06,2.648733e-05,4.1090
7348,3,1.4759173256643818,7334.184535972587,37826.51341914441,292102.3713934187,,7.218552e-06,1.456803e-05,2.0181
7350,3,4.225035621419965,7338.927991331103,37854.80389622224,292348.2967121454,,2.047733e-05,6.092086e-05,2.9750
7352,3,1.3217634611721403,7343.014202226991,37875.62461220689,292528.0546795601,,6.356293e-06,1.854113e-05,2.9170
7354,3,1.3206829034302545,7342.4876914305005,37874.15079166813,292508.40106290556,,6.357465e-06,1.986550e-05,3.1248
7356,3,2.644969108335739,7345.10391799006,37889.10149242066,292647.09660688986,,1.266867e-05,3.443353e-05,2.7180
7358,3,1.4454788643324534,7347.67811635789,37904.35915871434,292771.92088109447,,6.889402e-06,1.854113e-05,2.6913
7360,3,1.8442615807785563,7348.133545719543,37906.14919118238,292775.71940766316,,8.782437e-06,2.118986e-05,2.4128
7362,3,2.647135340201698,7351.003903650462,37922.050354022926,292905.08146167215,,1.253670e-05,2.781170e-05,2.2184
7364,3,1.5904588115115386,7353.049157468239,37932.75279064625,292985.11046413897,,7.502932e-06,1.324366e-05,1.7651
7366,3,1.3801783029971886,7354.165562385072,37941.399546321954,293071.84113280853,,6.496989e-06,1.324366e-05,2.0384
7368,3,2.649305123267437,7355.9791391813715,37949.583604651525,293138.7467344805,,1.242810e-05,3.310916e-05,2.6641
7370,3,1.9861278562230607,7360.149747001441,37973.92919741603,293351.5565738532,,9.242983e-06,1.589240e-05,1.7194
7372,3,1.412705409019679,7359.2252088864825,37969.931353540735,293296.3176523699,,6.586022e-06,1.324366e-05,2.0109
7374,3,2.6427993801465552,7362.558383794628,37985.267045624896,293427.44471524697,,1.224252e-05,2.383860e-05,1.9472
7376,3,1.323200153767146,7365.431372924762,38001.936028901444,293575.71289615374,,6.095979e-06,1.721676e-05,2.8243
7378,3,1.7482906019668822,7364.55363300449,37997.47577042819,293529.90626412357,,8.067896e-06,1.854113e-05,2.2981
7380,3,3.611141556769201,7368.691737806026,38021.57798085506,293741.6957918359,,1.653296e-05,5.694776e-05,3.4445
7382,3,1.320681539970154,7371.591940176024,38037.0954939305,293878.66277536197,,6.013050e-06,2.781170e-05,4.6252
7384,3,1.461227734680818,7372.125883617414,38042.18010951428,293914.7454647699,,6.646111e-06,2.251423e-05,3.3876
7386,3,2.6427958779223744,7374.47866618201,38054.17000260001,294014.8123743287,,1.196630e-05,2.251423e-05,1.8815
7388,3,1.321039254258343,7376.185473053311,38068.066398828414,294157.9603661614,,5.961923e-06,1.721676e-05,2.8878
7390,3,1.7628201541202704,7377.4015327274865,38071.407643109625,294168.2283838464,,7.937313e-06,3.046043e-05,3.8376
7392,3,3.520863017849971,7380.9217856790265,38093.286202604926,294361.3333099942,,1.574655e-05,3.708226e-05,2.3549
7394,3,1.3206809587929798,7383.3128533582085,38106.35835202642,294463.6804606972,,5.879597e-06,1.721676e-05,2.9282
7396,3,1.3525266471009034,7384.885056765856,38116.653588547255,294557.30404039245,,6.003250e-06,1.191930e-05,1.9855
7398,3,2.660207613486645,7386.319658193918,38123.96390644548,294623.7566865263,,1.177511e-05,2.118986e-05,1.7995
7400,3,1.810729552037128,7389.027727064679,38137.63468454143,294723.0742999708,,7.973605e-06,2.913606e-05,3.6541
7402,3,1.3206805723889794,7390.527649740582,38150.82213447075,294860.82723917585,,5.798888e-06,1.324366e-05,2.2838
7404,3,2.6449409987751,7391.856994653534,38153.27457442677,294854.56467551243,,1.158420e-05,3.178480e-05,2.7438
7406,3,1.6598354227007006,7394.441993917695,38168.19801125173,294982.3593733606,,7.233791e-06,2.251423e-05,3.1124
7408,3,1.323187674278758,7394.231742556517,38172.750061548424,295034.6212383875,,5.768834e-06,1.324366e-05,2.2957
7410,3,4.0668792077839235,7398.659640869988,38195.17915111034,295222.0276816532,,1.758132e-05,5.165029e-05,2.9378
7412,3,1.4215073118796144,7403.467550469207,38221.55345231926,295450.2986568985,,6.088977e-06,1.589240e-05,2.6100
7414,3,1.4714054402955103,7401.8938582764695,38212.83381045636,295372.98135692684,,6.321721e-06,2.781170e-05,4.3994
7416,3,2.6667922857972552,7405.04273671523,38228.429060604394,295498.85597054346,,1.138881e-05,3.443353e-05,3.0235
7418,3,1.3206798020826502,7407.357470345436,38241.57265480287,295611.4228763332,,5.615166e-06,7.946199e-06,1.4151
7420,3,2.153939728567041,7408.340404993138,38249.07843141803,295692.7956594827,,9.140680e-06,1.191930e-05,1.3040
7422,3,2.6427854393092494,7411.7821261432,38269.52378171513,295870.9028185227,,1.114152e-05,3.973099e-05,3.5660
7424,3,1.3692245069416553,7412.627499342834,38270.01068958833,295835.60148535896,,5.763172e-06,1.324366e-05,2.2980
7426,3,1.3671922627755082,7414.98661589129,38285.93376192262,295987.9870914356,,5.728639e-06,1.059493e-05,1.8495
7428,3,2.644927080670116,7415.935797111861,38290.53978753125,296023.266580004,,1.106236e-05,4.767719e-05,4.3099
7430,3,1.7628072599491758,7418.219427769708,38303.70628094586,296138.6492148524,,7.340749e-06,1.589240e-05,2.1650
7432,3,1.3217479290310572,7420.10097744938,38317.36103987737,296266.399808288,,5.484228e-06,1.721676e-05,3.1393
7434,3,3.224369290031026,7422.177910580928,38326.8792244537,296337.58774992236,,1.332566e-05,3.575790e-05,2.6834
7436,3,1.600392280840896,7425.174323712817,38344.2662948442,296485.0400066032,,6.576263e-06,2.118986e-05,3.2222
7438,3,1.3206788438626103,7425.474524868112,38348.780410377236,296528.01377534843,,5.423704e-06,1.456803e-05,2.6860
7440,3,3.6422720874310044,7428.95167026593,38366.081814141195,296668.89782661176,,1.485883e-05,4.237973e-05,2.8522
7442,3,1.342701998332616,7432.535565989962,38385.37411094706,296835.36142072454,,5.440196e-06,2.648733e-05,4.8688
7444,3,1.3210338649544673,7432.227257426485,38383.099421429535,296803.257092575,,5.355574e-06,9.270565e-06,1.7310
7446,3,2.856362110255751,7434.6741944402775,38395.137704370514,296904.7637429321,,1.152589e-05,3.310916e-05,2.8726
7448,3,1.6775876732108685,7437.540200848092,38415.79080883125,297103.9140335182,,6.732199e-06,2.118986e-05,3.1475
7450,3,1.7724072334754957,7437.371436343218,38415.53962650177,297097.24847677187,,7.114992e-06,1.986550e-05,2.7921
7452,3,2.7663923711678344,7441.470519931644,38437.43186763972,297267.40444963484,,1.101843e-05,3.046043e-05,2.7645
7454,3,1.320678080990838,7443.782690500763,38451.31491121098,297380.6367517627,,5.236965e-06,1.986550e-05,3.7933
7456,3,1.326039318411028,7443.386975672498,38446.721395419525,297328.5835998571,,5.262254e-06,1.456803e-05,2.7684
7458,3,2.9604854204143902,7446.07487256203,38464.7590101734,297502.6159240474,,1.168798e-05,3.310916e-05,2.8328
7460,3,1.7651766073317914,7450.024287463908,38485.072074502146,297662.3948135657,,6.916484e-06,1.986550e-05,2.8722
7462,3,1.7727422187776078,7450.335939952287,38486.47245611536,297676.3237128344,,6.941995e-06,7.946199e-06,1.1447
7464,3,2.649193047411386,7452.912168441321,38501.53387961907,297804.0954269433,,1.032310e-05,2.516296e-05,2.4375
7466,3,1.3206775109839277,7455.317720871598,38516.16353374275,297929.80596691143,,5.122621e-06,1.986550e-05,3.8780
7468,3,1.3210315800217252,7455.066594017859,38511.717410992234,297868.3917123816,,5.126515e-06,2.913606e-05,5.6834
7470,3,3.5643304625147856,7458.509278362983,38533.329478314845,298061.43745053996,,1.374112e-05,3.840663e-05,2.7950
7472,3,1.3231630373532957,7461.41058031983,38549.096009671564,298200.71537650906,,5.072790e-06,1.721676e-05,3.3939
7474,3,1.3717648121493393,7461.526585090277,38548.68076208345,298185.33054126316,,5.257975e-06,1.589240e-05,3.0225
7476,3,3.205199436939284,7464.749017705751,38568.61765441416,298365.86002184707,,1.220992e-05,3.310916e-05,2.7117
7478,3,1.3206769428073848,7467.226710105487,38585.90907841744,298524.1700376321,,5.007138e-06,1.191930e-05,2.3805
7480,3,2.086437343911094,7468.798811293064,38591.521460465956,298551.37193033204,,7.886728e-06,3.178480e-05,4.0302
7482,3,2.805240453246318,7471.792564211226,38604.66786924757,298651.73906563857,,1.054336e-05,1.854113e-05,1.7586
7484,3,1.3210300648835165,7472.235896262028,38611.64639421874,298716.3592673364,,4.960737e-06,9.270565e-06,1.8688
7486,3,1.4051589057663685,7475.765541300915,38625.416099788155,298825.8539054812,,5.241251e-06,9.270565e-06,1.7688
7488,3,2.8807061055136125,7476.176927285156,38630.43526729209,298877.11821303226,,1.073649e-05,3.310916e-05,3.0838
7490,3,2.1326370279548397,7479.1311697625415,38647.75188871486,299020.8526902689,,7.903578e-06,1.721676e-05,2.1784
7492,3,1.321029309743816,7481.638580521071,38662.33484957823,299147.80902051646,,4.872305e-06,2.251423e-05,4.6209
7494,3,2.6427648634383103,7482.881969422374,38669.117162021634,299199.02416530234,,9.724056e-06,2.648733e-05,2.7239
7496,3,1.3217357425297753,7485.545979006271,38685.94556611154,299347.6306761999,,4.838563e-06,7.946199e-06,1.6423
7498,3,1.3917874662397178,7485.152951064747,38678.5899456801,299265.2558286937,,5.098936e-06,1.589240e-05,3.1168
7500,3,3.520863017849971,7488.562302001371,38700.7036480674,299464.99698507,,1.281497e-05,3.973099e-05,3.1004
7502,3,1.5176133697629186,7491.969122366311,38716.9918578415,299591.12018910353,,5.487853e-06,1.589240e-05,2.8959
7504,3,1.6087635635406792,7492.694252825895,38721.760110443385,299632.2143864642,,5.809380e-06,2.251423e-05,3.8755
7506,3,2.6599220609304526,7495.071970600019,38737.0561460341,299780.41204442194,,9.561524e-06,2.516296e-05,2.6317
7508,3,1.3210278042973091,7496.499366685747,38747.097966994064,299868.4885002267,,4.735661e-06,1.191930e-05,2.5169
7510,3,1.7627818847713472,7498.169173038304,38754.070701294506,299910.57707642677,,6.299169e-06,1.191930e-05,1.8922
7512,3,2.649138090600943,7500.726688988548,38767.68025535284,300019.42385401373,,9.420302e-06,3.708226e-05,3.9364
7514,3,1.53637658960726,7501.643940882383,38777.06501099885,300112.313218709,,5.453670e-06,1.059493e-05,1.9427
7516,3,1.3210270539802036,7503.868654967836,38787.69020086926,300200.9335911312,,4.669354e-06,7.946199e-06,1.7018
7518,3,3.1866794093760755,7505.900909090074,38801.029432984295,300309.0759214263,,1.121996e-05,2.516296e-05,2.2427
7520,3,1.7995522091233185,7509.367497828502,38820.897598155585,300483.28477840294,,6.294128e-06,2.118986e-05,3.3666
7522,3,1.3206748750115613,7510.569600664283,38831.251221916915,300590.4734479852,,4.608527e-06,1.986550e-05,4.3106
7524,3,3.106643839279386,7512.737359305218,38838.42396473663,300615.9095747486,,1.079603e-05,3.046043e-05,2.8214
7526,3,1.3657226539827254,7515.52352452728,38853.49969064869,300733.5103637044,,4.720852e-06,1.191930e-05,2.5248
7528,3,1.321729727148152,7515.49616394381,38851.33926541744,300707.93578388845,,4.569055e-06,9.270565e-06,2.0290
7530,3,3.5350030299698503,7518.617496402781,38870.25841945835,300888.6669753129,,1.214722e-05,4.502846e-05,3.7069
7532,3,1.5903223968266162,7522.297007283337,38891.74228382425,301072.6908248481,,5.426415e-06,1.324366e-05,2.4406
7534,3,1.3206743152612541,7521.584503381602,38887.17218249639,301024.9142405534,,4.512494e-06,1.589240e-05,3.5219
7536,3,2.657683697344817,7524.47854191546,38905.27126199669,301191.946995548,,9.030586e-06,2.516296e-05,2.7864
7538,3,1.3206741290740667,7527.2955252487955,38923.41741662329,301371.1482350421,,4.463374e-06,1.456803e-05,3.2639
7540,3,1.9915992828242262,7527.186490450706,38920.30312010897,301304.6461609937,,6.732312e-06,1.854113e-05,2.7541
7542,3,2.6469797508296544,7530.758436353812,38941.8687190883,301497.918635687,,8.886725e-06,3.046043e-05,3.4276
7544,3,1.4186627544450432,7532.660748392755,38952.16716506141,301582.8162639117,,4.745586e-06,1.721676e-05,3.6280
7546,3,1.7604315089249856,7534.660719385151,38961.58542817051,301654.9760990755,,5.866383e-06,2.251423e-05,3.8378
7548,3,2.897167283259405,7536.169058780599,38972.15134685159,301761.0772682793,,9.626488e-06,3.046043e-05,3.1642
7550,3,1.7722464854949518,7538.728873234628,38988.37210464652,301899.0907014512,,5.859870e-06,2.251423e-05,3.8421
7552,3,1.3434872041795942,7540.540656028889,38997.77151359823,301987.6138596502,,4.426829e-06,1.191930e-05,2.6925
7554,3,2.642748016978081,7542.272156582324,39008.143351651306,302047.78129781625,,8.679104e-06,2.913606e-05,3.3570
7556,3,1.3210233262521354,7543.627975590041,39018.4894119246,302151.8342893956,,4.327115e-06,1.456803e-05,3.3667
7558,3,1.320673201095829,7544.853021885931,39020.700992249935,302158.4274201939,,4.315911e-06,1.191930e-05,2.7617
7560,3,4.225035621419965,7548.354204930358,39044.057178990195,302370.0553846223,,1.371487e-05,5.694776e-05,4.1523
7562,3,1.4050861222324533,7551.89543243642,39063.42431995932,302533.5245760133,,4.530247e-06,1.191930e-05,2.6310
7564,3,1.3890020672406374,7553.247798885732,39072.539721570465,302621.9583905503,,4.466788e-06,2.781170e-05,6.2263
7566,3,2.9110293276769137,7555.228825119169,39081.72442664424,302696.4150991961,,9.326005e-06,3.178480e-05,3.4082
7568,3,1.5028073856676705,7557.610191439101,39097.35676290485,302824.6602674241,,4.792582e-06,1.191930e-05,2.4870
7570,3,1.7627632062878,7558.584531777212,39099.00260723612,302830.3736473716,,5.611210e-06,1.191930e-05,2.1242
7572,3,2.6448454307378557,7561.206711348919,39112.79645331995,302942.9333124918,,8.376931e-06,2.118986e-05,2.5295
7574,3,1.5873278540585212,7562.801080120718,39125.04252189692,303048.55081422225,,5.012114e-06,6.621832e-06,1.3212
7576,3,1.3217207995579654,7564.5349136426175,39137.02581829024,303173.3696149636,,4.159579e-06,1.324366e-05,3.1839
7578,3,2.646949524159286,7566.125175611897,39144.42520273966,303220.8290404419,,8.304931e-06,2.251423e-05,2.7109
7580,3,1.765101088524256,7569.573498943039,39164.363342031764,303389.42553234135,,5.501651e-06,1.986550e-05,3.6108
7582,3,1.4147178098872282,7569.421855129908,39163.77929634617,303357.0420022985,,4.410816e-06,1.191930e-05,2.7023
7584,3,2.6749413836912117,7572.067201560856,39176.31491210913,303457.28612232965,,8.297905e-06,3.575790e-05,4.3093
7586,3,1.3206719101510576,7574.313806549361,39189.93488079789,303590.04212829244,,4.079250e-06,1.324366e-05,3.2466
7588,3,1.5902782775790762,7574.524508761515,39191.5060143851,303595.06646324927,,4.910014e-06,1.059493e-05,2.1578
7590,3,4.098359068396792,7578.603690180745,39215.80541658337,303812.36439336115,,1.255530e-05,5.165029e-05,4.1138
7592,3,1.460639715471691,7582.117529123693,39232.56482366576,303953.03452478413,,4.444720e-06,1.456803e-05,3.2776
7594,3,1.3206715430591394,7582.6620126653925,39237.68289261981,303988.334532868,,4.014582e-06,1.059493e-05,2.6391
7596,3,2.6532819392888536,7584.839698944885,39251.39200645016,304118.3761406904,,8.031869e-06,3.310916e-05,4.1222
7598,3,1.3798386504063194,7586.90340301222,39267.48647170145,304268.829991515,,4.160439e-06,1.986550e-05,4.7749
7600,3,1.8639863035676318,7587.775784309303,39267.660564453465,304242.3727064194,,5.610945e-06,1.191930e-05,2.1243
7602,3,3.186479379283214,7591.444728028066,39288.65261682835,304429.22068185365,,9.524768e-06,3.310916e-05,3.4761
7604,3,1.3210189048015295,7593.520016113465,39298.009441744245,304511.40667385433,,3.933065e-06,1.324366e-05,3.3673
7606,3,1.320670993869928,7595.210604149946,39311.152590452584,304617.4377102332,,3.919276e-06,1.191930e-05,3.0412
7608,3,2.6490302705728355,7596.225147897229,39314.32801202286,304637.90160891466,,7.846192e-06,2.648733e-05,3.3758
7610,3,1.7627509180276535,7598.844388345223,39328.447334060584,304741.4158890292,,5.195017e-06,2.251423e-05,4.3338
7612,3,1.475605358358175,7600.210204273431,39339.55418652053,304855.7997963498,,4.337361e-06,2.118986e-05,4.8854
7614,3,2.699328313684978,7602.001580720964,39344.41164919709,304871.851935618,,7.907342e-06,2.648733e-05,3.3497
7616,3,1.690014248567986,7604.593155811369,39362.19674582964,305037.1966040505,,4.926132e-06,2.251423e-05,4.5704
7618,3,1.4453027196047679,7605.198273920449,39367.88607773177,305098.01431613945,,4.207925e-06,1.191930e-05,2.8326
7620,3,3.549029921992771,7608.626681730889,39388.091366480156,305269.15167911875,,1.026521e-05,2.383860e-05,2.3223
7622,3,1.371493175552874,7612.353478358349,39406.780235386366,305420.1063875418,,3.938745e-06,1.059493e-05,2.6899
7624,3,1.3217119846187588,7611.4736948243235,39403.458265846675,305383.16702969983,,3.802155e-06,1.721676e-05,4.5282
7626,3,2.801747759562311,7614.354113692121,39420.38350473864,305530.2822895599,,8.015429e-06,2.118986e-05,2.6436
7628,3,1.3210167149649694,7616.661044986518,39432.18685985398,305625.5701236007,,3.762621e-06,1.456803e-05,3.8718
7630,3,2.1322609678194215,7618.033065248716,39441.463911019164,305708.7950443097,,6.057309e-06,2.648733e-05,4.3728
7632,3,2.6924246607088014,7621.336894691497,39460.81626779874,305876.8100444971,,7.600387e-06,2.516296e-05,3.3107
7634,3,1.471278507459046,7621.945565389757,39459.76559786334,305863.5143715806,,4.148473e-06,7.946199e-06,1.9155
7636,3,1.400272681702237,7624.867281018634,39480.557285846306,306039.13388182264,,3.926185e-06,9.270565e-06,2.3612
7638,3,2.838994523895316,7625.8641733514205,39485.109652384985,306068.69092740037,,7.945035e-06,3.443353e-05,4.3340
7640,3,1.76974596135316,7628.410984743117,39500.917643921384,306204.7419365272,,4.928594e-06,1.324366e-05,2.6871
7642,3,1.3206693566562147,7630.136775683507,39511.02573156606,306286.60380690795,,3.665821e-06,1.986550e-05,5.4191
7644,3,3.456847326616335,7632.591285853648,39523.1104487097,306392.6240416753,,9.550365e-06,1.721676e-05,1.8027
7646,3,1.3206691756957527,7635.322069981265,39537.01002684072,306504.3740735083,,3.629664e-06,1.059493e-05,2.9190
7648,3,1.3258946174814765,7636.257639551175,39546.56651011809,306604.44903421757,,3.637449e-06,2.118986e-05,5.8255
7650,3,3.755587219039969,7639.175981697156,39560.539554392155,306723.9778440799,,1.024576e-05,3.973099e-05,3.8778
7652,3,1.3210145388793455,7641.81449405846,39573.414686898745,306819.5049433627,,3.585783e-06,1.986550e-05,5.5401
7654,3,1.3680729304009138,7643.247008540363,39580.91321407917,306885.36597025197,,3.703360e-06,1.456803e-05,3.9337
7656,3,3.042721126537012,7645.1516661040605,39589.662555148454,306963.3283114665,,8.206705e-06,3.708226e-05,4.5185
7658,3,1.5872954926343814,7647.589414142171,39606.094705676434,307106.41582926066,,4.261221e-06,7.946199e-06,1.8648
7660,3,1.7650520640665208,7648.932750791975,39614.82115314361,307191.2220601968,,4.726236e-06,1.589240e-05,3.3626
7662,3,2.642718359280331,7651.594695129115,39629.39480423744,307304.993052024,,7.040393e-06,2.781170e-05,3.9503
7664,3,1.323091605764376,7653.511193811728,39638.339072042225,307376.30767568643,,3.511931e-06,1.589240e-05,4.5253
7666,3,1.320668273727593,7654.897175433241,39646.85807644092,307436.46005979297,,3.496204e-06,6.621832e-06,1.8940
7668,3,2.6789175135814998,7655.973794085034,39653.60375336859,307490.17319927376,,7.077281e-06,2.251423e-05,3.1812
7670,3,1.9541632060794099,7659.454583186831,39670.19339100983,307624.35097638913,,5.128373e-06,1.191930e-05,2.3242
7672,3,1.5961245680919869,7660.264989221203,39676.840880748125,307682.81209906115,,4.182238e-06,1.589240e-05,3.8000
7674,3,2.642715115590601,7662.821774067066,39688.96945375722,307782.3322179701,,6.890818e-06,1.854113e-05,2.6907
7676,3,1.4121108360360846,7664.842214024858,39701.03992074051,307892.9362379909,,3.667827e-06,1.721676e-05,4.6940
7678,3,1.4712539988133886,7665.423904503357,39705.47926640503,307924.55996049015,,3.817178e-06,1.324366e-05,3.4695
7680,3,3.520863017849971,7668.534695588101,39722.552279988304,308065.579986479,,9.080693e-06,3.443353e-05,3.7919
7682,3,1.3915791927692742,7671.107618170393,39736.497685071816,308187.96316925867,,3.571414e-06,9.270565e-06,2.5958
7684,3,1.4210330017989072,7671.842320712442,39740.501101097136,308226.29132419353,,3.641882e-06,1.456803e-05,4.0001
7686,3,3.2224847959982785,7675.176053711382,39761.09990433398,308411.23596116604,,8.206139e-06,3.708226e-05,4.5188
7688,3,1.3658520327866268,7677.247257530104,39774.78002171961,308519.04598965327,,3.464392e-06,1.324366e-05,3.8228
7690,3,1.7627267260161523,7678.790705889668,39784.24528262656,308603.84508734976,,4.457837e-06,1.456803e-05,3.2680
7692,3,2.644779731718288,7681.202429219985,39794.266247062194,308675.6807391419,,6.657787e-06,1.721676e-05,2.5860
7694,3,1.3206670188541276,7682.201977028801,39800.658437854116,308730.27113152645,,3.318194e-06,1.456803e-05,4.3904
7696,3,1.4815059971212865,7685.378330805342,39816.97230156525,308851.8026113228,,3.699766e-06,1.589240e-05,4.2955
7698,3,2.6427086585969923,7685.608215060803,39817.51265593219,308869.7775414932,,6.596753e-06,1.589240e-05,2.4091
7700,3,2.3472420118999806,7689.285821496242,39840.92959485781,309080.44591957174,,5.818055e-06,2.648733e-05,4.5526
7702,3,1.3206666619955563,7689.949677110527,39844.110796112815,309094.02383872255,,3.269357e-06,9.270565e-06,2.8356
7704,3,2.6657962849435495,7692.614229381731,39860.240156991225,309229.2829756385,,6.565679e-06,2.251423e-05,3.4291
7706,3,1.3206664838442699,7696.055513579747,39880.24129206233,309414.6247977197,,3.231354e-06,1.324366e-05,4.0985
7708,3,1.3842709300948604,7693.898316552053,39865.61390160506,309275.69425932,,3.401022e-06,1.324366e-06,0.3894
7710,3,3.534670323802324,7698.205393958402,39891.97224838251,309503.70950701396,,8.612992e-06,2.516296e-05,2.9215
7712,3,1.3258479983535456,7701.735735239807,39908.96277780563,309641.8281291907,,3.208996e-06,3.973099e-06,1.2381
7714,3,1.7397205499964563,7701.960575769418,39913.95379029677,309698.71399044973,,4.208837e-06,1.854113e-05,4.4053
7716,3,2.644766837901343,7704.885320915612,39929.506052563134,309834.71151549096,,6.362687e-06,2.383860e-05,3.7466
7718,3,1.4146045191717218,7706.097727808023,39940.83446689597,309938.0158065197,,3.395263e-06,9.270565e-06,2.7304
7720,3,1.7696484278198807,7707.90183802933,39946.001049766,309967.9848736678,,4.232859e-06,1.324366e-05,3.1288
7722,3,3.200784561681792,7710.654695532393,39963.79897521231,310114.74379064154,,7.615730e-06,2.516296e-05,3.3041
7724,3,1.321008091844954,7712.354025438684,39975.94822308282,310233.6234015789,,3.132882e-06,1.191930e-05,3.8046
7726,3,1.320665595856312,7714.541255009228,39983.90217986391,310289.22395208396,,3.119036e-06,1.986550e-05,6.3691
7728,3,3.3196708454014012,7716.3784560442655,39997.50538491056,310412.9419389377,,7.812507e-06,2.913606e-05,3.7294
7730,3,1.7627148182750827,7719.91286226324,40016.751973557206,310574.9725826667,,4.120414e-06,1.721676e-05,4.1784
7732,3,1.3210073829271383,7720.872218449885,40025.89266267445,310660.0369997931,,3.082199e-06,9.270565e-06,3.0078
7734,3,2.6426990483629154,7722.755883931495,40033.89757514626,310722.8650164008,,6.143865e-06,1.589240e-05,2.5867
7736,3,1.3216918427110385,7725.005239447225,40046.05910378195,310807.0471638232,,3.059535e-06,5.297466e-06,1.7315
7738,3,1.3651730674016458,7725.249919816743,40047.59233399668,310814.4320921583,,3.158707e-06,1.456803e-05,4.6120
7740,3,3.6067377256024096,7728.336035244731,40063.94191943934,310953.9005803046,,8.296077e-06,2.648733e-05,3.1928
7742,3,1.604964830214727,7731.9108417159605,40082.95123315608,311110.2302323446,,3.666522e-06,7.946199e-06,2.1672
7744,3,1.467026257437488,7731.975025899363,40086.7381213512,311150.5562385196,,3.350950e-06,1.456803e-05,4.3474
7746,3,2.6426958648330854,7734.533848885534,40099.21183896722,311253.10577351705,,6.006943e-06,3.178480e-05,5.2913
7748,3,1.4501513728435873,7737.220794818484,40115.0014400115,311400.7978352076,,3.279331e-06,1.456803e-05,4.4424
7750,3,1.8211360437155022,7737.712721696475,40120.335167086545,311443.20527135837,,4.114352e-06,1.721676e-05,4.1846
7752,3,2.982378085708211,7741.1356991444145,40138.21730464946,311583.7789511487,,6.693895e-06,1.986550e-05,2.9677
7754,3,1.3206643603728858,7742.545832736846,40144.21467620516,311630.110030767,,2.956240e-06,1.589240e-05,5.3759
7756,3,1.5901497702435141,7745.148913219777,40160.12441491666,311766.5200498435,,3.541765e-06,9.270565e-06,2.6175
7758,3,2.6468026183137896,7746.196502460911,40165.145869905224,311814.3586445955,,5.883475e-06,6.621832e-06,1.1255
7760,3,1.7789623669136696,7748.5834588138605,40178.7002100819,311913.5896107264,,3.936362e-06,1.456803e-05,3.7009
7762,3,1.3206640090156505,7750.232399356854,40190.90715865019,312033.02940811444,,2.913033e-06,7.946199e-06,2.7278
7764,3,2.64474129015242,7751.6316053838345,40196.80961960514,312071.61080426106,,5.818037e-06,1.986550e-05,3.4145
7766,3,1.4712058194244892,7753.826432197309,40212.07561336532,312207.3111548651,,3.222834e-06,1.191930e-05,3.6984
7768,3,1.3216861947811425,7753.987277420866,40212.49899492617,312223.80752333597,,2.894409e-06,7.946199e-06,2.7454
7770,3,4.345750924889107,7758.448911294286,40239.22971271198,312452.0480523658,,9.435946e-06,3.310916e-05,3.5088
7772,3,1.3902894993561423,7762.899126129462,40263.647904115074,312658.24001891207,,2.993147e-06,1.059493e-05,3.5397
7774,3,1.5089412933642734,7762.967197958784,40266.81355152871,312700.0484937224,,3.248135e-06,9.270565e-06,2.8541
7776,3,2.6406472633874785,7765.177683583165,40275.20209307866,312747.32959740976,,5.660326e-06,1.456803e-05,2.5737
7778,3,1.3206633084706092,7767.162431076093,40285.97739331774,312840.1931162552,,2.820162e-06,1.059493e-05,3.7569
7780,3,1.7649804275526986,7768.456188173368,40293.822907313595,312906.6672731439,,3.759635e-06,1.589240e-05,4.2271
7782,3,2.642686373243376,7770.837056257897,40306.26694366821,313014.31562772166,,5.603690e-06,1.854113e-05,3.3087
7784,3,1.5959532365582716,7771.561359210871,40313.24083799495,313073.54339096864,,3.379419e-06,1.589240e-05,4.7027
7786,3,1.414549371048094,7774.230158150918,40327.98737761448,313216.2496272865,,2.980041e-06,7.946199e-06,2.6665
7788,3,2.985527120399098,7776.150146255916,40339.5876985192,313303.8685593625,,6.266544e-06,2.118986e-05,3.3814
7790,3,1.91178082417193,7779.763996521438,40360.88891587599,313486.661202496,,3.985107e-06,1.854113e-05,4.6526
7792,3,1.323045948460118,7780.17570796721,40362.851637321495,313486.08509164816,,2.755721e-06,1.324366e-05,4.8059
7794,3,2.6467740551818806,7782.36577093637,40373.83591735965,313590.3558259108,,5.489831e-06,1.324366e-05,2.4124
7796,3,1.3210017640161293,7784.895709615718,40390.5056219722,313744.657693648,,2.726709e-06,3.973099e-06,1.4571
7798,3,1.5872431118307437,7784.793982914186,40387.02171396204,313696.9167737544,,3.276937e-06,9.270565e-06,2.8290
7800,3,3.8409414740181504,7788.732998930233,40411.52125282694,313909.79481990956,,7.870181e-06,4.237973e-05,5.3848
7802,3,1.3663266772973344,7792.239297775743,40429.53847259677,314064.49302872695,,2.780930e-06,1.324366e-05,4.7623
7804,3,1.3210010681389386,7792.388018168838,40430.915351921445,314068.84375025204,,2.687907e-06,1.059493e-05,3.9417
7806,3,2.6426800942291933,7794.401786438629,40445.088831112036,314204.56691297673,,5.356453e-06,1.721676e-05,3.2142
7808,3,1.342701998332616,7796.591488389601,40458.76424344374,314317.2162270882,,2.710131e-06,1.589240e-05,5.8641
7810,3,1.9843833433937035,7797.621317918261,40461.00458758936,314321.73833880515,,3.997477e-06,2.383860e-05,5.9634
7812,3,3.278044878687904,7801.427760892466,40484.163580953384,314523.27992468927,,6.555544e-06,2.118986e-05,3.2324
7814,3,1.3206617427389873,7802.710069107178,40490.05683748002,314551.5521753885,,2.634643e-06,7.946199e-06,3.0160
7816,3,1.3216778097775277,7805.2308866069425,40506.834626978096,314724.1061445109,,2.623955e-06,1.191930e-05,4.5425
7818,3,2.6426769692009966,7806.297517631289,40510.567922996,314737.1252640095,,5.235908e-06,3.046043e-05,5.8176
7820,3,1.96721235283046,7808.944889667007,40523.447211213745,314834.36226924043,,3.877949e-06,1.589240e-05,4.0981
7822,3,1.3206613967568483,7810.575226087804,40539.91752318389,314996.80647454335,,2.595229e-06,6.621832e-06,2.5515
7824,3,2.657048799184916,7811.983237969115,40540.9620006287,314985.0092747335,,5.207441e-06,2.118986e-05,4.0692
7826,3,1.770580338023001,7814.929992701535,40560.198608875085,315158.9957142099,,3.450540e-06,1.191930e-05,3.4543
7828,3,1.4118312101279586,7814.947201896582,40562.064706144265,315180.1554840634,,2.751294e-06,1.059493e-05,3.8509
7830,3,3.6512653518444145,7818.908854490851,40583.20494182455,315359.5229494939,,7.061659e-06,2.118986e-05,3.0007
7832,3,1.4838886282126316,7824.088029657625,40611.8251233609,315609.6345805239,,2.841586e-06,6.621832e-06,2.3303
7834,3,1.320660879109242,7821.411769416279,40597.65043564066,315481.87973145547,,2.541990e-06,7.946199e-06,3.1260
7836,3,2.6447035571868445,7824.801661864099,40613.7924506272,315608.30022392445,,5.057625e-06,1.589240e-05,3.1423
7838,3,1.3206607069124507,7827.637439944568,40628.02476609383,315741.6161794027,,2.511925e-06,1.191930e-05,4.7451
7840,3,2.1125178107099827,7827.385769544637,40630.28593650585,315753.86036812246,,4.019936e-06,1.059493e-05,2.6356
7842,3,2.6426707478804956,7831.481710654174,40652.41698817695,315941.8817614947,,4.989522e-06,1.721676e-05,3.4506
7844,3,1.3846755397930979,7832.032085227656,40654.43667276632,315961.8099033795,,2.611609e-06,7.946199e-06,3.0426
7846,3,1.320660363045867,7833.545108360069,40664.89278391731,316042.4025490698,,2.483652e-06,1.059493e-05,4.2659
7848,3,2.6653262097742774,7835.489479580264,40677.27145278269,316159.59191711794,,4.993804e-06,1.854113e-05,3.7128
7850,3,1.7717891315632113,7838.467629616674,40695.72996774595,316318.3173282355,,3.300770e-06,7.946199e-06,2.4074
7852,3,1.450019851768597,7839.039783694375,40699.632126431105,316357.4232913692,,2.698364e-06,1.456803e-05,5.3988
7854,3,3.755587219039969,7842.392452121534,40718.406668235366,316511.9393631462,,6.944132e-06,2.516296e-05,3.6236
7856,3,1.3230236800203112,7846.215409678295,40741.01482971628,316710.2145428976,,2.428446e-06,1.324366e-05,5.4536
7858,3,1.320659848559462,7845.885353595492,40738.089299727144,316671.66679685295,,2.425649e-06,1.191930e-05,4.9139
7860,3,3.54815652961625,7849.139064847203,40756.86333723879,316841.44072049076,,6.476415e-06,4.237973e-05,6.5437
7862,3,1.3206596774131827,7852.790083675794,40776.131823173324,316998.17243245506,,2.393813e-06,6.621832e-06,2.7662
7864,3,1.3216695273427643,7852.697546731661,40773.18661686751,316953.9907064253,,2.396090e-06,1.059493e-05,4.4218
7866,3,2.929121334177707,7854.739797669569,40782.97793410955,317044.76949436404,,5.289599e-06,2.383860e-05,4.5067
7868,3,1.5900671693515998,7857.581571247613,40803.82510269896,317238.131152815,,2.855823e-06,1.324366e-05,4.6374
7870,3,1.762674096834444,7857.7626072715575,40803.33930016434,317225.92842337245,,3.164752e-06,1.059493e-05,3.3478
7872,3,2.708356167576901,7861.497656244558,40824.37007558018,317396.003881638,,4.828020e-06,1.589240e-05,3.2917
7874,3,1.3767788490489197,7863.718820455589,40838.21353255732,317521.1799216394,,2.443876e-06,9.270565e-06,3.7934
7876,3,1.4753145413778128,7863.719456025753,40834.838053761465,317481.3739667264,,2.618813e-06,7.946199e-06,3.0343
7878,3,2.909804146983447,7866.230411747828,40852.460504865325,317634.1961288414,,5.140331e-06,2.118986e-05,4.1223
7880,3,1.7694593628169086,7870.131741247695,40872.00027975469,317788.51988091983,,3.102624e-06,1.721676e-05,5.5491
7882,3,1.587212579704559,7870.210893044565,40874.18110986868,317817.85270304035,,2.782628e-06,6.621832e-06,2.3797
7884,3,2.6778394783647665,7873.015999473407,40886.73237032343,317907.21190191084,,4.669585e-06,2.383860e-05,5.1051
7886,3,1.320658654183385,7874.838827813988,40898.066253150995,318013.2895039641,,2.294920e-06,5.297466e-06,2.3083
7888,3,1.4605061407377657,7875.175438587668,40901.78889704553,318034.54436805926,,2.536283e-06,1.456803e-05,5.7439
7890,3,3.534352914470086,7878.591076161636,40920.957603676194,318205.7927810735,,6.097691e-06,1.854113e-05,3.0407
7892,3,1.3209935066971352,7881.528513258036,40936.4970509346,318337.3714705484,,2.266294e-06,9.270565e-06,4.0906
7894,3,1.3206583144901127,7882.3405671134415,40941.48046242245,318365.28903060476,,2.262197e-06,1.456803e-05,6.4398
7896,3,3.2391939764219733,7884.773271720659,40954.26544006566,318485.5180079253,,5.522763e-06,2.383860e-05,4.3164
7898,3,1.471135574685212,7887.517473593087,40970.61837377525,318616.19703706127,,2.495111e-06,1.986550e-05,7.9618
7900,3,1.7832942557941411,7888.501578667294,40977.556637792804,318681.39237015764,,3.018840e-06,1.059493e-05,3.5096
7902,3,2.6466899344707446,7891.228465974748,40989.341866357565,318766.41116671823,,4.457171e-06,1.721676e-05,3.8627
7904,3,1.5250797029189713,7892.677944759502,40998.760729722555,318846.54024493555,,2.561192e-06,6.621832e-06,2.5854
7906,3,1.3641562380900496,7894.548113832097,41008.44162161289,318928.9604166292,,2.282762e-06,5.297466e-06,2.3206
7908,3,2.644666513407855,7895.79858305814,41016.67029018532,319002.9980800712,,4.414954e-06,2.118986e-05,4.7996
7910,3,2.131549502698361,7899.76643377168,41038.1514919912,319187.44569008943,,3.531459e-06,1.589240e-05,4.5002
7912,3,1.4169326779152323,7899.470582886975,41041.277981852596,319218.01270886284,,2.348801e-06,7.946199e-06,3.3831
7914,3,2.6426523106641584,7902.508148423238,41055.56341176357,319327.8769191841,,4.355288e-06,1.456803e-05,3.3449
7916,3,1.3209914736925725,7905.821821129979,41076.00808550387,319519.7405957463,,2.163315e-06,5.297466e-06,2.4488
7918,3,1.370980946542397,7903.759753235675,41063.480459406164,319398.62454067986,,2.254066e-06,9.270565e-06,4.1128
7920,3,3.912070019833301,7908.428647690254,41090.15908388456,319623.506892892,,6.374712e-06,2.913606e-05,4.5706
7922,3,1.41444193963843,7912.900646975786,41111.94458185014,319796.1815690942,,2.285218e-06,5.297466e-06,2.3181
7924,3,1.5900267507656987,7912.073058424634,41110.33068441909,319796.3577123357,,2.572941e-06,3.973099e-06,1.5442
7926,3,2.6426492704105167,7915.0129671599625,41127.24319587841,319956.09888602013,,4.252270e-06,2.251423e-05,5.2946
7928,3,1.3216586404214377,7917.120048749418,41141.78355232377,320075.4523875542,,2.118093e-06,9.270565e-06,4.3768
7930,3,1.9530210884838053,7917.885219114259,41141.85824833664,320057.06301683455,,3.125384e-06,6.621832e-06,2.1187
7932,3,2.644654315380479,7921.103177245789,41160.77856288331,320214.53534651984,,4.206196e-06,1.456803e-05,3.4635
7934,3,1.3206566263045068,7922.390702331352,41171.15048381117,320317.25785220653,,2.095248e-06,5.297466e-06,2.5283
7936,3,1.3658520327866268,7923.968624813466,41175.67070310005,320344.8001538495,,2.160452e-06,1.059493e-05,4.9040
7938,3,3.168776716064974,7925.931082735413,41190.10833286074,320470.2200655864,,4.993397e-06,1.456803e-05,2.9175
7940,3,1.7648882975551754,7929.221649909198,41207.78167948614,320618.0258101738,,2.763682e-06,9.270565e-06,3.3544
7942,3,1.553321919639693,7930.534096656828,41218.91921477428,320722.9392141095,,2.426250e-06,1.191930e-05,4.9126
7944,3,2.64867354686282,7932.640824675018,41227.68643357504,320781.1810133319,,4.120562e-06,6.621832e-06,1.6070
7946,3,1.3793669106967787,7934.554298923326,41236.91201882535,320840.9252397821,,2.138060e-06,1.324366e-05,6.1942
7948,3,1.3209887821379174,7935.325389595739,41242.55575937312,320893.2638246838,,2.044543e-06,6.621832e-06,3.2388
7950,3,3.589899547611735,7938.093661517308,41258.30356889436,321041.1435150035,,5.526857e-06,1.986550e-05,3.5944
7952,3,1.6073505081489,7941.459341280197,41276.05129027139,321189.2556924606,,2.458731e-06,1.324366e-05,5.3864
7954,3,1.368432589933592,7942.004607278867,41282.69772362503,321258.02774494694,,2.091053e-06,3.973099e-06,1.9000
7956,3,3.07275317921452,7944.687661781618,41297.18532400142,321378.13456508983,,4.671326e-06,2.251423e-05,4.8197
7958,3,1.3912850521662794,7947.421093560143,41313.59325735218,321537.07982035726,,2.104045e-06,1.589240e-05,7.5533
7960,3,1.7693677094779043,7947.811569771682,41316.41220032954,321541.206850728,,2.673816e-06,1.191930e-05,4.4578
7962,3,2.6426402047183366,7950.998425729654,41332.62427713795,321671.1745171659,,3.969223e-06,1.324366e-05,3.3366
7964,3,1.4752219348533397,7952.397186165928,41342.577355259375,321756.1900453399,,2.209830e-06,1.059493e-05,4.7945
7966,3,1.5871826937609392,7954.892847775924,41355.35173703461,321878.2277011713,,2.366226e-06,7.946199e-06,3.3582
7968,3,2.673247846886089,7956.069901731782,41363.07559457924,321937.5117202234,,3.976385e-06,1.456803e-05,3.6636
7970,3,1.762645888181495,7958.842937833833,41378.655484898496,322051.89718051034,,2.608012e-06,1.324366e-05,5.0781
7972,3,1.3209867776664632,7959.503636092811,41381.842159781554,322085.48255312577,,1.952067e-06,9.270565e-06,4.7491
7974,3,2.6466351256627334,7961.555885714391,41394.203365725094,322183.05962228915,,3.895680e-06,9.270565e-06,2.3797
7976,3,1.321650590117552,7963.943117549487,41409.73817131698,322336.05555679713,,1.936504e-06,2.648733e-06,1.3678
7978,3,1.320654788862461,7963.582345214952,41408.9575220666,322321.32870087156,,1.936372e-06,9.270565e-06,4.7876
7980,3,4.473567128562316,7968.130269667712,41436.01957059043,322564.1637911899,,6.502362e-06,2.383860e-05,3.6661
7982,3,1.4450755217822384,7972.509726318442,41460.86037962312,322774.09374171495,,2.082895e-06,1.324366e-05,6.3583
7984,3,1.3229802184778312,7972.440785676244,41461.186748306296,322788.4448161738,,1.907157e-06,1.324366e-05,6.9442
7986,3,2.934052514874976,7975.397240872279,41476.44305499144,322906.5692821501,,4.205773e-06,1.589240e-05,3.7787
7988,3,1.320985448050478,7977.651435741699,41487.46225167504,322990.49114870443,,1.885407e-06,3.973099e-06,2.1073
7990,3,1.9195223563982065,7978.359534549446,41491.893950528356,323038.8166900406,,2.735968e-06,9.270565e-06,3.3884
7992,3,2.716094328055692,7981.265479332515,41507.206475029096,323158.6208279347,,3.849896e-06,1.589240e-05,4.1280
7994,3,1.5871728718427374,7982.667660951546,41517.039152974925,323241.84893299936,,2.243675e-06,6.621832e-06,2.9513
7996,3,1.3209847852399053,7984.895938796571,41530.27686671097,323368.7226242836,,1.859432e-06,1.324366e-06,0.7122
7998,3,2.7983309940018692,7986.407368044163,41537.01726546928,323408.925226194,,3.927609e-06,5.297466e-06,1.3488
8000,3,1.7604315089249856,7989.8662146473425,41558.37927928903,323608.32127251837,,2.454542e-06,9.270565e-06,3.7769
8002,3,1.3206537951425248,7989.464409025957,41554.27200208952,323529.15782244544,,1.842796e-06,7.946199e-06,4.3120
8004,3,2.868851347877754,7992.446889398558,41569.91436934643,323681.88626927225,,3.980331e-06,1.456803e-05,3.6600
8006,3,1.3206536301020606,7995.352387803695,41589.338927712204,323854.4571319738,,1.822134e-06,3.973099e-06,2.1805
8008,3,1.9204707370090752,7995.719671806475,41588.039094336666,323832.0808531835,,2.647885e-06,1.589240e-05,6.0019
8010,3,3.5613327077103154,7999.252820045013,41607.803142931894,324002.6411426169,,4.877166e-06,1.456803e-05,2.9870
8012,3,1.3209834635936362,8001.700516022711,41619.672462504466,324098.324887766,,1.800616e-06,1.324366e-06,0.7355
8014,3,1.3206533005156351,8002.9684016287,41626.796220298114,324170.94906457514,,1.795803e-06,1.059493e-05,5.8998
8016,3,2.6566511861958872,8004.680397948971,41641.51904361984,324301.24722805753,,3.600587e-06,1.986550e-05,5.5173
8018,3,1.4046786737411578,8005.818040413586,41649.57052312108,324378.6595587822,,1.899624e-06,6.621832e-06,3.4859
8020,3,1.7648436179699103,8008.304842388582,41660.72577789494,324456.7388315057,,2.375388e-06,1.191930e-05,5.0178
8022,3,3.1855427304356883,8010.965663645274,41676.11971095303,324581.1446856871,,4.265790e-06,1.986550e-05,4.6569
8024,3,1.4330530177915672,8012.854873053106,41685.5464746966,324652.6561706471,,1.912098e-06,1.589240e-05,8.3115
8026,3,1.3206528073685568,8015.676764997602,41706.340079483634,324861.60797734116,,1.752601e-06,7.946199e-06,4.5339
8028,3,2.6525958935385527,8016.256434833986,41705.042634146106,324829.8453469304,,3.516342e-06,5.297466e-06,1.5065
8030,3,1.983584798788716,8019.14818197172,41721.14615379907,324945.0939352452,,2.614975e-06,3.973099e-06,1.5194
8032,3,1.3256261362386939,8020.410022422364,41731.50544188276,325054.6500520332,,1.743347e-06,7.946199e-06,4.5580
8034,3,2.9092279481424606,8022.5386318250385,41738.254547873614,325082.20741819777,,3.810480e-06,1.721676e-05,4.5183
8036,3,1.6250137005461405,8025.526230080271,41755.37109607499,325233.2804638839,,2.116291e-06,1.324366e-05,6.2580
8038,3,1.3206523156946586,8025.1405388238245,41753.708038980585,325212.0839740504,,1.721181e-06,3.973099e-06,2.3084
8040,3,3.575030141201509,8028.891509757055,41775.78995249693,325418.8399666688,,4.625925e-06,1.986550e-05,4.2944
8042,3,1.3206521521295922,8032.813451627021,41797.00845251665,325590.59373335243,,1.696090e-06,9.270565e-06,5.4658
8044,3,1.3209808360898037,8031.102678559637,41785.19656377636,325478.2438313723,,1.702090e-06,6.621832e-06,3.8904
8046,3,2.6586108502132433,8034.526383352571,41807.07954950589,325689.8155914331,,3.403227e-06,1.854113e-05,5.4481
8048,3,1.3229590082041058,8036.7054395955,41819.656208183726,325790.9645112476,,1.686440e-06,1.191930e-05,7.0677
8050,3,2.2131138969342676,8037.47912209198,41822.85210200843,325817.384775684,,2.817001e-06,1.059493e-05,3.7611
8052,3,2.9837822185169247,8041.191639467875,41847.21688199216,326037.43425665045,,3.771023e-06,1.324366e-05,3.5120
8054,3,1.320651662409688,8042.604978536023,41850.57878102555,326046.73970813624,,1.664612e-06,7.946199e-06,4.7736
8056,3,1.425401290963483,8045.12059702234,41867.951368407965,326211.3540034093,,1.787993e-06,6.621832e-06,3.7035
8058,3,2.853270809270626,8046.192257802863,41873.97405066837,326264.1614537886,,3.571750e-06,1.191930e-05,3.3371
8060,3,1.986693865871457,8049.148547571389,41891.91815674753,326423.0090380152,,2.472918e-06,9.270565e-06,3.7488
8062,3,1.3792188464083828,8050.470110240088,41899.38009555814,326488.59862238757,,1.712433e-06,9.270565e-06,5.4137
8064,3,3.168776716064974,8053.102977601388,41912.940823970006,326590.94544482953,,3.914585e-06,2.118986e-05,5.4131
8066,3,1.3707391935981996,8056.077977693458,41929.75630484091,326732.5301988203,,1.683744e-06,9.270565e-06,5.5059
8068,3,1.3209788791536368,8056.585911172319,41932.89389314491,326766.50850320596,,1.621043e-06,1.324366e-06,0.8170
8070,3,3.534049770725814,8059.206690405513,41946.03356335133,326870.79657861963,,4.315147e-06,1.324366e-05,3.0691
8072,3,1.321634777306146,8062.423691053139,41964.93907655451,327008.72801357514,,1.603834e-06,9.270565e-06,5.7803
8074,3,1.4710455074578646,8062.953626837994,41963.793119880545,327026.10314643313,,1.783364e-06,3.973099e-06,2.2279
8076,3,2.6445826542420052,8064.869995215492,41973.32120601815,327091.73418685026,,3.194334e-06,1.721676e-05,5.3898
8078,3,1.5871438160464566,8067.06812102313,41990.76182063035,327240.5649945519,,1.908993e-06,2.648733e-06,1.3875
8080,3,1.7782136453787734,8067.939177828719,41995.7789913467,327308.76040410774,,2.135246e-06,9.270565e-06,4.3417
8082,3,2.6465547516724617,8071.140035468775,42015.41785096999,327453.4567194527,,3.158507e-06,7.946199e-06,2.5158
8084,3,1.3825827948142568,8072.962975587954,42024.73714091504,327522.11536688707,,1.644290e-06,3.973099e-06,2.4163
8086,3,1.4450143894971197,8074.148790269364,42030.993780176934,327573.03456606175,,1.714647e-06,5.297466e-06,3.0895
8088,3,2.6485297925319187,8075.935497505826,42041.511348015505,327666.8317050547,,3.131999e-06,1.059493e-05,3.3828
8090,3,1.7626129606089074,8078.77168384233,42056.96034644972,327784.18536919286,,2.073085e-06,1.191930e-05,5.7495
8092,3,1.690014248567986,8080.121441887673,42064.143725880785,327846.9696640082,,1.982574e-06,1.059493e-05,5.3440
8094,3,2.8365008967333525,8082.6198449810945,42076.772008911204,327939.9655754452,,3.311675e-06,1.059493e-05,3.1993
8096,3,1.536884650648797,8084.476518142038,42087.863182167224,328033.22880245064,,1.787977e-06,7.946199e-06,4.4442
8098,3,1.32064987919354,8085.273539830576,42093.97575270348,328101.83426279767,,1.534063e-06,1.456803e-05,9.4964
8100,3,3.520863017849971,8088.469656201163,42112.99243372808,328249.7130517971,,4.064870e-06,2.781170e-05,6.8420
8102,3,1.3206497180438734,8091.043417373701,42126.487219013325,328371.62460832426,,1.517216e-06,7.946199e-06,5.2374
8104,3,1.3216295897864134,8091.780771022571,42131.338182583044,328413.13150652923,,1.516197e-06,1.854113e-05,12.2287
8106,3,3.1853671700757853,8094.6226894281235,42147.74314249088,328555.934339655,,3.634483e-06,1.456803e-05,4.0083
8108,3,1.3209756433637114,8096.633095403074,42161.9490157385,328669.731812558,,1.501421e-06,1.059493e-05,7.0566
8110,3,1.76260756765048,8098.291432755156,42170.345199694784,328761.95997247216,,1.997038e-06,3.973099e-06,1.9895
8112,3,2.8807061055136125,8100.841376504785,42182.519046852205,328844.4589436602,,3.247983e-06,1.324366e-05,4.0775
8114,3,1.3206492355486574,8102.172659762535,42192.21791071784,328917.1804949538,,1.485225e-06,6.621832e-06,4.4585
8116,3,1.3209750000369527,8104.650773440552,42203.81616464594,329035.8390720353,,1.478575e-06,1.059493e-05,7.1656
8118,3,3.009284630641001,8105.516220338003,42210.62317739393,329085.0925264096,,3.362713e-06,2.118986e-05,6.3014
8120,3,2.1907592111066485,8109.446191879784,42232.482544407714,329269.42801499984,,2.429714e-06,1.456803e-05,5.9958
8122,3,1.3764400330407867,8110.327860688476,42240.13478628676,329355.344568516,,1.523985e-06,3.973099e-06,2.6070
8124,3,2.6445593334073116,8112.520533350125,42249.76183395054,329418.2820125261,,2.915806e-06,1.059493e-05,3.6336
8126,3,1.4142875919802416,8116.049457466946,42271.81422347975,329622.4428784338,,1.548840e-06,9.270565e-06,5.9855
8128,3,1.3308862207472891,8114.153997932039,42259.00828157882,329504.7416891965,,1.462812e-06,3.973099e-06,2.7161
8130,3,3.5339517279535024,8118.379622225984,42284.76124167709,329725.8073000382,,3.852946e-06,2.648733e-05,6.8746
8132,3,1.4113039155583498,8122.094537581575,42301.99120438587,329860.54290421127,,1.527816e-06,6.621832e-06,4.3342
8134,3,1.6039487081316535,8121.442290751537,42299.63757808515,329844.6756503657,,1.738525e-06,1.059493e-05,6.0942
8136,3,2.664436878372951,8124.611965890339,42320.029273729306,330035.90806067357,,2.870499e-06,1.324366e-05,4.6137
8138,3,1.4449844130550598,8126.807308069081,42337.040063025095,330175.152013022,,1.550183e-06,3.973099e-06,2.5630
8140,3,2.0119217244856977,8127.521255763509,42337.73086444161,330180.8006879027,,2.155474e-06,1.059493e-05,4.9154
8142,3,2.814925570662007,8131.011741441857,42358.54533132703,330351.5701117925,,2.995682e-06,9.270565e-06,3.0946
8144,3,1.3229278203164092,8132.439678426963,42369.40418406157,330437.8374913195,,1.404021e-06,3.973099e-06,2.8298
8146,3,1.3206479558479258,8133.966690674597,42375.7264615054,330513.6812607736,,1.397523e-06,7.946199e-06,5.6859
8148,3,3.202132260444605,8136.137162951849,42388.88122439867,330608.41250651615,,3.374471e-06,1.456803e-05,4.3171
8150,3,1.7713658661232774,8139.55309940228,42406.483510632475,330746.529303634,,1.854548e-06,1.059493e-05,5.7129
8152,3,1.321621885018905,8140.475104393726,42419.28816280327,330893.98409917625,,1.381206e-06,5.297466e-06,3.8354
8154,3,2.6583697282424277,8142.288325989368,42423.962303411194,330892.80008620996,,2.768653e-06,1.191930e-05,4.3051
8156,3,1.3209718023524009,8144.748846053156,42434.51509201332,330966.0190108327,,1.369326e-06,3.973099e-06,2.9015
8158,3,1.3206474785496856,8144.828580083766,42436.95116891487,331002.8719313714,,1.368771e-06,7.946199e-06,5.8054
8160,3,3.755587219039969,8148.04969409634,42455.524364089775,331164.32693764736,,3.868511e-06,2.118986e-05,5.4775
8162,3,1.7949497738058675,8152.667278401019,42480.57552116484,331379.5149865812,,1.832660e-06,9.270565e-06,5.0585
8164,3,1.4496456530971729,8151.71074720735,42476.56466120814,331343.8350344136,,1.482806e-06,2.648733e-06,1.7863
8166,3,2.642590344523157,8154.650196232426,42491.74781373268,331472.23851267516,,2.687888e-06,1.059493e-05,3.9417
8168,3,1.3216193369260196,8157.577131846401,42509.592045377445,331650.038118208,,1.336758e-06,1.059493e-05,7.9258
8170,3,1.909449384142452,8157.098496121949,42509.73986362198,331635.45954328444,,1.933072e-06,1.059493e-05,5.4809
8172,3,2.652383473446978,8160.880769175469,42529.34768179545,331808.2045383379,,2.665846e-06,6.621832e-06,2.4840
8174,3,1.363358952153118,8162.341140404684,42538.520702088215,331882.31355736416,,1.366450e-06,2.648733e-06,1.9384
8176,3,1.60670368701886,8164.1908444127475,42550.21048183522,331993.1665846982,,1.604648e-06,1.059493e-05,6.6027
8178,3,2.799303436414051,8165.921969440349,42559.41442188967,332063.2733457205,,2.786481e-06,1.324366e-06,0.4753
8180,3,1.7647568934677988,8168.5443662826565,42573.83544121244,332176.7577106159,,1.747881e-06,3.973099e-06,2.2731
8182,3,1.3206465281553907,8169.542984336695,42582.45570557922,332268.9947294335,,1.305506e-06,5.297466e-06,4.0578
8184,3,3.035226739525837,8171.966784189189,42594.79669589589,332362.3437997156,,2.986558e-06,1.456803e-05,4.8779
8186,3,1.3206463702984064,8174.333761913894,42608.96422745414,332486.692810686,,1.293593e-06,3.973099e-06,3.0714
8188,3,1.3990949923147669,8174.884675799327,42611.75453622705,332520.66460554255,,1.368992e-06,5.297466e-06,3.8696
8190,3,4.609129768821781,8179.088963306588,42636.58294745602,332735.46110257856,,4.473798e-06,2.118986e-05,4.7364
8194,3,1.4142378649104486,8183.715643501357,42662.0835839638,332955.1801494674,,1.360615e-06,2.648733e-06,1.9467
8196,3,2.644524865830044,8185.786026938212,42671.031004516575,333033.2727730464,,2.534218e-06,1.059493e-05,4.1808
8198,3,1.3206458976521707,8187.552959908813,42680.75073986166,333111.2675204877,,1.261288e-06,9.270565e-06,7.3501
8200,3,1.8055707783846004,8189.089385722253,42690.268709782096,333194.9696932178,,1.719349e-06,6.621832e-06,3.8514
8202,3,2.642581803507176,8191.521126985177,42701.90391507656,333280.72886244935,,2.504726e-06,1.059493e-05,4.2300
8204,3,1.5898329915652447,8192.620631419075,42708.67231469498,333330.1428221303,,1.503725e-06,7.946199e-06,5.2843
8206,3,1.4709805061098262,8195.240470025632,42724.60063992841,333483.2308989738,,1.384346e-06,5.297466e-06,3.8267
8208,3,2.7959794553514477,8196.729709346606,42730.83042176118,333518.8132581672,,2.623840e-06,7.946199e-06,3.0285
8210,3,1.762580997946872,8199.43724919459,42746.29985042598,333648.86236760975,,1.645514e-06,3.973099e-06,2.4145
8212,3,1.320967377979304,8200.525751327677,42755.52883831575,333732.4310545469,,1.230651e-06,6.621832e-06,5.3808
8214,3,2.716094328055692,8202.857510268303,42766.617527389324,333818.2976714969,,2.519144e-06,9.270565e-06,3.6800
8216,3,1.459058936558843,8204.662355776329,42774.33018404269,333873.5336141165,,1.348605e-06,6.621832e-06,4.9101
8218,3,1.5870967142000638,8206.092863685884,42782.214951448936,333949.2097529861,,1.462940e-06,5.297466e-06,3.6211
8220,3,3.54694348464886,8209.008745312374,42799.800955265324,334094.04500192526,,3.251263e-06,1.986550e-05,6.1101
8222,3,1.3206449565006737,8211.673027815597,42811.98109655052,334184.8466050353,,1.204409e-06,1.324366e-06,1.0996
8224,3,1.3255013714258714,8212.884522541506,42820.86027987758,334266.15176613216,,1.206029e-06,2.648733e-06,2.1962
8226,3,2.6464508837465717,8214.308486690543,42828.16070038486,334325.911376089,,2.401370e-06,9.270565e-06,3.8605
8228,3,1.5648280079333206,8216.706690708308,42846.184066081325,334495.4771852168,,1.413388e-06,6.621832e-06,4.6851
8230,3,1.7625757616764166,8217.653909974488,42847.58562065599,334488.7476187117,,1.589138e-06,3.973099e-06,2.5002
8232,3,3.168776716064974,8220.9487415073,42866.84162870679,334650.3098236114,,2.839002e-06,6.621832e-06,2.3325
8236,3,1.3890683403755923,8224.533630592357,42889.657195589694,334851.692381337,,1.235987e-06,1.191930e-05,9.6435
8238,3,2.6425733372484466,8226.167990516531,42895.584610141406,334896.33027837053,,2.344035e-06,1.059493e-05,4.5200
8240,3,1.777861523864837,8228.945425561302,42910.52134564072,335014.6167604472,,1.568656e-06,5.297466e-06,3.3771
8242,3,1.4449256021306374,8230.01857955939,42923.9010851232,335154.48308443185,,1.272248e-06,2.648733e-06,2.0819
8244,3,2.6522800707151766,8232.145688934432,42929.4444616935,335176.7287911114,,2.325883e-06,1.191930e-05,5.1246
8246,3,1.7354355240112433,8234.507735739167,42943.87752027986,335306.3888181838,,1.514997e-06,6.621832e-06,4.3709
8248,3,1.3216067450384366,8234.767745502082,42946.83958348036,335334.8406001119,,1.153154e-06,3.973099e-06,3.4454
8250,3,3.912070019833301,8238.755094348324,42970.19050258484,335533.7472991659,,3.387474e-06,1.191930e-05,3.5186
8252,3,1.320964254513581,8242.921182307644,42990.660348211386,335698.24537845433,,1.134756e-06,2.648733e-06,2.3342
8254,3,1.3206437101499073,8241.523814492572,42983.77742137335,335642.22348895686,,1.137515e-06,3.973099e-06,3.4928
8256,3,2.705053294201807,8244.623483346113,43003.95010833425,335828.8093042352,,2.316149e-06,1.986550e-05,8.5770
8258,3,1.3206435550355597,8247.32628871658,43018.68736487711,335959.53003191296,,1.124943e-06,1.324366e-06,1.1773
8260,3,2.1495795266873508,8247.690184134035,43019.10794710558,335944.22568631946,,1.829779e-06,3.973099e-06,2.1714
8262,3,2.816690414279977,8251.406034329239,43041.46014242976,336135.2732294478,,2.380639e-06,7.946199e-06,3.3378
8266,3,1.320643245257451,8254.34995569156,43056.822485112934,336264.5636951589,,1.109928e-06,3.973099e-06,3.5796
8268,3,2.937190538955056,8255.963066319367,43067.75574325243,336364.7508720535,,2.460922e-06,3.973099e-06,1.6145
8270,3,1.76256536529944,8258.77664920759,43083.33681325411,336501.13955005776,,1.468835e-06,2.648733e-06,1.8033
8272,3,1.4996268409360989,8260.317146379299,43094.87667004619,336596.31986193673,,1.246023e-06,5.297466e-06,4.2515
8274,3,3.1850268530704353,8262.640442800795,43104.69091718756,336675.93557847175,,2.634693e-06,1.589240e-05,6.0320
8276,3,1.3209623949408091,8264.99842517519,43118.70525895418,336791.40013813466,,1.087793e-06,1.324366e-06,1.2175
8278,3,1.3206427817134863,8266.409919601248,43127.853241785604,336873.38545872597,,1.084591e-06,6.621832e-06,6.1054
8280,3,3.6885231615571126,8268.776707962517,43140.87484624758,336991.2699299739,,3.015550e-06,1.456803e-05,4.8310
8282,3,1.367856650291364,8271.809369246095,43157.6360364916,337119.2977359532,,1.111820e-06,2.648733e-06,2.3823
8284,3,1.4110550522334409,8273.361640166595,43165.7808580256,337190.32757686015,,1.143533e-06,6.621832e-06,5.7907
8286,3,2.642562163505961,8274.531878161324,43171.66434629504,337244.4959383618,,2.136773e-06,6.621832e-06,3.0990
8288,3,1.6296565968334151,8277.117442919207,43189.08268291225,337397.1600778203,,1.311221e-06,1.324366e-06,1.0100
8290,3,1.7625602048245321,8278.171429556514,43195.2875344184,337447.7229657781,,1.415296e-06,1.324366e-06,0.9358
8292,3,2.6444798428698983,8281.058847019813,43209.65897721681,337552.7174519548,,2.111770e-06,7.946199e-06,3.7628
8294,3,1.6596660690201883,8283.172647488782,43220.034532911566,337636.97995810054,,1.319996e-06,2.648733e-06,2.0066
8296,3,1.4322154648881238,8283.713923969195,43226.27735657702,337699.0188343345,,1.137903e-06,3.973099e-06,3.4916
8298,3,2.646400307534292,8286.364038205422,43242.29256198399,337837.3871375779,,2.091934e-06,3.973099e-06,1.8992
8300,3,1.7821652312573928,8289.704879870302,43256.39399266773,337932.6825277333,,1.399817e-06,2.648733e-06,1.8922
8304,3,2.656089645044715,8292.63015957148,43272.081606513624,338063.5958376533,,2.074607e-06,1.324366e-05,6.3837
8306,3,1.3206417053221886,8294.116350058333,43280.85056866671,338135.1450721207,,1.028590e-06,3.973099e-06,3.8627
8308,3,1.3868651409833441,8294.875503434083,43288.85839900385,338213.02282640553,,1.078586e-06,2.648733e-06,2.4557
8310,3,3.5336661560966984,8298.023856411013,43306.28049444237,338361.2358403605,,2.731678e-06,1.059493e-05,3.8785
8312,3,1.3215968463819685,8300.322018913972,43318.687596582255,338463.42117095017,,1.017171e-06,3.973099e-06,3.9060
8314,3,1.3206413991141228,8301.286487247591,43324.78283039171,338530.6332465469,,1.014558e-06,1.324366e-06,1.3054
8316,3,3.520863017849971,8304.264997501039,43344.4171358106,338700.3439359577,,2.689435e-06,1.721676e-05,6.4016
8318,3,1.3206412462310722,8307.152359406093,43362.61977810978,338862.55347483774,,1.003215e-06,6.621832e-06,6.6006
8320,3,1.9204707370090752,8308.701591128556,43371.15449586409,338931.9012972769,,1.454552e-06,6.621832e-06,4.5525
8322,3,2.835359447680341,8311.367396689053,43383.853400007385,339033.1475274544,,2.136573e-06,1.191930e-05,5.5787
8326,3,1.3909235385760061,8315.246450214949,43404.34185733406,339191.64384425554,,1.040377e-06,6.621832e-06,6.3648
8328,3,2.6483013134262827,8315.744164438085,43407.167076070225,339226.5852190657,,1.978980e-06,9.270565e-06,4.6845
8330,3,2.2533523314239816,8319.000880308833,43426.43815237471,339401.54394717264,,1.673380e-06,7.946199e-06,4.7486
8332,3,1.3209580976388107,8320.31625159171,43436.18430934696,339483.0352247787,,9.784928e-07,3.973099e-06,4.0604
8334,3,2.646375348557516,8322.501410488403,43447.59980854493,339582.55036768725,,1.952114e-06,7.946199e-06,4.0706
8336,3,1.322867607862706,8325.531268139253,43465.70572339803,339754.4835650819,,9.701752e-07,1.324366e-06,1.3651
8338,3,1.4709175737702134,8324.550795588819,43457.09609543275,339652.3349554219,,1.080792e-06,3.973099e-06,3.6761
8340,3,3.54656274790727,8328.290413840576,43481.307857445514,339870.33096183906,,2.587308e-06,1.324366e-05,5.1187
8342,3,1.3667637697019657,8331.45548372138,43496.13056238455,339980.5466984791,,9.910785e-07,3.973099e-06,4.0089
8344,3,1.595166510127946,8332.082063347663,43502.31277079781,340053.8835682318,,1.155302e-06,9.270565e-06,8.0244
8346,3,2.9081414017565996,8334.770726623927,43518.30474381447,340201.77053546824,,2.095410e-06,5.297466e-06,2.5281
8348,3,1.3209568804379568,8336.178753235312,43531.38810852718,340317.07944417297,,9.492129e-07,3.973099e-06,4.1857
8350,3,1.7711007907972582,8338.141704497424,43537.591095136464,340353.58150827925,,1.267928e-06,5.297466e-06,4.1781
8352,3,2.7384490138833106,8340.646791066642,43551.218988946865,340466.4659548452,,1.951077e-06,7.946199e-06,4.0727
8354,3,1.3206398768749832,8341.543008713481,43560.38788194484,340555.6885179586,,9.392967e-07,2.648733e-06,2.8199
8356,3,1.3209562735872196,8344.01411050925,43574.106616443416,340686.2261064438,,9.350896e-07,5.297466e-06,5.6652
8358,3,3.1848618770602277,8345.496218276396,43583.36987505093,340747.95646166464,,2.248134e-06,5.297466e-06,2.3564
8360,3,2.071095892852924,8349.392821363192,43604.97532485861,340927.0669440258,,1.451087e-06,9.270565e-06,6.3887
8362,3,1.3702818231632319,8350.429434180332,43615.33364491762,341031.78679692675,,9.581521e-07,6.621832e-06,6.9110
8364,3,2.888913245415361,8352.827092898207,43624.29770509917,341085.51754370757,,2.010821e-06,7.946199e-06,3.9517
8366,3,1.365177537955621,8355.741942256214,43634.03151580768,341148.61996209587,,9.449657e-07,7.946199e-06,8.4090
8368,3,1.322857842119255,8355.064103123055,43636.049059397104,341172.3611521813,,9.168414e-07,2.648733e-06,2.8890
8370,3,3.6422720874310044,8358.46051688247,43654.69872260254,341345.5586286109,,2.508021e-06,1.324366e-05,5.2805
8372,3,1.810729552037128,8362.937428226553,43676.306786558205,341525.62353727495,,1.236224e-06,7.946199e-06,6.4278
8374,3,1.3636956073719904,8361.807816516353,43676.311048086136,341530.67714030104,,9.330174e-07,3.973099e-06,4.2583
8376,3,2.6482571978640994,8365.077592178006,43691.61434732375,341667.7472909499,,1.800610e-06,9.270565e-06,5.1486
8378,3,1.3629580332256752,8368.344248186091,43712.12087862161,341861.90228870313,,9.209234e-07,1.324366e-06,1.4381
8380,3,1.7646531672197696,8366.956043607881,43705.165789260456,341778.2782117816,,1.195509e-06,7.946199e-06,6.6467
8382,3,2.957524934993976,8371.2335999672,43726.665215685614,341953.86276498716,,1.987333e-06,1.589240e-05,7.9968
8384,3,1.3305586986060938,8373.905329584866,43740.02016161517,342058.50690042455,,8.895256e-07,5.297466e-06,5.9554
8386,3,1.5870422748801125,8374.315368188336,43746.47414354841,342140.42624015664,,1.060145e-06,5.297466e-06,4.9969
8388,3,2.652078636822056,8376.38165048604,43756.461861491705,342215.2097921096,,1.764609e-06,7.946199e-06,4.5031
8390,3,1.7625347723765088,8379.633199048745,43773.063887532626,342350.43360340374,,1.165467e-06,5.297466e-06,4.5454
8392,3,1.321584685783227,8379.199730539036,43772.98780164854,342341.02246809646,,8.746089e-07,3.973099e-06,4.5427
8394,3,2.6425374904908336,8381.899719675137,43785.669110434654,342448.333713154,,1.739802e-06,7.946199e-06,4.5673
8398,3,1.6267516831135695,8384.21101751725,43802.659022923865,342597.76536885777,,1.066284e-06,5.297466e-06,4.9682
8400,3,4.225035621419965,8388.749673179329,43827.70257775194,342823.81331641163,,2.745429e-06,1.854113e-05,6.7535
8402,3,1.3206380693292938,8393.436146994909,43850.63709888372,343013.4900324367,,8.504993e-07,2.648733e-06,3.1143
8404,3,1.4747883011276335,8392.861592015783,43852.11585240155,343034.08583176037,,9.508016e-07,2.648733e-06,2.7858
8406,3,2.6463260747065913,8395.199927957683,43861.84942561074,343123.5924759139,,1.698500e-06,5.297466e-06,3.1189
8410,3,1.8256326759222072,8398.436484738955,43882.55151186544,343294.5521822308,,1.164505e-06,1.059493e-05,9.0982
8412,3,2.6444250134066305,8401.077679303868,43895.04061717138,343387.6332274436,,1.678294e-06,6.621832e-06,3.9456
8414,3,1.5870334137220237,8401.901920359891,43898.219076738096,343414.4055320572,,1.005634e-06,1.324366e-06,1.3169
8416,3,1.3253823429262823,8404.272518535457,43918.79904259703,343617.4346806575,,8.360134e-07,2.648733e-06,3.1683
8418,3,2.8132803774588147,8405.993856868345,43926.47572798533,343667.0488099653,,1.768714e-06,1.456803e-05,8.2365
8420,3,1.7646330161061907,8409.241630504517,43944.21993208587,343822.06395417114,,1.102555e-06,6.621832e-06,6.0059
8422,3,1.3206373222691,8409.507496284486,43947.897179873944,343824.02223654295,,8.247176e-07,6.621832e-06,8.0292
8424,3,2.8807061055136125,8412.14325139339,43959.26255572643,343915.8231260293,,1.789927e-06,9.270565e-06,5.1793
8426,3,1.470876720055434,8414.673444536458,43971.28990203672,344030.04293593764,,9.095221e-07,6.621832e-06,7.2806
8428,3,1.6230319765210843,8415.329506512922,43977.92683464202,344087.4843662741,,1.002338e-06,6.621832e-06,6.6064
8430,3,3.533482598559111,8418.601468368262,43996.499577533985,344254.17901353934,,2.168554e-06,1.456803e-05,6.7179
8432,3,1.4569088349724018,8421.765264425505,44012.68580189575,344392.6733722194,,8.887356e-07,2.648733e-06,2.9803
8434,3,1.320636875734473,8421.658206866126,44013.764754882235,344394.76108566776,,8.057679e-07,2.648733e-06,3.2872
8436,3,2.8758645826472033,8424.28208992668,44030.93914179307,344565.7467758599,,1.745863e-06,7.946199e-06,4.5514
8438,3,1.3206367271719686,8426.487095352888,44047.947063000865,344717.24253680994,,7.983350e-07,5.297466e-06,6.6356
8440,3,1.7688546261925693,8427.377822959146,44050.83286942993,344722.4043685421,,1.067473e-06,7.946199e-06,7.4439
8442,3,3.2175271270813584,8430.965760703286,44070.56506120881,344896.0433350427,,1.928438e-06,1.059493e-05,5.4940
8444,3,1.3209496741933568,8433.174498247326,44079.72460804053,344954.233078734,,7.883866e-07,2.648733e-06,3.3597
8446,3,1.3675857875883362,8434.502724516973,44093.79807948433,345096.38884067663,,8.141287e-07,1.324366e-06,1.6267
8448,3,2.934052514874976,8436.338715900387,44099.35618149852,345136.8932044582,,1.740556e-06,1.059493e-05,6.0871
8450,3,1.9204707370090752,8439.47008748567,44116.41439833375,345272.73127183033,,1.132468e-06,3.973099e-06,3.5084
8452,3,1.3209490810692455,8440.29639250224,44126.331889667876,345361.59466441727,,7.776950e-07,2.648733e-06,3.4059
8454,3,2.6425240560409162,8442.166611935125,44131.35397629469,345399.5045164385,,1.550231e-06,9.270565e-06,5.9801
8456,3,1.5950218369454567,8445.302856502192,44149.637240555894,345570.79536248784,,9.301144e-07,5.297466e-06,5.6955
8458,3,1.3206359864682113,8444.637444323154,44148.791881940306,345558.8432123352,,7.710834e-07,2.648733e-06,3.4351
8460,3,3.599104418246637,8448.45818089005,44170.97785859482,345756.3530024942,,2.086104e-06,7.946199e-06,3.8091
8462,3,1.3206358387478165,8453.216123712551,44194.714710365595,345963.76731291524,,7.585336e-07,1.191930e-05,15.7136
8464,3,1.3831961855839172,8450.634261938916,44181.20389202988,345830.5045277496,,7.983988e-07,7.946199e-06,9.9527
8466,3,2.8514643700118283,8454.294398619253,44204.53335782795,346039.15621074877,,1.634397e-06,1.191930e-05,7.2928
8468,3,1.3885093591521012,8457.004188385157,44219.20030705928,346167.6244526966,,7.917482e-07,1.324366e-06,1.6727
8470,3,2.3472420118999806,8457.804759952625,44224.038314742465,346195.55003455246,,1.336381e-06,2.648733e-06,1.9820
8472,3,2.648170474964081,8461.471355211805,44243.656825617065,346360.76881861134,,1.497175e-06,6.621832e-06,4.4229
8474,3,1.4043154730498222,8462.161974663997,44249.63680641076,346429.1551808546,,7.928916e-07,2.648733e-06,3.3406
8476,3,1.4492993450099543,8464.983600776504,44266.47370442326,346567.77121784043,,8.138803e-07,3.973099e-06,4.8817
8478,3,2.657683697344817,8466.231741935888,44271.773025861905,346605.41096918384,,1.488919e-06,5.297466e-06,3.5579
8480,3,1.7949497738058675,8468.463419461057,44287.93650245046,346751.07052809914,,1.001289e-06,3.973099e-06,3.9680
8482,3,1.3206351022367195,8469.800701654354,44294.45976155096,346799.5468558065,,7.348186e-07,5.297466e-06,7.2092
8484,3,3.200784561681792,8472.255892827354,44307.88448636147,346905.5928583692,,1.772612e-06,1.059493e-05,5.9770
8486,3,1.3206349553512948,8475.076975290329,44323.82016228996,347051.1850060718,,7.274367e-07,3.973099e-06,5.4618
8488,3,1.3215703962184735,8476.129965286278,44330.57398609971,347106.8036493585,,7.264843e-07,3.973099e-06,5.4689
8490,3,3.5333927794793305,8478.447629382694,44343.59771586127,347215.08025962074,,1.933756e-06,9.270565e-06,4.7941
8492,3,1.474707023183234,8481.946096872207,44360.691230916316,347354.8662734646,,8.016998e-07,5.297466e-06,6.6078
8496,3,2.6869744083591884,8484.257467665497,44374.015976115035,347471.0183766605,,1.454280e-06,1.191930e-05,8.1960
8498,3,1.5870071817647722,8486.57932721243,44389.30491434376,347608.75918808323,,8.551257e-07,3.973099e-06,4.6462
8500,3,1.8777936095199845,8487.31208838514,44393.69494059351,347634.3761981741,,1.010391e-06,6.621832e-06,6.5537
8502,3,2.9076285924810295,8491.095599420925,44417.692080327455,347850.29211094126,,1.553215e-06,5.297466e-06,3.4106
8504,3,1.3215680460497181,8492.772128680002,44424.887825760976,347907.53369741305,,7.037076e-07,3.973099e-06,5.6460
8506,3,1.3206342229973604,8493.771762730072,44431.6920015318,347965.92544760095,,7.018634e-07,1.324366e-06,1.8869
8508,3,2.644382266588875,8495.532724131494,44443.607287499966,348072.15479933005,,1.400643e-06,5.297466e-06,3.7822
8510,3,1.8969547688008008,8498.774708322491,44460.22893292415,348193.97653060505,,9.985464e-07,3.973099e-06,3.9789
8512,3,1.6775876732108685,8499.686539430231,44467.44094640816,348257.19320912944,,8.815264e-07,3.973099e-06,4.5071
8514,3,3.005614771335341,8502.586571461656,44481.72990999842,348377.9698823135,,1.570639e-06,5.297466e-06,3.3728
8516,3,1.320944376231442,8504.575377681589,44494.325310947184,348496.3327564632,,6.876576e-07,1.324366e-06,1.9259
8518,3,1.3206337852365377,8505.545277117515,44501.96855296891,348568.16428483464,,6.862154e-07,3.973099e-06,5.7899
8520,3,3.5718900181086664,8508.402079879252,44516.531073961225,348683.4915004346,,1.845883e-06,1.059493e-05,5.7398
8522,3,1.3206336395903566,8511.235656068338,44532.19024439434,348817.9899905867,,6.787873e-07,2.648733e-06,3.9022
8524,3,1.3209437930989498,8511.690821443959,44534.32404219418,348832.76801844843,,6.783567e-07,2.648733e-06,3.9046
8526,3,3.286138816659973,8514.541130209103,44551.2755582036,348986.6728194569,,1.678376e-06,9.270565e-06,5.5235
8528,3,1.477285182314673,8517.042310940786,44567.78813743198,349122.7539574357,,7.509048e-07,5.297466e-06,7.0548
8530,3,1.7625001710976353,8518.374392795015,44576.07299507583,349215.1321026619,,8.935960e-07,5.297466e-06,5.9283
8532,3,2.6749413836912117,8521.10092986263,44589.53980526948,349305.1106420283,,1.349159e-06,1.191930e-05,8.8346
8534,3,1.4140012119879402,8522.748975670376,44599.36228571382,349386.57216809265,,7.109320e-07,2.648733e-06,3.7257
8536,3,1.4824686390947246,8524.631436071864,44609.25028945452,349473.9432919274,,7.426776e-07,3.973099e-06,5.3497
8538,3,2.642505565472902,8525.517773299629,44614.300513018134,349510.6491734404,,1.321581e-06,7.946199e-06,6.0126
8540,3,2.1483231973321857,8529.25465606832,44636.271695869975,349695.68076132674,,1.066769e-06,2.648733e-06,2.4829
8542,3,1.3206329134064807,8529.342529155323,44641.75546431934,349767.304480142,,6.556495e-07,3.973099e-06,6.0598
8544,3,2.6709995307827366,8532.262973634679,44655.22984807041,349867.3152857912,,1.318684e-06,1.191930e-05,9.0388
8546,3,1.3206327685777695,8535.253296595145,44673.745432777294,350034.70946139545,,6.482776e-07,2.648733e-06,4.0858
8548,3,1.3209420502565934,8533.691213798353,44663.44506250644,349923.0322659237,,6.503744e-07,6.621832e-06,10.1816
8550,3,3.7279726071352637,8538.01151826913,44690.30072122806,350167.60648674046,,1.820361e-06,5.297466e-06,2.9101
8554,3,1.7668330780483492,8542.05793069397,44710.42190384903,350334.6866195256,,8.560938e-07,5.297466e-06,6.1880
8556,3,2.8617852115529323,8544.947697954269,44726.121016312856,350477.3540745104,,1.378992e-06,7.946199e-06,5.7623
8558,3,1.4708170229605821,8546.944590079444,44744.11571839216,350643.5283575175,,7.060136e-07,3.973099e-06,5.6275
8560,3,1.7771975232956996,8547.85075417394,44742.87344375758,350623.82689255907,,8.516223e-07,7.946199e-06,9.3307
8562,3,2.6425003491863466,8550.75269603116,44761.994034617506,350781.2416051647,,1.259244e-06,7.946199e-06,6.3103
8564,3,1.3209408937936427,8552.084710123558,44771.73134723236,350855.9321235378,,6.278671e-07,5.297466e-06,8.4372
8568,3,3.380028497135972,8555.875379982175,44793.02674922104,351049.1414518202,,1.594976e-06,5.297466e-06,3.3213
8570,3,1.7624904931459504,8559.84433080646,44814.005533049734,351220.26326377236,,8.253989e-07,7.946199e-06,9.6271
8572,3,1.32094031718262,8559.95573305029,44820.37979666907,351309.9656250213,,6.184698e-07,2.648733e-06,4.2827
8574,3,2.6424977520093336,8562.238508066332,44829.322086007116,351356.87798336975,,1.231853e-06,9.270565e-06,7.5257
8576,3,1.340636302950566,8564.750119776683,44840.77887975623,351444.49290087965,,6.219736e-07,5.297466e-06,8.5172
8578,3,1.3206316148128652,8564.855719881409,44843.34024047288,351475.41795441933,,6.125644e-07,5.297466e-06,8.6480
8580,3,4.267712748909056,8568.466506473053,44864.47053134915,351662.08831954096,,1.965906e-06,1.191930e-05,6.0630
8582,3,1.5869814650014435,8572.94844070663,44886.73993641702,351844.6611787447,,7.248014e-07,2.648733e-06,3.6544
8584,3,1.4083452071399885,8572.836585139521,44889.85240990398,351878.6752948792,,6.433441e-07,1.324366e-06,2.0586
8586,3,2.6924246607088014,8575.322186574844,44901.22865158941,351980.4715494094,,1.224097e-06,3.973099e-06,3.2457
8588,3,1.4105842297268565,8578.064951944461,44917.602961594894,352125.69927017175,,6.379553e-07,1.324366e-06,2.0760
8590,3,1.7624856880485853,8577.593326895887,44913.94601730356,352063.5144774363,,7.978303e-07,5.297466e-06,6.6398
8592,3,2.6555661744800627,8581.04083248958,44933.75674147965,352243.49943186314,,1.194197e-06,6.621832e-06,5.5450
8594,3,1.3206310411539706,8583.17764590207,44947.628027752304,352361.6987418231,,5.914546e-07,2.648733e-06,4.4783
8596,3,1.5895830739604624,8584.699521618497,44955.05542711044,352437.050365333,,7.098392e-07,6.621832e-06,9.3286
8598,3,2.6424925794345695,8586.229834556934,44962.838081264825,352494.18220443354,,1.176576e-06,1.324366e-06,1.1256
8600,3,1.8033688628012048,8588.950381660638,44977.73490382293,352632.3493710314,,7.987855e-07,6.621832e-06,8.2899
8602,3,1.6393436273587167,8589.481938758952,44982.073796056124,352649.81607989327,,7.253902e-07,5.297466e-06,7.3029
8604,3,2.651789234962953,8592.221525174122,44998.2966050441,352798.7637828972,,1.167246e-06,5.297466e-06,4.5384
8606,3,1.4447310255615382,8594.047718634247,45012.73334231668,352940.883172145,,6.337032e-07,3.973099e-06,6.2697
8608,3,1.32526866402218,8594.94481492319,45015.02609535985,352952.90723875514,,5.803121e-07,1.324366e-06,2.2822
8610,3,4.333369868123041,8598.920789349539,45038.92814286485,353155.57897479605,,1.883113e-06,1.589240e-05,8.4394
8612,3,1.3209374502114954,8602.98211109586,45058.956127617734,353309.0579551076,,5.695893e-07,5.297466e-06,9.3005
8614,3,1.3624095591680392,8603.54406238509,45065.96760454138,353400.2856551143,,5.868323e-07,2.648733e-06,4.5136
8616,3,2.6480440344333815,8605.39373043619,45074.11894078271,353452.00099646556,,1.136574e-06,6.621832e-06,5.8261
8618,3,1.3758217556536825,8607.40042765393,45084.89274991975,353525.5029599137,,5.882579e-07,2.648733e-06,4.5027
8620,3,1.7645350788758596,8608.598407378046,45089.551717959504,353561.3247583003,,7.527374e-07,3.973099e-06,5.2782
8622,3,2.646183211528752,8610.97879391061,45100.46542647365,353639.23301501665,,1.123721e-06,1.191930e-05,10.6070
8624,3,1.7604315089249856,8612.534293580144,45111.71564987123,353753.78898290894,,7.453512e-07,7.946199e-06,10.6610
8626,3,1.4042030153542826,8614.623511103791,45124.90864650408,353877.9003162064,,5.921517e-07,6.621832e-06,11.1827
8628,3,2.6443301744940158,8616.276685581111,45134.160665239004,353949.7408391479,,1.111590e-06,7.946199e-06,7.1485
8630,3,1.762476144823853,8619.67443048705,45153.50941069095,354116.7271590243,,7.360850e-07,6.621832e-06,8.9960
8632,3,1.458135189210594,8619.483623623193,45151.321518375225,354062.22037802084,,6.092043e-07,2.648733e-06,4.3479
8634,3,2.6424848745658966,8622.355622965133,45168.15806368104,354225.2162450152,,1.097968e-06,7.946199e-06,7.2372
8636,3,1.4196119687971083,8625.296331312884,45184.94770682077,354372.37039292254,,5.865460e-07,2.648733e-06,4.5158
8638,3,1.58696459926506,8624.560037257212,45179.98168173262,354320.38322158705,,6.566183e-07,3.973099e-06,6.0509
8640,3,3.520863017849971,8628.432997424086,45203.50374567469,354526.678481441,,1.446016e-06,9.270565e-06,6.4111
8642,3,1.3785389593698298,8631.287896124046,45218.07246955016,354648.2594948443,,5.630831e-07,5.297466e-06,9.4080
8644,3,1.3209351757565895,8631.587228616438,45221.72160190396,354679.6307093489,,5.392412e-07,1.324366e-06,2.4560
8646,3,2.9567971080135416,8634.35011184727,45237.906098645864,354820.5517959595,,1.200676e-06,7.946199e-06,6.6181
8648,3,1.4139338785968931,8636.650092809072,45254.40140740245,354974.02278668,,5.716313e-07,3.973099e-06,6.9505
8650,3,1.77072643002981,8637.313134300046,45255.552517679185,354965.66539567005,,7.149759e-07,3.973099e-06,5.5570
8652,3,3.200150742956706,8640.883568759571,45275.81358143123,355144.8403723109,,1.283342e-06,2.648733e-06,2.0639
8654,3,1.320628908834015,8643.115961620399,45289.44806013231,355252.5226436349,,5.273461e-07,5.297466e-06,10.0455
8656,3,1.3227732117154345,8644.578741734693,45298.77355811311,355351.22088169854,,5.267236e-07,3.973099e-06,7.5430
8658,3,2.963011994242573,8646.069616627057,45304.15942530946,355381.9638056754,,1.176512e-06,6.621832e-06,5.6284
8662,3,1.3621614475838135,8650.020473814131,45331.674845736576,355628.62164586975,,5.367839e-07,1.324366e-06,2.4672
8664,3,2.7959794553514477,8652.134962477046,45338.970808111655,355676.4726019495,,1.097374e-06,2.648733e-06,2.4137
8666,3,1.5869562484020696,8655.231819740446,45357.04109616267,355834.19219636923,,6.191711e-07,3.973099e-06,6.4168
8668,3,1.4745494690140903,8654.707085223885,45356.59660123394,355841.4319540753,,5.758869e-07,3.973099e-06,6.8991
8670,3,3.755587219039969,8658.884641637356,45379.48237254476,356033.55424860504,,1.455072e-06,6.621832e-06,4.5509
8672,3,1.3252318979825635,8662.626934024835,45397.881177433985,356180.2619649969,,5.097913e-07,3.973099e-06,7.7936
8674,3,1.3206282046191586,8661.468233167188,45396.760397863945,356199.28673684224,,5.091380e-07,1.324366e-06,2.6012
8676,3,2.651695996707091,8664.665477138613,45414.84699486322,356344.5155229,,1.016064e-06,2.648733e-06,2.6069
8678,3,1.3206280641658843,8667.13113342533,45425.6249873631,356431.50776171876,,5.036554e-07,2.648733e-06,5.2590
8680,3,2.1853632524586026,8668.197772929017,45433.86779047277,356497.5782712188,,8.317381e-07,6.621832e-06,7.9614
8682,3,2.6424747009399954,8671.107134150638,45448.448949147176,356609.3688910333,,1.000135e-06,5.297466e-06,5.2968
8684,3,1.4490824651977567,8671.818231427427,45451.869429499595,356643.3719259904,,5.477100e-07,2.648733e-06,4.8360
8688,3,2.6553994827360117,8675.688098329163,45474.65935126069,356841.90962506545,,9.962524e-07,6.621832e-06,6.6467
8690,3,1.9814380619934902,8678.536166997455,45493.30341256765,357003.1155455683,,7.393476e-07,2.648733e-06,3.5825
8692,3,1.3807305952352829,8679.659517391741,45499.94296650434,357044.11045161827,,5.140945e-07,6.621832e-06,12.8806
8694,3,3.3196708454014012,8682.587560208336,45515.048342819704,357176.0707898418,,1.229129e-06,9.270565e-06,7.5424
8698,3,1.320627363838136,8685.641414572608,45532.52621015731,357330.2517648012,,4.861207e-07,1.324366e-06,2.7244
8700,3,3.6512653518444145,8688.779234947415,45550.59043144132,357484.84388932266,,1.335976e-06,6.621832e-06,4.9566
8702,3,1.404148272731564,8692.054193489637,45568.11041512168,357633.5167964287,,5.105610e-07,3.973099e-06,7.7818
8704,3,1.4083452071399885,8692.546165591428,45571.98418982737,357664.9913557698,,5.116031e-07,1.324366e-06,2.5887
8706,3,2.6424696562538603,8694.711758991529,45582.08907591565,357751.3024007335,,9.559548e-07,1.324366e-06,1.3854
8708,3,1.5895158284468316,8697.247520657207,45599.227281448206,357912.6634690097,,5.722424e-07,1.324366e-06,2.3143
8710,3,1.9500164406553686,8697.93435403745,45601.34549229435,357907.38962465595,,7.011088e-07,1.324366e-06,1.8890
8712,3,2.934052514874976,8701.499943821447,45622.213242194695,358093.94555309444,,1.047732e-06,3.973099e-06,3.7921
8714,3,1.3206268058916022,8703.445127839705,45632.977869783,358180.6049761394,,4.698357e-07,2.648733e-06,5.6376
8716,3,1.3209301193518437,8704.43102168043,45638.25909654631,358202.6393552953,,4.690582e-07,2.648733e-06,5.6469
8718,3,2.642467144340881,8705.977718038417,45648.134313633425,358313.1794915647,,9.355544e-07,3.973099e-06,4.2468
8720,3,1.776884139849518,8709.149242559475,45665.3602977807,358464.86625157093,,6.252929e-07,1.324366e-06,2.1180
8722,3,1.602599718469642,8710.290515748002,45671.292811695326,358493.7703118495,,5.627322e-07,2.648733e-06,4.7069
8724,3,2.6442895354749094,8712.56546859847,45683.62851392867,358592.1633917168,,9.244759e-07,6.621832e-06,7.1628
8726,3,1.3206263887750722,8713.99856962582,45692.0850405254,358684.2507403024,,4.604418e-07,2.648733e-06,5.7526
8728,3,1.3215360500883155,8714.789679082054,45696.53484967852,358692.9396462948,,4.600620e-07,2.648733e-06,5.7573
8730,3,3.557924733827339,8717.688179284756,45714.549616425735,358866.0825969535,,1.231749e-06,1.324366e-06,1.0752
8732,3,1.3818725528704399,8720.467653633337,45733.06392524252,359036.6571145337,,4.758595e-07,2.648733e-06,5.5662
8734,3,1.4707402479626461,8721.77090750696,45738.705528946906,359073.29652871186,,5.052034e-07,5.297466e-06,10.4858
8736,3,3.456847326616335,8724.569762084393,45754.56521615484,359222.44651747856,,1.181093e-06,5.297466e-06,4.4852
8740,3,1.9527475561184713,8729.157104306012,45782.225192860744,359464.32373691374,,6.613543e-07,7.946199e-06,12.0150
8742,3,2.7924086003637703,8731.63856119401,45794.20826363528,359558.0547441856,,9.412559e-07,9.270565e-06,9.8491
8744,3,1.321533827506474,8732.14593749421,45799.380062217715,359612.90834132617,,4.450222e-07,1.324366e-06,2.9760
8746,3,1.3206256961256069,8735.871967295692,45816.05738102201,359739.332880032,,4.415634e-07,1.324366e-06,2.9993
8748,3,2.6406472633874785,8735.742400298028,45817.89135551791,359763.5415259252,,8.831354e-07,5.297466e-06,5.9985
8750,3,2.1125178107099827,8738.646262913497,45836.4287461514,359930.49440342945,,7.025872e-07,3.973099e-06,5.6550
8752,3,1.3227462438619846,8740.712714999767,45846.406017903035,360002.39719858166,,4.381890e-07,3.973099e-06,9.0671
8754,3,2.6424596499786843,8742.439781136673,45856.91169270855,360097.0905325706,,8.724823e-07,6.621832e-06,7.5896
8756,3,1.4744730912315869,8745.259593399187,45875.28487989593,360266.950197453,,4.842141e-07,1.324366e-06,2.7351
8758,3,1.3784139331627403,8744.07189279419,45864.354950728404,360156.47664636694,,4.537056e-07,1.324366e-06,2.9190
8760,3,3.570452637819689,8748.230324022647,45891.1627470452,360394.3019226099,,1.165886e-06,5.297466e-06,4.5437
8762,3,1.4446526141083191,8751.865178362807,45912.27793087129,360576.2044222033,,4.684616e-07,2.648733e-06,5.6541
8764,3,1.5894828543605657,8752.198141423036,45913.32964341822,360588.8130078621,,5.150994e-07,1.324366e-06,2.5711
8766,3,2.646091896920236,8754.72765195822,45927.84690160147,360709.1553252112,,8.533697e-07,9.270565e-06,10.8635
8768,3,1.3301038067433224,8756.187543684182,45937.54844936074,360802.8995259327,,4.277619e-07,1.324366e-06,3.0960
8772,3,2.8853901804819273,8760.470013504313,45961.43240172353,360994.54289026145,,9.203692e-07,2.648733e-06,2.8779
8774,3,1.367075017919769,8761.5875233357,45972.48593604488,361103.82089310087,,4.351244e-07,3.973099e-06,9.1309
8776,3,1.3215294066998522,8763.518820489257,45978.007205907445,361125.96061739797,,4.190842e-07,6.621832e-06,15.8007
8778,3,3.7279726071352637,8766.127251105128,45995.88643986696,361296.0636188175,,1.176316e-06,5.297466e-06,4.5034
8780,3,1.76445995631383,8770.004622980914,46016.96111927539,361467.7960221884,,5.526392e-07,3.973099e-06,7.1893
8784,3,2.685403996665232,8772.787956557775,46034.46823853404,361626.7202897618,,8.366102e-07,2.648733e-06,3.1660
8786,3,1.39051468392034,8775.446408056237,46046.38900839686,361727.89327957993,,4.310070e-07,1.324366e-06,3.0727
8788,3,1.4403530527568063,8775.601568068132,46046.40508943899,361716.9004430578,,4.463239e-07,2.648733e-06,5.9346
8790,3,3.5329622034783217,8778.738857435164,46064.263595560595,361873.75399992,,1.088209e-06,5.297466e-06,4.8681
8794,3,1.3206240466270027,8781.986630199333,46084.89241186455,362047.352111905,,4.042494e-07,2.648733e-06,6.5522
8796,3,2.6442596399447797,8784.538867963116,46097.252927335925,362162.84635173716,,8.054825e-07,5.297466e-06,6.5768
8798,3,1.362832235667418,8787.560614095975,46116.08950630272,362344.3866376694,,4.127432e-07,2.648733e-06,6.4174
8800,3,1.9560350099166506,8787.31278925682,46116.19794006637,362323.67864484596,,5.926767e-07,6.621832e-06,11.1728
8802,3,2.657048799184916,8790.82846905279,46135.214754462904,362486.88527581934,,7.996867e-07,9.270565e-06,11.5927
8804,3,1.3856469897835344,8792.05433755383,46144.713911219376,362562.7750461868,,4.160543e-07,2.648733e-06,6.3663
8806,3,1.738300369955643,8794.87977899853,46160.564792226454,362707.9623733494,,5.191273e-07,3.973099e-06,7.6534
8808,3,2.6478819134241562,8796.255318178808,46165.026083392084,362735.760834256,,7.886959e-07,5.297466e-06,6.7167
8810,3,1.7624342751467432,8798.124614667313,46176.95377689498,362836.9149940635,,5.230799e-07,1.324366e-06,2.5319
8812,3,1.3209235061288567,8800.183411360826,46190.49235443337,362948.5019103991,,3.904977e-07,2.648733e-06,6.7830
8814,3,2.906658412770492,8801.788371934896,46198.946329737424,363014.6670153512,,8.566468e-07,3.973099e-06,4.6380
8816,3,1.449767124997047,8803.935801668575,46211.16725303049,363138.9480949764,,4.255209e-07,3.973099e-06,9.3370
8818,3,1.3206232286149313,8804.993187331245,46215.96208384855,363163.560094634,,3.868340e-07,5.297466e-06,13.6944
8820,3,4.225035621419965,8808.593557399825,46239.51010028202,363381.81040556973,,1.229075e-06,1.721676e-05,14.0079
8822,3,1.4707030149749252,8812.495119827578,46260.8130815723,363567.8334675678,,4.246501e-07,3.973099e-06,9.3562
8824,3,1.3215228357188924,8812.96398558447,46264.45118608694,363593.811694983,,3.812323e-07,1.324366e-06,3.4739
8826,3,2.642444844914631,8815.16419108389,46275.7665675387,363701.6859010903,,7.590910e-07,5.297466e-06,6.9787
8830,3,1.7624297285718924,8818.017544243188,46292.11437924207,363824.3515200383,,5.035328e-07,3.973099e-06,7.8904
8832,3,2.7663923711678344,8820.765581682579,46307.068384754966,363954.2953070757,,7.862243e-07,3.973099e-06,5.0534
8836,3,1.349664156842489,8824.105067080685,46330.42633704504,364168.13584978395,,3.811321e-07,3.973099e-06,10.4245
8838,3,2.6460473600406225,8825.772380679033,46337.78599178463,364226.95391966944,,7.448432e-07,1.324366e-06,1.7780
8842,3,1.3206224150455594,8828.941509329343,46354.59609687754,364347.2010537337,,3.694993e-07,3.973099e-06,10.7527
8844,3,2.9791917843345908,8832.423062520451,46376.03838723662,364546.9637318638,,8.280121e-07,6.621832e-06,7.9973
8846,3,1.320622279880053,8836.023070524634,46396.41183768345,364722.81571747724,,3.645226e-07,3.973099e-06,10.8995
8848,3,1.604964830214727,8834.561026481819,46385.661941767205,364618.79991310457,,4.442532e-07,3.973099e-06,8.9433
8850,3,3.5826325444789178,8838.678484739687,46411.409109206455,364851.4648972049,,9.838774e-07,9.270565e-06,9.4225
8852,3,1.3209207929925604,8842.320940953417,46433.36167832078,365052.5867853103,,3.602349e-07,1.324366e-06,3.6764
8856,3,2.708356167576901,8844.431224880218,46443.86393068547,365122.1443401789,,7.356360e-07,5.297466e-06,7.2012
8858,3,1.3659180000424966,8846.736169663884,46459.55111931422,365262.7880346303,,3.693701e-07,1.324366e-06,3.5855
8860,3,1.764423417108489,8846.814727951698,46458.52678739439,365245.3579325123,,4.770644e-07,2.648733e-06,5.5521
8862,3,3.1839383271466244,8850.720600407512,46483.07841416856,365466.20470530563,,8.544534e-07,5.297466e-06,6.1998
8866,3,1.6555782215595476,8854.814418546535,46505.49057961129,365646.98709069594,,4.408307e-07,1.324366e-06,3.0043
8868,3,2.644230231180406,8856.181799561944,46510.905610062364,365694.3729358705,,7.022448e-07,9.270565e-06,13.2013
8870,3,1.7624206970706635,8858.793612140284,46529.46418474237,365864.0094018483,,4.657168e-07,2.648733e-06,5.6874
8872,3,1.3215163359680786,8860.084285923169,46536.81540202999,365927.59472655365,,3.483469e-07,1.324366e-06,3.8019
8874,3,2.9210122814755315,8862.124798000335,46547.761235240556,366011.43904519815,,7.669688e-07,5.297466e-06,6.9070
8876,3,1.5894181623437011,8864.529254023886,46562.477781355396,366138.34301800263,,4.154150e-07,2.648733e-06,6.3761
8880,3,3.621459104074256,8868.6495454323,46587.24625919671,366342.1021963566,,9.390755e-07,3.973099e-06,4.2309
8882,3,1.3206210688714128,8872.387105363918,46609.06174522007,366533.912671249,,3.400066e-07,1.324366e-06,3.8951
8884,3,1.3209186400901762,8871.849112098953,46604.18170443109,366483.8109495708,,3.404359e-07,2.648733e-06,7.7804
8886,3,2.642432690881317,8874.238495311294,46617.031035234955,366589.0765869968,,6.779197e-07,1.324366e-06,1.9536
8888,3,1.481844704482311,8876.729093979944,46630.139996746184,366694.43774949416,,3.783627e-07,1.324366e-06,3.5003
8890,3,2.1294179531956625,8877.799133773608,46636.81224422518,366768.70543932583,,5.425954e-07,3.973099e-06,7.3224
8892,3,3.0501594058379426,8881.34497108167,46658.40696676354,366957.84677721316,,7.719480e-07,5.297466e-06,6.8625
8894,3,1.3206206673814094,8882.058973824807,46661.25441436421,366965.6962269321,,3.337736e-07,2.648733e-06,7.9357
8896,3,1.3299610304652263,8885.029734219934,46679.31210397575,367137.6455977434,,3.342270e-07,3.973099e-06,11.8874
8898,3,2.6424302797705894,8885.708003162246,46682.88647012039,367163.6854398053,,6.631974e-07,5.297466e-06,7.9878
8900,3,1.7806663538551577,8888.337695718463,46700.92630605941,367312.6374744393,,4.446630e-07,1.324366e-06,2.9784
8904,3,3.2309095928505616,8892.110747313489,46722.04949309886,367489.94899703044,,8.010092e-07,9.270565e-06,11.5736
8906,3,1.3616132940837797,8894.579421869928,46738.19232365527,367628.4586168817,,3.359782e-07,6.621832e-06,19.7091
8908,3,1.4192626118465,8895.685404749862,46743.870516906456,367690.9984968482,,3.494633e-07,3.973099e-06,11.3691
8910,3,3.912070019833301,8898.936852424853,46762.28122557303,367836.4459524829,,9.572886e-07,2.648733e-06,2.7669
8914,3,1.3206200006346356,8903.375167040758,46786.726882938914,368030.9974609707,,3.204248e-07,2.648733e-06,8.2663
8916,3,2.6442108899237637,8904.52446698874,46789.61927012136,368052.30808493315,,6.401692e-07,2.648733e-06,4.1376
8918,3,1.7284236633081675,8907.153015088628,46806.406225293256,368204.85701484594,,4.163523e-07,3.973099e-06,9.5426
8920,3,1.7683972623590352,8907.973470244657,46810.46151921963,368230.6712578127,,4.253139e-07,3.973099e-06,9.3416
8922,3,2.642425477032857,8911.206275592107,46831.12174123016,368415.5801874781,,6.315993e-07,2.648733e-06,4.1937
8924,3,1.397756145432169,8913.34916120951,46844.09622252626,368524.6597481863,,3.327268e-07,1.324366e-06,3.9803
8926,3,1.3206196020213996,8913.535232662014,46842.61660184744,368498.2461023575,,3.142559e-07,1.324366e-06,4.2143
8928,3,2.7317040655732536,8915.6491950598,46853.41851731294,368592.8407789355,,6.474170e-07,5.297466e-06,8.1825
8930,3,1.9054082214246901,8919.627413130162,46875.71907864168,368781.2836264745,,4.481590e-07,5.297466e-06,11.8205
8932,3,1.8256326759222072,8919.591223730904,46879.707751097456,368826.5970241994,,4.294186e-07,1.324366e-06,3.0841
8934,3,2.6424230853534416,8922.756133781762,46892.53096302187,368920.1225618123,,6.177991e-07,2.648733e-06,4.2874
8936,3,1.3215077784486213,8923.865068251127,46899.386147542165,368993.0794294482,,3.083131e-07,3.973099e-06,12.8866
8938,3,1.3668339537303986,8925.056414614532,46911.23302645447,369111.466007592,,3.181556e-07,1.324366e-06,4.1626
8940,3,3.5448144669509913,8928.119553489576,46929.26536426018,369262.7635169146,,8.202952e-07,3.973099e-06,4.8435
8942,3,1.4137411657880343,8931.18559546224,46948.578024550276,369431.10982121143,,3.252332e-07,5.297466e-06,16.2882
8946,3,3.2147010162978,8934.5705352161,46964.411743033954,369551.5256547198,,7.347800e-07,7.946199e-06,10.8144
8948,3,1.3209143805222374,8936.978827464145,46980.17486715554,369684.854672793,,3.005289e-07,1.324366e-06,4.4068
8950,3,1.7703774496533753,8938.736029992191,46989.88551231189,369779.6781145961,,4.014368e-07,1.324366e-06,3.2991
8952,3,2.647764910997687,8941.186790651636,47003.80250726187,369892.0607544275,,5.975767e-07,2.648733e-06,4.4325
8954,3,1.5089412933642734,8942.265138264856,47008.942419607934,369914.4115381231,,3.398536e-07,1.324366e-06,3.8969
8956,3,1.320913852360567,8944.432606222314,47018.68979816013,370011.85930387606,,2.962759e-07,2.648733e-06,8.9401
8958,3,2.6424183212435395,8945.485141756419,47026.35605642728,370065.2869670603,,5.914879e-07,3.973099e-06,6.7171
8960,3,2.1125178107099827,8948.951677279158,47046.23531436918,370238.7635526123,,4.697457e-07,3.973099e-06,8.4580
8962,3,1.3206184125894065,8949.482471367912,47050.36756100437,370286.42432045814,,2.933572e-07,1.324366e-06,4.5145
8964,3,2.673247846886089,8951.953457007192,47064.3546075991,370405.1419055292,,5.910235e-07,5.297466e-06,8.9632
8966,3,1.3206182810201603,8954.744063348764,47082.36995071529,370570.30238866684,,2.904155e-07,3.973099e-06,13.6807
8968,3,1.422515863248982,8953.197815337762,47071.91885418875,370468.4535641396,,3.137527e-07,2.648733e-06,8.4421
8970,3,4.0238434489713955,8958.11792321733,47103.8892551109,370762.7012468718,,8.791749e-07,1.324366e-06,1.5064
8972,3,1.3209127988654008,8962.402683137394,47129.33141698527,370975.5271788053,,2.862497e-07,2.648733e-06,9.2532
8976,3,3.129656015866641,8965.106865466592,47140.28882424571,371066.63790213544,,6.747247e-07,2.648733e-06,3.9257
8978,3,1.340636302950566,8966.886954143294,47153.72184019445,371175.8874700504,,2.880422e-07,2.648733e-06,9.1956
8980,3,1.7643698344483076,8968.397722325091,47158.83079004917,371240.4896167879,,3.779935e-07,1.324366e-06,3.5037
8982,3,2.6459604369556624,8971.078702640201,47177.55037211199,371401.03043668455,,5.639544e-07,6.621832e-06,11.7418
8984,3,1.3215014404642063,8972.655196697426,47190.940794152644,371513.1378909219,,2.808089e-07,2.648733e-06,9.4325
8988,3,3.1989555419322593,8976.027058026062,47203.98032664578,371605.29299571214,,6.753957e-07,5.297466e-06,7.8435
8990,3,1.8885855268160765,8979.84726334438,47226.11656861371,371794.94824740326,,3.958317e-07,3.973099e-06,10.0373
8992,3,1.3250559744596666,8980.331875905951,47231.34719456853,371869.9463885968,,2.774606e-07,1.324366e-06,4.7732
8994,3,2.6424112228152588,8982.572970043004,47241.483003571,371933.85024769715,,5.509457e-07,1.324366e-06,2.4038
8996,3,1.44877617002439,8985.070130771754,47253.66950268332,372033.49748210545,,3.006333e-07,2.648733e-06,8.8105
8998,3,1.470630744556499,8984.688724487214,47252.218294400736,372027.7484829821,,3.053904e-07,1.324366e-06,4.3366
9000,3,3.520863017849971,8988.350070849534,47274.468311534234,372224.85476862633,,7.260309e-07,1.059493e-05,14.5929
9002,3,1.586860102740806,8992.203232093032,47296.39354171202,372411.17031876656,,3.248192e-07,2.648733e-06,8.1545
9004,3,1.3209107031173468,8991.560537501708,47293.689862822794,372402.6482770577,,2.707130e-07,1.324366e-06,4.8921
9006,3,2.8322908768495183,8994.570430581221,47311.416716372085,372557.87001392053,,5.771260e-07,3.973099e-06,6.8843
9010,3,1.914613092059592,8997.132043142601,47328.01494213621,372676.54950955,,3.882230e-07,1.324366e-06,3.4114
9012,3,2.644172827157021,9000.659470718841,47347.36761151949,372853.66531843,,5.325484e-07,2.648733e-06,4.9737
9014,3,1.3206167113012184,9002.324004755472,47358.16986398697,372927.80282359215,,2.651309e-07,2.648733e-06,9.9903
9016,3,1.6598354227007006,9004.573454233321,47370.407703101635,373055.6051675863,,3.318024e-07,2.648733e-06,7.9829
9018,3,2.6566511861958872,9005.66211124598,47374.19112479073,373066.78656074527,,5.299659e-07,1.324366e-06,2.4990
9020,3,2.006189753760667,9008.560249649316,47393.474775984585,373245.5155499371,,3.979897e-07,3.973099e-06,9.9829
9022,3,1.4445279891416087,9009.581127689482,47398.36263397917,373279.96266817895,,2.860083e-07,2.648733e-06,9.2610
9024,3,2.699328313684978,9011.9094468721,47414.715369049525,373419.02227463434,,5.320692e-07,6.621832e-06,12.4454
9026,3,1.3206163214813016,9014.486923133369,47431.072644546395,373571.02094946324,,2.590263e-07,1.324366e-06,5.1129
9028,3,1.3810649125706909,9014.274942179136,47427.75050626825,373552.20785545517,,2.709947e-07,1.324366e-06,4.8871
9030,3,4.328085270722891,9018.477041308763,47452.891672239966,373754.79919142136,,8.424567e-07,5.297466e-06,6.2881
9034,3,1.3206160621769494,9022.745122485798,47477.82143624521,373968.4002037943,,2.549644e-07,2.648733e-06,10.3886
9036,3,2.6512522724773877,9025.05866509688,47490.846665005105,374087.0439410716,,5.096019e-07,5.297466e-06,10.3953
9038,3,1.3206159326969922,9026.688672942868,47498.31116948987,374136.4560675533,,2.530489e-07,2.648733e-06,10.4673
9040,3,1.776291252248634,9027.914410232288,47504.52944791962,374193.2938534612,,3.395662e-07,1.324366e-06,3.9002
9042,3,2.9557862372073833,9030.616277592257,47520.06901948712,374329.44762664504,,5.621304e-07,6.621832e-06,11.7799
9046,3,1.320615674080754,9034.702295133291,47548.35224327679,374592.11950244743,,2.491931e-07,1.324366e-06,5.3146
9048,3,2.9873989242363392,9036.591700957606,47555.20258397348,374622.29736309795,,5.616793e-07,1.324366e-06,2.3579
9052,3,1.3850893853610862,9039.764067903621,47573.06341459474,374752.557383603,,2.588429e-07,5.297466e-06,20.4659
9054,3,2.6459180164082117,9042.836577010074,47588.76940557584,374901.4364310664,,4.915680e-07,2.648733e-06,5.3883
9056,3,1.325022292304749,9045.680236220573,47606.311705086424,375059.6942064672,,2.448299e-07,1.324366e-06,5.4093
9062,3,1.3902894993561423,9052.101074443235,47639.57227977193,375339.22318451374,,2.537549e-07,1.324366e-06,5.2191
9064,3,1.481551269887364,9051.818891633771,47637.18430844051,375316.8178237034,,2.705588e-07,2.648733e-06,9.7899
9066,3,2.642397195304899,9054.487036170423,47656.25680373907,375489.27311731974,,4.800859e-07,2.648733e-06,5.5172
9068,3,1.3209065560344428,9056.388730636332,47670.570470104365,375617.412120941,,2.391149e-07,1.324366e-06,5.5386
9070,3,1.762376737111643,9057.30064212338,47674.70276057931,375655.1638199403,,3.184762e-07,2.648733e-06,8.3169
9072,3,3.168776716064974,9060.829208724694,47694.664438174885,375815.09830222104,,5.687703e-07,2.648733e-06,4.6569
9074,3,1.4445039261076904,9063.067522605868,47702.403145003926,375854.3588225319,,2.581733e-07,2.648733e-06,10.2595
9076,3,1.3209060417650642,9064.686275158298,47718.28393283372,376024.1437819571,,2.353468e-07,1.324366e-06,5.6273
9078,3,2.8490661661682526,9066.090800232974,47721.95647298599,376046.15460552863,,5.062654e-07,2.648733e-06,5.2319
9080,3,1.7682556489646521,9069.184798193319,47740.44061974265,376189.2534520514,,3.123544e-07,2.648733e-06,8.4799
9082,3,1.4038884185097986,9070.135314905934,47750.09286178709,376289.0455004783,,2.475359e-07,2.648733e-06,10.7004
9084,3,2.6441448094317,9071.953165000325,47754.06725543113,376299.81361507473,,4.646115e-07,3.973099e-06,8.5514
9086,3,1.7913162722394589,9075.031350318115,47771.66911317972,376453.9526861431,,3.129090e-07,2.648733e-06,8.4649
9090,3,3.5564272907575467,9078.523842851442,47794.892099582525,376664.42291069863,,6.170939e-07,5.297466e-06,8.5845
9092,3,1.3209050159437143,9082.604570606196,47816.750785969685,376854.87276844616,,2.274149e-07,1.324366e-06,5.8236
9096,3,2.647651632786384,9083.964163504173,47827.97888598951,376953.67962509964,,4.546451e-07,2.648733e-06,5.8259
9098,3,1.3206140041660712,9086.566555397127,47842.27007979408,377090.0443298496,,2.256447e-07,1.324366e-06,5.8693
9100,3,2.3045648844108904,9087.09954918334,47845.46899685282,377112.1782246388,,3.933642e-07,7.946199e-06,20.2006
9104,3,1.3226522448007827,9091.86557116206,47873.000848667136,377352.84815723356,,2.237119e-07,2.648733e-06,11.8399
9106,3,1.3780582134380532,9094.086647851971,47887.42767443396,377484.8114590803,,2.320929e-07,1.324366e-06,5.7062
9108,3,3.073769301297594,9095.898368941082,47897.61154049461,377572.24491044995,,5.158932e-07,1.324366e-06,2.5671
9110,3,1.7623681772516357,9098.470075502857,47914.34052058808,377718.0794724829,,2.943365e-07,2.648733e-06,8.9990
9114,3,3.278044878687904,9102.43122108887,47935.21572667494,377892.3470176571,,5.433408e-07,1.324366e-06,2.4375
9116,3,1.3790467774362154,9105.271102239061,47950.29682083761,378031.665037423,,2.273408e-07,2.648733e-06,11.6509
9118,3,1.3638711479671466,9106.801922845052,47959.51598273676,378101.4689169839,,2.241808e-07,3.973099e-06,17.7227
9120,3,3.7279726071352637,9109.183582194484,47972.6098968688,378220.1729560783,,6.099845e-07,2.648733e-06,4.3423
9126,3,2.8807061055136125,9114.731706219058,48002.995362259346,378493.77790165116,,4.663747e-07,2.648733e-06,5.6794
9128,3,1.5942292795109496,9117.253431755056,48019.65972774737,378633.74363308295,,2.568544e-07,1.324366e-06,5.1561
9132,3,2.6441263770414802,9121.693431282889,48043.45109555092,378829.54215445364,,4.224059e-07,1.324366e-06,3.1353
9138,3,2.642383389135925,9126.219752462628,48071.19220905015,379062.6917525481,,4.184831e-07,3.973099e-06,9.4940
9140,3,1.764300589164381,9128.706187841975,48083.62342386231,379140.4437787311,,2.780934e-07,1.324366e-06,4.7623
9142,3,1.5868221343121067,9130.885208431346,48096.66477010243,379268.67932223115,,2.490772e-07,2.648733e-06,10.6342
9144,3,2.6617724414945783,9132.317885513465,48101.22951154432,379277.80866330006,,4.166693e-07,2.648733e-06,6.3569
9146,3,1.4136199082903254,9134.002123159647,48107.70179830622,379328.2014116209,,2.205759e-07,2.648733e-06,12.0083
9150,3,3.5805386622203095,9137.936686621024,48134.23152933856,379579.3479704635,,5.544937e-07,2.648733e-06,4.7768
9154,3,1.3902174860183534,9141.622581655376,48155.93580188484,379773.88447921554,,2.137794e-07,1.324366e-06,6.1950
9156,3,3.1983914517291328,9144.845943828928,48175.04564154819,379944.0500810988,,4.888033e-07,5.297466e-06,10.8376
9158,3,1.4038390570802248,9147.108389533007,48188.511036584576,380053.20765173447,,2.136182e-07,2.648733e-06,12.3994
9160,3,1.7681867138101177,9148.56470168997,48197.51459238031,380138.8502250862,,2.683103e-07,3.973099e-06,14.8079
9162,3,2.6458556406328184,9151.067440813842,48209.84073627356,380234.6518647069,,3.995747e-07,1.324366e-06,3.3144
9164,3,1.387006643395443,9152.216296822928,48217.964883683875,380297.3165372984,,2.090032e-07,1.324366e-06,6.3366
9166,3,1.3206118490331178,9154.178842655352,48230.07182341994,380434.2908591498,,1.982515e-07,2.648733e-06,13.3605
9168,3,2.65461894202974,9155.4130306538,48237.61746491223,380481.70415354456,,3.975730e-07,1.324366e-06,3.3311
9170,3,2.12889391776975,9158.88949909041,48257.42646591421,380643.2145061584,,3.167225e-07,6.621832e-06,20.9074
9174,3,2.955468956589392,9162.101190056408,48276.65416965822,380812.4774793519,,4.369986e-07,3.973099e-06,9.0918
9176,3,1.4048763765805303,9165.81641482741,48297.94124650168,381007.4990381566,,2.062544e-07,2.648733e-06,12.8421
9178,3,1.4444566227076805,9164.304685756679,48287.068619345446,380904.7633180266,,2.126815e-07,2.648733e-06,12.4540
9184,3,1.6250137005461405,9172.078272550276,48330.02509345654,381265.43887464155,,2.357342e-07,1.324366e-06,5.6181
9186,3,2.642374305417163,9174.978386137685,48348.67103870709,381431.4675204951,,3.811937e-07,1.324366e-06,3.4743
9188,3,1.3208989361084205,9176.705724668189,48363.30361526492,381567.8884071093,,1.899230e-07,3.973099e-06,20.9195
9190,3,1.7623512815628535,9177.46812080094,48361.519391737726,381538.707751703,,2.530325e-07,2.648733e-06,10.4680
9192,3,2.6475780960997812,9180.275635590971,48383.02275485201,381724.0717140861,,3.780856e-07,5.297466e-06,14.0113
9196,3,1.553321919639693,9183.75616403863,48400.8519079731,381880.3471873353,,2.203499e-07,1.324366e-06,6.0103
9200,3,1.8442615807785563,9189.120646772251,48434.75615818808,382160.6182961108,,2.589460e-07,1.324366e-06,5.1144
9202,3,1.3654078532637692,9190.437590975875,48443.340319433984,382257.4905940318,,1.912285e-07,1.324366e-06,6.9256
9204,3,2.931244809119115,9192.633838900758,48452.87072185469,382320.3297422656,,4.088100e-07,9.270565e-06,22.6770
9210,3,3.5324068310232497,9198.241274976639,48485.14612220163,382599.35731213726,,4.873919e-07,2.648733e-06,5.4345
9212,3,1.6195969882109866,9201.405470836251,48503.895153177604,382751.62013855594,,2.221177e-07,2.648733e-06,11.9249
9214,3,1.413580691181401,9201.894009210855,48505.174471080405,382773.31454731384,,1.936837e-07,1.324366e-06,6.8378
9216,3,2.6406472633874785,9204.373325012844,48519.20355886026,382895.0199295223,,3.600991e-07,1.324366e-06,3.6778
9218,3,1.4705443060164747,9207.299573039236,48538.77644874841,383074.6048874488,,1.994126e-07,1.324366e-06,6.6413
9220,3,1.764266871689528,9207.045893372951,48538.91859364114,383064.7011295613,,2.393576e-07,3.973099e-06,16.5990
9222,3,2.792144092586905,9210.407778602994,48557.1606979225,383220.4876554414,,3.763809e-07,5.297466e-06,14.0747
9228,3,2.6440900890242287,9215.425607762552,48585.48655861849,383468.78571233293,,3.530167e-07,2.648733e-06,7.5031
9230,3,1.9483036462410908,9218.304218779012,48602.786716961054,383633.47631443583,,2.586910e-07,3.973099e-06,15.3585
9232,3,1.3226198467053805,9218.967244536545,48609.755588572174,383687.3252830831,,1.753895e-07,1.324366e-06,7.5510
9234,3,2.7959794553514477,9221.568777916475,48626.27612051831,383836.18578333576,,3.689242e-07,2.648733e-06,7.1796
9236,3,1.32089594362772,9224.100504283588,48641.89729406794,383981.6328628198,,1.734464e-07,1.324366e-06,7.6356
9238,3,1.3751435432137467,9223.855874965468,48637.87197004127,383938.3488536749,,1.806560e-07,2.648733e-06,14.6618
9240,3,4.694484023799961,9228.498766811896,48666.955144698484,384197.73248223856,,6.112635e-07,3.973099e-06,6.4998
9242,3,1.320609477901077,9232.965210876388,48690.9754176059,384391.91322876123,,1.704922e-07,1.324366e-06,7.7679
9246,3,2.8089522538011855,9235.397676198421,48704.69021976626,384530.8941276527,,3.609546e-07,2.648733e-06,7.3381
9250,3,1.810729552037128,9238.252359651775,48717.60767422103,384622.05992446333,,2.314164e-07,5.297466e-06,22.8915
9252,3,2.651002742851743,9241.052201151806,48735.11229842793,384775.23964800296,,3.369930e-07,3.973099e-06,11.7899
9254,3,1.5867925892282875,9243.014501059472,48748.43699272786,384880.7965311418,,2.009539e-07,1.324366e-06,6.5904
9256,3,1.4569088349724018,9244.704280081105,48757.527193450536,384988.5427435974,,1.839097e-07,1.324366e-06,7.2012
9258,3,2.642360856679748,9246.426591495157,48764.43162653194,385017.36713921785,,3.324585e-07,2.648733e-06,7.9671
9264,3,2.654472641729821,9252.481623638461,48800.423229730004,385328.1019864856,,3.301322e-07,3.973099e-06,12.0349
9266,3,1.366377886345103,9254.751927940548,48813.265920710706,385437.76658631896,,1.691973e-07,1.324366e-06,7.8274
9268,3,1.589204128117692,9255.138397283657,48815.54818711927,385468.6177485024,,1.966440e-07,2.648733e-06,13.4697
9270,3,3.555723047729674,9258.452162386819,48835.61360853333,385634.604781178,,4.371924e-07,2.648733e-06,6.0585
9274,3,1.3206084911612028,9262.052615737563,48855.257630951164,385798.27601334616,,1.612602e-07,1.324366e-06,8.2126
9276,3,2.6440722274126243,9264.104432858203,48868.621767294346,385915.890517481,,3.216016e-07,3.973099e-06,12.3541
9278,3,1.3206083682975118,9266.03407279569,48882.44589913941,386043.8374953658,,1.600333e-07,1.324366e-06,8.2756
9280,3,1.8256326759222072,9266.960013755714,48885.000653856565,386054.5077038848,,2.208434e-07,1.324366e-06,5.9969
9282,3,3.687303815057424,9270.945778875464,48909.792849147234,386280.15034934704,,4.426529e-07,1.324366e-06,2.9919
9284,3,1.474045521827141,9273.564965411542,48921.24170185207,386350.0682693485,,1.760733e-07,2.648733e-06,15.0433
9288,3,2.705053294201807,9276.589601002275,48940.177526409774,386536.6105234281,,3.212488e-07,1.324366e-06,4.1226
9290,3,1.7623305720414095,9279.560130783791,48953.865396374626,386628.2818181123,,2.081081e-07,1.324366e-06,6.3638
9292,3,1.397167864226179,9280.786482757425,48967.0588664579,386772.2365260833,,1.645966e-07,2.648733e-06,16.0923
9294,3,2.6423542105519173,9282.239110857567,48969.19448787188,386757.1902599027,,3.104314e-07,1.324366e-06,4.2662
9296,3,1.6039487081316535,9284.7449629359,48984.05988193863,386899.33047387603,,1.875344e-07,1.324366e-06,7.0620
9300,3,3.6422720874310044,9288.591952901463,49009.04085372529,387116.37401010375,,4.227272e-07,2.648733e-06,6.2658
9302,3,1.3206076333353167,9292.771581158326,49029.50461444757,387290.950858962,,1.520522e-07,1.324366e-06,8.7099
9304,3,1.3214608613506675,9290.818384287826,49020.92608537711,387219.2924084677,,1.527189e-07,5.297466e-06,34.6877
9306,3,2.9992536818721978,9294.430375109901,49042.00449602712,387406.43299659516,,3.442296e-07,5.297466e-06,15.3893
9308,3,1.448490640625489,9297.022541551973,49056.93998412213,387527.20974045707,,1.654229e-07,2.648733e-06,16.0119
9310,3,2.236783564281158,9298.31508261857,49064.258497709016,387601.0378287611,,2.548177e-07,1.324366e-06,5.1973
9312,3,2.668443550370504,9302.020641199046,49084.609670876394,387773.82167043054,,3.018454e-07,2.648733e-06,8.7751
9318,3,2.642349808367096,9305.945354891788,49104.67726576211,387936.5801562865,,2.966593e-07,1.324366e-06,4.4643
9320,3,1.7680524245480373,9308.491560390012,49121.99963300228,388085.4995166088,,1.975340e-07,1.324366e-06,6.7045
9322,3,1.3609350899481605,9310.422686043104,49131.92890979674,388166.7067535651,,1.514888e-07,1.324366e-06,8.7423
9328,3,1.4957914781715564,9316.148880758652,49165.328809706065,388459.78597710637,,1.646846e-07,1.324366e-06,8.0418
9330,3,3.5322573965485144,9318.869690714208,49179.60026346442,388575.8739887222,,3.868784e-07,1.324366e-06,3.4232
9334,3,1.4443876551454808,9323.370192981003,49202.946182530664,388785.2177714873,,1.568442e-07,3.973099e-06,25.3315
9336,3,2.647470641329048,9324.466011195565,49210.59121308587,388847.976957128,,2.868816e-07,3.973099e-06,13.8493
9340,3,1.7642173831377275,9328.34908519238,49232.95870467331,389047.33163859247,,1.897559e-07,1.324366e-06,6.9793
9342,3,2.656089645044715,9331.039062123567,49252.51801852053,389208.5494526581,,2.842125e-07,2.648733e-06,9.3196
9350,3,2.086437343911094,9339.129592523894,49296.41426311726,389564.0901321973,,2.198285e-07,1.324366e-06,6.0245
9356,3,1.3208885968763209,9344.364171160567,49326.09185999555,389812.8725658409,,1.377824e-07,1.324366e-06,9.6120
9360,3,3.8409414740181504,9348.21219158625,49350.13010391328,390033.0469990711,,3.977070e-07,5.297466e-06,13.3200
9362,3,1.37501882495298,9351.596358406052,49371.08552777689,390219.10998312756,,1.414550e-07,2.648733e-06,18.7249
9366,3,3.1831150722462636,9354.811463409187,49388.11710146103,390364.1442731516,,3.254554e-07,1.324366e-06,4.0693
9374,3,1.3651670830551175,9362.82565505951,49433.339370338086,390733.03193544166,,1.374560e-07,1.324366e-06,9.6348
9376,3,1.3248608263043706,9364.97086895629,49443.38464275427,390833.55135566357,,1.328521e-07,1.324366e-06,9.9687
9380,3,2.1450180847209053,9369.426873409882,49470.88413862208,391069.22318791074,,2.132660e-07,2.648733e-06,12.4199
9382,3,1.3206052106299075,9369.752574802787,49470.74543641605,391059.4302587442,,1.312188e-07,2.648733e-06,20.1856
9384,3,2.95081852924569,9372.49695462873,49488.3754914566,391218.1438974611,,2.916629e-07,2.648733e-06,9.0815
9386,3,1.5250797029189713,9376.577210385247,49512.69376957609,391422.2876004655,,1.495677e-07,3.973099e-06,26.5639
9388,3,1.3208866694897705,9374.040984270385,49494.84861088891,391265.00088510365,,1.301741e-07,2.648733e-06,20.3476
9390,3,3.532184120801257,9378.801872312379,49523.0231659648,391514.13461588504,,3.449395e-07,1.324366e-06,3.8394
9394,3,1.7902693311101547,9381.994141330259,49537.69259652974,391638.14767265605,,1.737681e-07,1.324366e-06,7.6215
9396,3,2.7384490138833106,9385.23405231253,49555.586918416106,391792.6441053354,,2.641581e-07,2.648733e-06,10.0271
9398,3,1.3689115413400688,9387.529445035287,49576.75774915571,391991.65040673356,,1.314661e-07,3.973099e-06,30.2215
9400,3,1.7995522091233185,9388.085980209586,49573.51411851595,391958.63166317716,,1.726435e-07,1.324366e-06,7.6711
9402,3,2.6423345779327736,9391.072335056135,49591.46070921386,392091.1067956229,,2.520518e-07,3.973099e-06,15.7630
9404,3,1.3208857107195773,9392.669145075362,49604.85487329529,392207.12487982184,,1.256126e-07,2.648733e-06,21.0865
9408,3,3.168776716064974,9395.768168655772,49620.3498172417,392343.38408439624,,2.995620e-07,1.059493e-05,35.3681
9418,3,1.4134664624386792,9404.596674621294,49663.90288410531,392689.38293440745,,1.313871e-07,2.648733e-06,20.1598
9420,3,3.5435782631264225,9408.234567610245,49689.371806632975,392927.49918676564,,3.270977e-07,2.648733e-06,8.0977
9422,3,1.586749592545203,9412.046592748951,49713.18351167523,393143.3877157257,,1.454024e-07,2.648733e-06,18.2166
9426,3,2.6423302763023204,9414.511436360339,49726.09233767121,393253.4460911415,,2.409924e-07,1.324366e-06,5.4955
9430,3,1.8915503392600577,9417.032935811414,49742.074945659115,393381.73857084115,,1.716863e-07,1.324366e-06,7.7139
9438,3,3.200784561681792,9425.913965332677,49794.63720109291,393838.48995745735,,2.856199e-07,1.324366e-06,4.6368
9444,3,2.644011145251666,9431.953062510227,49830.52911384826,394138.0999440971,,2.332238e-07,2.648733e-06,11.3570
9446,3,1.3206033020245365,9434.079132587825,49846.18205888196,394296.7783376587,,1.160136e-07,1.324366e-06,11.4156
9448,3,1.3214434990658288,9434.25127166531,49840.394415602634,394228.5811778294,,1.160521e-07,1.324366e-06,11.4118
9452,3,1.4186250991629081,9442.224609766634,49891.171225113554,394669.6095697017,,1.226974e-07,3.973099e-06,32.3813
9454,3,1.3777290069847712,9442.773891784049,49891.8240099199,394690.8809180129,,1.190362e-07,2.648733e-06,22.2515
9458,3,1.3206029470378673,9446.90933833682,49919.74219019872,394922.7725031196,,1.131991e-07,1.324366e-06,11.6994
9460,3,2.0037431808902273,9448.147818199881,49922.7564268865,394941.7442605996,,1.713522e-07,1.324366e-06,7.7289
9462,3,2.8304977202323296,9450.994473845041,49939.45971413088,395076.3481451933,,2.407372e-07,3.973099e-06,16.5039
9468,3,2.6507646858525646,9456.456355610115,49974.51258110201,395387.8138659636,,2.231029e-07,3.973099e-06,17.8084
9470,3,1.7622943994106204,9459.3999168798,49992.22286313542,395534.69383449876,,1.474905e-07,1.324366e-06,8.9793
9472,3,1.358047164027846,9459.899824634125,49993.75142050754,395534.2469412869,,1.135500e-07,1.324366e-06,11.6633
9476,3,1.3968911973223719,9464.727368270775,50019.054483158194,395733.5676419943,,1.157245e-07,1.324366e-06,11.4441
9480,3,3.5665885115882823,9468.27043945015,50038.63550247007,395911.36889558524,,2.934752e-07,5.297466e-06,18.0508
9484,3,1.3208809654344287,9471.487300601562,50054.53218528717,396053.0240623046,,1.080219e-07,2.648733e-06,24.5203
9486,3,2.9138176699448035,9474.058494433026,50073.83306640945,396220.7254255283,,2.371187e-07,1.324366e-06,5.5852
9496,3,1.3214378288512867,9484.597269378506,50136.68322691694,396779.85760065226,,1.053866e-07,1.324366e-06,12.5667
9498,3,2.642317502010747,9485.914477598431,50143.43460729452,396836.4471291488,,2.101986e-07,3.973099e-06,18.9016
9502,3,1.3206016530943907,9490.219589527127,50169.89425919708,397081.4202452238,,1.041921e-07,3.973099e-06,38.1324
9504,3,2.934052514874976,9492.030027177621,50176.09678283514,397108.9946348882,,2.306920e-07,3.973099e-06,17.2225
9508,3,1.3208795574333996,9494.673417769818,50194.9201067662,397290.3251470931,,1.033295e-07,2.648733e-06,25.6338
9510,3,3.5320403607637805,9498.333181990467,50216.152854428496,397473.9483020431,,2.743747e-07,2.648733e-06,9.6537
9512,3,1.4043328276324671,9502.646127293494,50240.00332321533,397670.35769928095,,1.081943e-07,1.324366e-06,12.2406
9514,3,1.3600658145875306,9501.088533863993,50229.631859372545,397585.514920329,,1.050973e-07,2.648733e-06,25.2027
9516,3,2.9295316327257077,9504.26353849119,50248.090436731654,397749.27115936327,,2.250038e-07,1.324366e-06,5.8860
9520,3,2.2533523314239816,9507.82079926232,50269.19255143661,397936.5494794397,,1.718947e-07,1.324366e-06,7.7045
9522,3,2.7663923711678344,9511.555372715002,50290.84845945873,398118.15108149697,,2.095280e-07,1.324366e-06,6.3207
9528,3,2.647332446332763,9515.700260104926,50317.90565984718,398365.9361723597,,1.989233e-07,3.973099e-06,19.9730
9530,3,1.7622826461583452,9518.0791329514,50333.5228002502,398491.46219577227,,1.318172e-07,1.324366e-06,10.0470
9532,3,1.320878156528554,9520.186568176323,50343.03023652403,398569.9593576414,,9.840371e-08,2.648733e-06,26.9170
9534,3,3.182860168136374,9522.162248360763,50355.18071726382,398679.62820845743,,2.362232e-07,5.297466e-06,22.4257
9536,3,1.3293054251066216,9524.538122749493,50369.30046562246,398795.1153772933,,9.820958e-08,1.324366e-06,13.4851
9540,3,3.589899547611735,9528.427782755494,50391.466246592245,398986.29682920134,,2.632558e-07,1.324366e-06,5.0307
9544,3,1.3214322157673695,9533.061456171621,50416.80935800348,399199.4289563198,,9.604848e-08,1.324366e-06,13.7885
9546,3,2.7823405311790017,9534.304090777652,50421.525946473535,399244.0155099983,,2.017561e-07,1.324366e-06,6.5642
9550,3,1.76974596135316,9537.6280807854,50442.61973057679,399423.4700560258,,1.275149e-07,5.297466e-06,41.5439
9558,3,2.6869744083591884,9545.520627781083,50491.20128263255,399835.9399241364,,1.906983e-07,1.324366e-06,6.9448
9562,3,1.5867149194980266,9549.091120847304,50511.30503362841,399990.4532932077,,1.118445e-07,1.324366e-06,11.8411
9564,3,2.6439688322722423,9551.887947168429,50525.88694653618,400114.1797251169,,1.853742e-07,5.297466e-06,28.5771
9570,3,4.056961502049349,9558.150804055544,50566.61587712967,400490.51591075014,,2.810475e-07,3.973099e-06,14.1368
9572,3,1.3208758373113443,9561.311900738137,50585.37172758178,400657.7377168925,,9.095194e-08,1.324366e-06,14.5612
9576,3,3.355175346421737,9565.006483872834,50605.56542346074,400835.1091332185,,2.294010e-07,3.973099e-06,17.3194
9580,3,1.7641221410191679,9568.507837871526,50625.488956230576,400998.7057995204,,1.198114e-07,2.648733e-06,22.1075
9586,3,1.320599215837278,9574.867842225663,50659.53625679236,401284.25460364466,,8.860482e-08,1.324366e-06,14.9469
9590,3,2.128166090789316,9579.123601131787,50685.76731759383,401506.84527248883,,1.416286e-07,1.324366e-06,9.3510
9592,3,1.4807367832079317,9579.964719768746,50689.79119861635,401538.91054221295,,9.838421e-08,1.324366e-06,13.4612
9594,3,2.954570364629346,9582.722987112462,50706.44701645054,401691.4901348523,,1.952754e-07,1.324366e-06,6.7820
9596,3,1.320874455069498,9585.896328738476,50724.196466211586,401843.0458235458,,8.677155e-08,1.324366e-06,15.2627
9600,3,3.520863017849971,9588.535424679285,50740.57373960461,401986.0032072292,,2.301278e-07,3.973099e-06,17.2648
9602,3,1.320598756434663,9591.739896678093,50757.370460255595,402124.75663789676,,8.578855e-08,1.324366e-06,15.4376
9606,3,2.6422987000750253,9594.563124200306,50772.88115544874,402260.43551257247,,1.707239e-07,1.324366e-06,7.7574
9612,3,2.6709995307827366,9600.376358830725,50808.04576291444,402556.88934318087,,1.706675e-07,1.324366e-06,7.7599
9616,3,1.322527844768353,9603.454401591036,50824.15108647722,402699.28904714505,,8.400892e-08,2.648733e-06,31.5292
9618,3,3.182736084858212,9605.820537562267,50840.65132680675,402851.19397702586,,2.012563e-07,1.324366e-06,6.5805
9620,3,1.9753413294950486,9609.73445070301,50864.19098203402,403052.62525163393,,1.239754e-07,1.324366e-06,10.6825
9626,3,1.3205980701954423,9615.439345524603,50894.41348658164,403303.20762059867,,8.198331e-08,1.324366e-06,16.1541
9630,3,3.554395046591399,9618.081233402074,50910.29068030858,403452.11872837564,,2.195447e-07,2.648733e-06,12.0647
9632,3,1.6230319765210843,9621.957210301372,50932.29990990518,403642.4337699587,,9.950904e-08,1.324366e-06,13.3090
9634,3,1.320597842209148,9620.970412846444,50925.38020986219,403586.3633096943,,8.112008e-08,1.324366e-06,16.3260
9640,3,1.7677973311380608,9626.857050032098,50964.36637141452,403924.5358000525,,1.073713e-07,1.324366e-06,12.3345
9642,3,2.6422925264799315,9630.458222700041,50985.717853024085,404105.91606198036,,1.593830e-07,1.324366e-06,8.3093
9644,3,1.3208717112419723,9632.883659760702,51003.33957719646,404278.1297273026,,7.930478e-08,1.324366e-06,16.6997
9648,3,2.681272605901132,9635.777199761274,51013.894589541145,404336.56601700437,,1.600973e-07,6.621832e-06,41.3613
9654,3,2.642290478859406,9641.511537558228,51050.72027813327,404649.98251191183,,1.560451e-07,1.324366e-06,8.4871
9660,3,4.426227793868535,9648.504648367189,51092.07014109117,405021.8522028282,,2.579217e-07,2.648733e-06,10.2695
9666,3,2.6555661744800627,9655.113768611172,51129.064117387046,405355.3880503629,,1.527982e-07,1.324366e-06,8.6674
9672,3,2.9800407988071855,9660.731443220926,51161.004614200516,405608.78979833954,,1.696343e-07,3.973099e-06,23.4216
9676,3,1.377935594030353,9664.665202428816,51186.530572019146,405857.32331734215,,7.784764e-08,1.324366e-06,17.0123
9684,3,2.65053732804436,9672.138244052709,51226.517173295084,406164.1121209937,,1.476191e-07,1.324366e-06,8.9715
9686,3,1.3775228372867563,9675.529645620014,51246.81555791127,406358.145048338,,7.622312e-08,1.324366e-06,17.3749
9690,3,3.9765041142776143,9678.731365889595,51264.67941384646,406497.27948074945,,2.186898e-07,3.973099e-06,18.1677
9696,3,2.66732046806816,9684.871486703876,51301.26505957994,406820.6917710703,,1.449758e-07,1.324366e-06,9.1351
9698,3,1.4442354059987383,9686.622097687203,51312.50619712329,406912.7498613499,,7.823503e-08,1.324366e-06,16.9281
9704,3,1.3214139071947248,9694.156473491485,51349.938032983926,407224.27910339105,,7.055825e-08,2.648733e-06,37.5397
9706,3,1.3898143491513044,9695.57091508546,51360.292958993516,407321.68165154353,,7.400930e-08,1.324366e-06,17.8946
9708,3,2.6439194409133613,9696.710577881455,51362.85056790646,407325.6515730254,,1.404872e-07,1.324366e-06,9.4270
9714,3,2.6422803167352753,9702.176713363546,51391.96157622254,407574.0196127564,,1.389398e-07,3.973099e-06,28.5958
9720,3,3.520863017849971,9708.467113307495,51431.14465839047,407920.29087504983,,1.829206e-07,2.648733e-06,14.4802
9722,3,1.3205953591338901,9712.519547724074,51452.11729008631,408097.9976428461,,6.807976e-08,2.648733e-06,38.9063
9724,3,1.7070850995636224,9711.498130788035,51448.57341966852,408063.01916817145,,8.817569e-08,2.648733e-06,30.0393
9726,3,2.6422782993747465,9714.788152274501,51466.452757314815,408224.47141841863,,1.356247e-07,2.648733e-06,19.5299
9728,3,1.3979897276757238,9716.217542367704,51473.724189126464,408293.10759775067,,7.156115e-08,1.324366e-06,18.5068
9730,3,2.127937648744362,9718.619622777214,51489.07205894849,408421.6695711285,,1.084259e-07,1.324366e-06,12.2145
9734,3,1.3746639813852501,9721.352179888698,51503.75054919404,408554.5597027754,,6.967876e-08,2.648733e-06,38.0135
9738,3,2.645546423430869,9725.436611532214,51529.225996694906,408773.1745398345,,1.330517e-07,1.324366e-06,9.9538
9742,3,1.320594801057406,9730.243563693115,51559.45299081612,409032.0432288407,,6.580735e-08,3.973099e-06,60.3747
9744,3,3.286138816659973,9731.792139659845,51566.6883673116,409089.01297433523,,1.632698e-07,1.324366e-06,8.1115
9750,3,3.8409414740181504,9738.572327697313,51606.53796494299,409437.2046521745,,1.883734e-07,2.648733e-06,14.0611
9756,3,2.650463795965127,9744.444586636631,51637.375285813985,409700.15185763815,,1.285365e-07,1.324366e-06,10.3034
9760,3,1.7902693311101547,9747.541544999585,51659.170723100215,409889.9194249111,,8.630623e-08,2.648733e-06,30.6899
9762,3,2.6422722770880243,9750.95407962501,51679.249531479494,410068.5622745338,,1.265504e-07,2.648733e-06,20.9303
9764,3,1.3208649697961146,9752.847659935784,51691.07545674706,410170.89220040984,,6.303311e-08,1.324366e-06,21.0106
9766,3,1.4034720403332757,9753.61635524458,51692.743365555456,410167.07688635506,,6.687741e-08,1.324366e-06,19.8029
9776,3,1.4723608983736243,9764.41087817426,51755.6522182395,410716.54621795285,,6.872498e-08,1.324366e-06,19.2705
9782,3,1.359518504400574,9771.055298006688,51795.738989935446,411067.6661919454,,6.265542e-08,2.648733e-06,42.2746
9790,3,1.9785181709501753,9777.833513319067,51834.93592739617,411404.5789208882,,9.000739e-08,1.324366e-06,14.7140
9792,3,2.816690414279977,9780.96972275967,51852.43338187022,411548.4544424667,,1.273711e-07,1.324366e-06,10.3977
9796,3,1.3835903708747648,9784.612374923001,51871.06757470809,411704.8651326719,,6.213189e-08,1.324366e-06,21.3154
9798,3,2.8064850142282376,9785.52835102353,51879.21613499172,411783.5315937195,,1.258067e-07,1.324366e-06,10.5270
9802,3,1.4936994621181696,9790.595818539703,51910.71922309252,412064.20270350255,,6.631131e-08,2.648733e-06,39.9439
9804,3,2.8641740762136783,9792.703450893378,51922.67338407844,412159.7578106922,,1.266403e-07,1.324366e-06,10.4577
9810,3,3.553768279699036,9798.497020762283,51954.71808350644,412436.5696310864,,1.553986e-07,3.973099e-06,25.5671
9812,3,1.473664385299196,9802.109259780918,51974.335171302904,412602.1755375423,,6.399638e-08,1.324366e-06,20.6944
9814,3,1.5866550080439783,9802.27866433239,51973.64958645113,412587.388291702,,6.888127e-08,1.324366e-06,19.2268
9816,3,2.647135340201698,9804.933842989554,51989.63316676097,412737.80592222384,,1.143369e-07,3.973099e-06,34.7491
9824,3,1.3246525616337186,9811.255530295684,52030.86804116564,413102.3404366221,,5.652607e-08,1.324366e-06,23.4293
9828,3,3.456847326616335,9815.705150679018,52055.80747759551,413304.90354682755,,1.462611e-07,2.648733e-06,18.1096
9830,3,1.7622260364570193,9819.027170173495,52073.34490876552,413457.16446940793,,7.408854e-08,2.648733e-06,35.7509
9840,3,3.611141556769201,9828.225118241691,52126.873353402545,413917.5079306825,,1.491716e-07,1.324366e-06,8.8781
9846,3,2.645492487723969,9834.523171857923,52164.08240398397,414245.09253404767,,1.079719e-07,1.324366e-06,12.2658
9850,3,1.7694593628169086,9837.22377808195,52180.87292250285,414363.9304356007,,7.184521e-08,1.324366e-06,18.4336
9852,3,2.643871496920308,9840.31521565802,52198.07398111087,414520.3091594307,,1.067157e-07,1.324366e-06,12.4102
9856,3,1.7604315089249856,9844.282062188842,52221.58123230909,414731.15530209604,,7.051933e-08,1.324366e-06,18.7802
9864,3,2.660207613486645,9851.920901180882,52267.44593146455,415115.4355884028,,1.050149e-07,2.648733e-06,25.2224
9866,3,1.3205913915054799,9853.933466755281,52281.26555263628,415240.3711383122,,5.193107e-08,1.324366e-06,25.5024
9880,3,2.0334396038919618,9868.05946246656,52359.23610924465,415902.0137247544,,7.783082e-08,1.324366e-06,17.0160
9882,3,2.685403996665232,9871.151969247101,52375.411881842636,416037.41383100866,,1.021790e-07,1.324366e-06,12.9612
9886,3,1.3205908495912688,9874.45717118559,52396.968565295196,416249.6228757635,,4.993078e-08,1.324366e-06,26.5240
9888,3,2.6667922857972552,9876.040740443383,52405.70190090281,416309.0610114293,,1.005248e-07,1.324366e-06,13.1745
9906,3,2.9037517543577214,9894.472952468024,52512.295234584184,417244.819113942,,1.056621e-07,1.324366e-06,12.5340
9910,3,1.7622115205619167,9897.569871789805,52528.07578432716,417359.29201796354,,6.374503e-08,2.648733e-06,41.5520
9912,3,3.224369290031026,9901.07393983919,52550.28038655647,417564.3087907225,,1.158555e-07,1.324366e-06,11.4312
9914,3,1.3205900945861093,9903.184642282777,52561.83254951392,417648.04834397323,,4.725918e-08,1.324366e-06,28.0235
9922,3,1.5046423153205004,9910.663499109729,52606.6932241067,418033.5354004156,,5.308000e-08,1.324366e-06,24.9504
9924,3,2.64384804794916,9912.574904940142,52612.45912787236,418069.9542848312,,9.292946e-08,1.324366e-06,14.2513
9930,3,3.531564729150427,9918.804624477603,52650.84609129071,418422.9937745593,,1.226594e-07,1.324366e-06,10.7971
9936,3,2.7663923711678344,9924.753956068134,52684.63750255085,418705.9196941516,,9.499533e-08,1.324366e-06,13.9414
9950,3,1.7693677094779043,9938.300759378571,52761.625242055285,419362.8807009776,,5.920330e-08,1.324366e-06,22.3698
9956,3,1.4088268573476286,9944.62378920382,52795.281908803794,419641.36670487287,,4.657288e-08,1.324366e-06,28.4364
9960,3,3.5643304625147856,9948.518056472405,52819.96859534972,419863.6400765261,,1.169533e-07,1.324366e-06,11.3239
9968,3,1.602599718469642,9957.250683995613,52871.17486138353,420323.4420089148,,5.171279e-08,1.324366e-06,25.6100
9980,3,1.7639736246371083,9968.609773283742,52935.79581478481,420849.3829158662,,5.569584e-08,1.324366e-06,23.7786
9984,3,2.8807061055136125,9972.35418976819,52955.287241291,420990.2310271792,,9.030672e-08,1.324366e-06,14.6652
9986,3,1.3205881725936979,9973.588787747572,52964.383835918445,421104.0552483381,,4.130084e-08,1.324366e-06,32.0663
9990,3,3.621459104074256,9978.170985068808,52991.56920392792,421328.80222716485,,1.122702e-07,1.324366e-06,11.7962
