gap,order,S_g,c1,c2,c3,c4,model_norm,obs_norm,ratio
7054,3,1.320698191589255,7041.687920400736,36179.01288050104,278286.51047242864,,1.562352e-03,1.273760e-03,0.8153
7056,3,3.168776716064974,7044.936443397973,36195.85004432762,278420.6439611578,,3.734715e-03,2.857734e-03,0.7652
7058,3,1.3206979791935105,7047.063180850301,36208.28009139583,278525.2767888874,,1.552797e-03,1.240858e-03,0.7991
7060,3,1.765446983309387,7048.101060261016,36215.50812630992,278595.8838076637,,2.073245e-03,1.621576e-03,0.7821
7062,3,2.9619958721594997,7051.159523886461,36231.63140884972,278722.0799930206,,3.466289e-03,2.585121e-03,0.7458
7064,3,1.3218222964289192,7052.693602869712,36239.04047900854,278772.1795734683,,1.544164e-03,1.175055e-03,0.7610
7066,3,1.3206975551238422,7054.817345560984,36252.009532278105,278889.54640449624,,1.539113e-03,1.320762e-03,0.8581
7068,3,2.8923925400187387,7055.8118782951115,36257.08614906172,278929.80984984693,,3.366910e-03,2.796631e-03,0.8306
7070,3,2.133856374454528,7059.735906560295,36279.28559831563,279119.4251670953,,2.472829e-03,1.776683e-03,0.7185
7072,3,1.53637658960726,7060.605191510892,36283.700723441165,279152.4559234971,,1.778672e-03,1.066950e-03,0.5999
7074,3,2.6611173972121875,7062.780149880186,36296.47533740574,279265.41155915416,,3.073150e-03,2.491117e-03,0.8106
7076,3,1.392431701974565,7066.0909198636145,36316.274588105276,279441.82186045905,,1.601960e-03,1.071650e-03,0.6690
7078,3,1.320696920817769,7064.738702178538,36306.677364528034,279351.82019721356,,1.521782e-03,1.254959e-03,0.8247
7080,3,3.5826325444789178,7068.689974275003,36329.80051567121,279542.3181063187,,4.109530e-03,3.417060e-03,0.8315
7082,3,1.3206967098603664,7072.600753876953,36350.87975849792,279706.4427089167,,1.508185e-03,1.301961e-03,0.8633
7084,3,1.8442615807785563,7072.4849337476535,36350.39541839827,279719.674676703,,2.106355e-03,1.391265e-03,0.6605
7086,3,2.6428869981316576,7075.357128542983,36365.28637031401,279838.82058722165,,3.008600e-03,2.321909e-03,0.7718
7088,3,1.3233175628313667,7076.244900608156,36374.37571647393,279912.3064871174,,1.504899e-03,1.109252e-03,0.7371
7090,3,1.76292151105925,7078.69347253193,36385.12164603984,280011.6708135155,,1.999237e-03,1.795484e-03,0.8981
7092,3,2.6541890442253626,7080.924153160502,36397.184672310446,280101.4964217967,,3.002324e-03,2.669725e-03,0.8892
7094,3,1.3206960784163608,7081.538620773067,36402.390048806854,280133.6517336725,,1.492873e-03,1.311361e-03,0.8784
7096,3,1.3218155228029975,7084.464529161669,36417.91238606462,280298.33060824656,,1.489158e-03,1.052849e-03,0.7070
7098,3,3.456847326616335,7086.077857101379,36427.83216003572,280356.0935632914,,3.887317e-03,3.492263e-03,0.8984
7100,3,1.7859450090543332,7089.14114497165,36444.05989130075,280487.20517404174,,2.001335e-03,1.574574e-03,0.7868
7102,3,1.36692328928293,7091.350019265987,36460.45019715735,280652.2715601828,,1.527913e-03,9.212431e-04,0.6029
7104,3,2.716094328055692,7092.553251178078,36463.12222397678,280649.19639994693,,3.031832e-03,2.453515e-03,0.8093
7106,3,1.6568767142823393,7095.238742675144,36476.62443228572,280754.5548122545,,1.843826e-03,1.372464e-03,0.7444
7108,3,1.321067475993285,7095.806111890004,36482.17939424258,280812.29623053275,,1.469171e-03,1.475869e-03,1.0046
7110,3,3.5665885115882823,7098.828091080489,36496.97276430509,280934.3118007868,,3.952786e-03,2.942338e-03,0.7444
7112,3,1.5970634648967468,7102.537898100476,36517.58111665374,281110.3929812954,,1.762518e-03,1.419466e-03,0.8054
7114,3,1.320695030746255,7101.839439806526,36515.810370481886,281108.13145560183,,1.458676e-03,1.142153e-03,0.7830
7116,3,2.6451153636639377,7104.754034159553,36532.05143694963,281237.1402710339,,2.911764e-03,2.190303e-03,0.7522
7118,3,1.320694821919124,7107.69946378721,36547.2720289393,281369.16583818046,,1.448954e-03,9.870462e-04,0.6812
7120,3,1.7806663538551577,7107.155719973159,36547.05570369324,281361.3390209835,,1.954802e-03,1.320762e-03,0.6757
7122,3,2.6428756577025734,7110.511558131527,36564.47503700173,281509.72235898237,,2.890241e-03,2.138600e-03,0.7399
7124,3,1.451022334629079,7112.163392939725,36575.69478294321,281590.00682035415,,1.583840e-03,1.259659e-03,0.7953
7126,3,1.5875133843796911,7113.856594494518,36585.198866142644,281695.49961391935,,1.729479e-03,1.419466e-03,0.8207
7128,3,2.934052514874976,7116.054126957603,36597.09275162555,281784.1906308645,,3.188428e-03,2.622723e-03,0.8226
7130,3,1.9078568077019549,7119.383411103106,36617.062633448535,281954.9259285045,,2.065396e-03,1.574574e-03,0.7624
7132,3,1.3210649700607766,7119.359705834029,36617.98515233013,281984.1146444379,,1.430187e-03,1.259659e-03,0.8808
7134,3,2.8086656552649343,7122.018467121751,36632.94312621929,282087.2138824924,,3.031452e-03,2.359510e-03,0.7783
7136,3,1.3262979467692764,7125.372763603249,36651.15137269421,282261.9873583361,,1.426032e-03,1.165655e-03,0.8174
7138,3,1.3692245069416553,7124.280618908539,36645.123062427636,282212.1273912894,,1.474023e-03,1.330162e-03,0.9024
7140,3,4.506704662847963,7128.943983006917,36672.383038787506,282439.4493461117,,4.825876e-03,3.896482e-03,0.8074
7142,3,1.3206935738712942,7133.537112101328,36695.64160244973,282634.6949477947,,1.406836e-03,1.278460e-03,0.9087
7144,3,1.4290561660685177,7132.719628464871,36691.536768131635,282601.7824502261,,1.523687e-03,1.377164e-03,0.9038
7146,3,2.647332446332763,7135.653624705961,36708.99941963805,282760.5000910654,,2.813195e-03,2.021095e-03,0.7184
7148,3,1.3210633087983294,7138.156260669783,36722.98045502801,282876.1373335565,,1.399827e-03,1.146854e-03,0.8193
7150,3,2.133856374454528,7138.765310360116,36724.310714602594,282873.3105985427,,2.259515e-03,1.865987e-03,0.8258
7152,3,2.6586108502132433,7141.88087754435,36740.63908124813,283009.69592212216,,2.805182e-03,2.148001e-03,0.7657
7154,3,1.60670368701886,7142.888983674771,36748.22804908347,283057.0693495573,,1.693328e-03,1.118652e-03,0.6606
7156,3,1.3210624809560187,7145.388270361299,36761.48060226601,283192.2744517868,,1.388322e-03,1.278460e-03,0.9209
7158,3,2.642864431534739,7146.923721309909,36770.58704454138,283254.1780001157,,2.772555e-03,2.406513e-03,0.8680
7160,3,1.7703774496533753,7149.666695699155,36787.13817027894,283403.70471112354,,1.851445e-03,1.320762e-03,0.7134
7162,3,1.3206925402245282,7150.297919909043,36790.4353594513,283427.05045359384,,1.380174e-03,9.494444e-04,0.6879
7164,3,2.6540515642168563,7152.726529127462,36800.63544249483,283484.8380088564,,2.765919e-03,2.326609e-03,0.8412
7166,3,1.3206923341879289,7154.989399456555,36811.870904086114,283573.96120153804,,1.372811e-03,1.198556e-03,0.8731
7168,3,1.584388358032487,7155.548139705183,36815.31322867278,283611.43919999345,,1.645863e-03,1.245558e-03,0.7568
7170,3,3.535718979950604,7158.425117845879,36831.866096583995,283753.54740714055,,3.660861e-03,2.961139e-03,0.8089
7172,3,1.476138221769398,7161.360813862677,36850.69330030126,283925.3157380243,,1.523266e-03,1.334862e-03,0.8763
7174,3,1.4150837009540553,7161.995155810015,36850.89714268172,283912.26408227964,,1.459212e-03,1.499370e-03,1.0275
7176,3,3.017882586728547,7164.644008899357,36868.04370011632,284059.7046871964,,3.102588e-03,2.213804e-03,0.7135
7178,3,1.3723423973334024,7166.905609532092,36883.32118057664,284204.88113457855,,1.407219e-03,1.254959e-03,0.8918
7180,3,1.7653626896222543,7168.113509746874,36889.52122485276,284254.6831094742,,1.807735e-03,1.574574e-03,0.8710
7182,3,3.355175346421737,7171.50776521992,36907.793532298325,284404.78978427255,,3.422423e-03,2.777830e-03,0.8117
7184,3,1.3232773758362308,7173.191541741644,36916.54573544468,284462.78645543125,,1.347209e-03,9.588449e-04,0.7117
7186,3,1.3206913074474829,7175.388107751902,36931.31875943239,284600.77127308986,,1.341205e-03,1.132753e-03,0.8446
7188,3,2.645070458133521,7176.622552949915,36936.99679433492,284655.002189682,,2.682377e-03,2.383012e-03,0.8884
7190,3,1.7628867829960106,7179.337468809441,36951.44591811174,284759.5837197653,,1.782221e-03,1.574574e-03,0.8835
7192,3,1.4164391451120573,7180.954203709375,36960.963566909675,284844.4572859428,,1.429333e-03,1.212657e-03,0.8484
7194,3,2.9614735664158633,7182.5953362376795,36967.64594235637,284889.71211207693,,2.982848e-03,2.383012e-03,0.7989
7196,3,1.5906016457110457,7185.424804795767,36982.61722572153,285004.36760166934,,1.596918e-03,1.245558e-03,0.7800
7198,3,1.3662581737419601,7185.956463330816,36989.04644899082,285083.0950584149,,1.370845e-03,1.551073e-03,1.1315
7200,3,3.520863017849971,7189.038122582605,37004.601619682544,285199.94785507105,,3.520287e-03,3.036342e-03,0.8625
7202,3,1.4455907002213766,7192.921272416533,37026.17513691914,285386.73166273674,,1.438962e-03,1.151554e-03,0.8003
7204,3,1.3210575525562704,7192.224294291052,37020.49624099142,285317.9992089522,,1.316050e-03,8.178383e-04,0.6214
7206,3,2.6428496380858832,7194.841023703668,37033.38186516346,285433.09039317106,,2.624985e-03,1.861287e-03,0.7091
7208,3,1.435959819044694,7197.173882237742,37046.533727765345,285538.42364801106,,1.422460e-03,1.099851e-03,0.7732
7210,3,2.1334338286378043,7198.036228226806,37052.59126559124,285598.611498022,,2.111294e-03,1.739081e-03,0.8237
7212,3,2.645055689536706,7201.464472972568,37072.238291945476,285771.0666631323,,2.607382e-03,2.336009e-03,0.8959
7214,3,1.320689879580478,7202.066815181916,37077.18471681688,285801.6365969615,,1.300982e-03,1.048149e-03,0.8057
7216,3,1.5046423153205004,7204.614343489918,37089.15742577481,285908.0791750924,,1.477890e-03,1.306661e-03,0.8841
7218,3,2.6472654269548657,7205.914577249298,37098.831973418535,285993.2982048258,,2.596333e-03,2.152701e-03,0.8291
7220,3,1.8639863035676318,7208.310821893597,37113.51168543228,286116.2884294509,,1.823127e-03,1.348963e-03,0.7399
7222,3,1.392120031942523,7210.255462282173,37125.829326119754,286232.81192908937,,1.358583e-03,1.038749e-03,0.7646
7224,3,3.2460639530421687,7212.47937666652,37137.29106345292,286310.0292583137,,3.159836e-03,2.693226e-03,0.8523
7226,3,1.320689271026803,7214.640258792369,37149.53792918394,286417.36212516925,,1.282439e-03,1.165655e-03,0.9089
7228,3,1.4508665786893378,7216.4315276261705,37160.633094465746,286521.86551825854,,1.405967e-03,1.442968e-03,1.0263
7230,3,3.5355946622761216,7218.906067723501,37174.484720249144,286631.3369937705,,3.416515e-03,2.646224e-03,0.7745
7232,3,1.3322184391864755,7221.471507537379,37189.08991302534,286757.4786746747,,1.283584e-03,1.081051e-03,0.8422
7234,3,1.320688866446628,7223.220304581865,37194.62374054793,286781.6339904797,,1.269945e-03,1.057549e-03,0.8328
7236,3,2.681272605901132,7224.312118046397,37202.261920637815,286859.02718467126,,2.575036e-03,2.138600e-03,0.8305
7238,3,1.7995522091233185,7226.876200503635,37218.40595974284,286994.96951209777,,1.723196e-03,1.146854e-03,0.6655
7240,3,1.7702663218240078,7227.805914492414,37224.44902886319,287053.0349520618,,1.693353e-03,1.424167e-03,0.8410
7242,3,2.857512014486933,7231.203326822377,37245.69168992879,287224.5727864027,,2.722773e-03,2.270206e-03,0.8338
7244,3,1.3210534955034094,7232.881603123716,37255.040525585406,287296.72639853007,,1.256354e-03,9.494444e-04,0.7557
7246,3,1.32068826125234,7233.927216297469,37260.76516472627,287329.447584979,,1.254508e-03,1.005847e-03,0.8018
7248,3,2.6583697282424277,7235.8417028695085,37271.503556916556,287423.7229637135,,2.519646e-03,2.162101e-03,0.8581
7250,3,1.8256326759222072,7239.121607164163,37287.26629382444,287544.29430440196,,1.723904e-03,1.438267e-03,0.8343
7252,3,1.6296565968334151,7239.94063305738,37295.16318415409,287618.911076088,,1.537404e-03,1.203256e-03,0.7827
7254,3,2.9800407988071855,7242.55129693998,37306.999426818395,287707.29631059634,,2.802989e-03,2.133900e-03,0.7613
7256,3,1.3217825528337321,7244.177487316026,37316.49483564869,287793.16368431185,,1.240946e-03,1.132753e-03,0.9128
7258,3,1.4053864987216271,7245.595974013086,37324.68181251933,287866.78679693025,,1.317302e-03,1.400666e-03,1.0633
7260,3,3.912070019833301,7248.798175912938,37343.917904306676,288035.88583111344,,3.653490e-03,3.243152e-03,0.8877
7262,3,1.3206874574395904,7251.566213694745,37357.508129064816,288146.2484988348,,1.229505e-03,1.142153e-03,0.9290
7264,3,1.326191736723489,7252.9493163834595,37364.35345917283,288196.5433427874,,1.232683e-03,8.648405e-04,0.7016
7266,3,3.187307574053658,7255.032800092652,37377.08991323465,288324.1353775883,,2.955531e-03,2.533419e-03,0.8572
7268,3,1.4011597724096823,7257.580709845633,37395.65859763038,288488.5046946485,,1.295489e-03,9.635451e-04,0.7438
7270,3,1.7628596903166063,7259.0122847294615,37401.178420236436,288528.2391991117,,1.627255e-03,1.400666e-03,0.8608
7272,3,2.66732046806816,7261.610947200256,37415.18315422993,288637.92970597063,,2.454850e-03,2.190303e-03,0.8922
7274,3,1.320686856901908,7262.574730993983,37419.16370478075,288656.10618409194,,1.214151e-03,1.156254e-03,0.9523
7276,3,1.4217580186365597,7264.958885809812,37431.910061771276,288775.4715106827,,1.303518e-03,1.095151e-03,0.8402
7278,3,2.6428278143894497,7265.895338525719,37436.85845024951,288815.8825603363,,2.420450e-03,1.898889e-03,0.7845
7280,3,2.3045648844108904,7269.234516692986,37456.10530558084,288974.9248709753,,2.102619e-03,1.532272e-03,0.7287
7282,3,1.4714853038126778,7270.528928484447,37466.09020317925,289071.3073733902,,1.340554e-03,1.104552e-03,0.8240
7284,3,2.6450119696079533,7272.892004952857,37478.72570353796,289169.62053500226,,2.403172e-03,2.190303e-03,0.9114
7286,3,1.3206862583434764,7275.643098407417,37495.5592763513,289317.79323456663,,1.196168e-03,8.836414e-04,0.7387
7288,3,1.3217761329387268,7274.663599875692,37486.8809213835,289231.1713509756,,1.198500e-03,1.085751e-03,0.9059
7290,3,3.520863017849971,7278.42958970254,37510.1567397739,289431.4371660433,,3.178784e-03,2.655624e-03,0.8354
7292,3,1.3210486858572172,7281.75540783785,37528.546914521314,289578.37145505694,,1.188180e-03,1.156254e-03,0.9731
7294,3,1.587441129435247,7282.205949044838,37531.077827278816,289613.34646921395,,1.427045e-03,1.128053e-03,0.7905
7296,3,2.7959794553514477,7284.584423126027,37544.420386046186,289723.5586689549,,2.506656e-03,1.988193e-03,0.7932
7298,3,1.369743349119352,7286.6194494128795,37559.47033064022,289862.04677443067,,1.225150e-03,9.071425e-04,0.7404
7300,3,1.7852263189098445,7287.7736556830405,37562.91737868549,289870.76061226265,,1.594677e-03,1.231458e-03,0.7722
7302,3,2.642820635620719,7290.561850219491,37578.70248570446,290001.9412828459,,2.353232e-03,2.289007e-03,0.9727
7304,3,1.485137692714494,7291.900149590361,37588.22873980276,290083.57281396305,,1.320381e-03,9.729455e-04,0.7369
7306,3,1.4455156085014544,7293.7259139833195,37596.44030505297,290163.23046059406,,1.282482e-03,1.226757e-03,0.9565
7308,3,3.286138816659973,7296.016700932016,37611.86092751963,290293.74341882556,,2.907886e-03,2.585121e-03,0.8890
7310,3,1.9235934536546184,7299.809341183853,37632.06055303236,290462.0040663451,,1.694827e-03,1.325462e-03,0.7821
7312,3,1.3232254418732858,7300.439185977077,37639.989407163615,290545.3265518746,,1.165014e-03,8.554400e-04,0.7343
7314,3,2.820635358837792,7302.762122667379,37648.958333064205,290600.4149660656,,2.476823e-03,2.110399e-03,0.8521
7316,3,1.3898143491513044,7305.559045370694,37659.84126317245,290680.2887675699,,1.216525e-03,1.278460e-03,1.0509
7318,3,1.3206846717899092,7305.013427987034,37663.40362959109,290731.90732329787,,1.156725e-03,1.217357e-03,1.0524
7320,3,3.5805386622203095,7308.528912236073,37681.49961052192,290881.8884210032,,3.123471e-03,2.693226e-03,0.8623
7322,3,1.587429410543106,7312.179155852805,37701.24462125393,291056.4758999283,,1.379032e-03,1.334862e-03,0.9680
7324,3,1.3210455144885416,7311.632268801756,37700.0867884239,291046.5818993096,,1.148333e-03,9.259433e-04,0.8063
7326,3,3.017882586728547,7314.820633223907,37717.08040913572,291191.23528448015,,2.613799e-03,2.100998e-03,0.8038
7328,3,1.3261400353575883,7318.229406343789,37737.74229480657,291372.50142610364,,1.144112e-03,9.024422e-04,0.7888
7330,3,1.7628397599631866,7317.2838996070905,37732.20559090985,291310.63309717015,,1.522512e-03,1.024648e-03,0.6730
7332,3,2.9447217967472485,7321.135081997253,37754.036071706396,291508.3968009944,,2.532112e-03,2.086898e-03,0.8242
7334,3,1.40530904562167,7323.808372837243,37771.870909621684,291646.2010278334,,1.204713e-03,1.198556e-03,0.9949
7336,3,1.5966704383273125,7324.825986175809,37773.404881651906,291661.9990284512,,1.367178e-03,9.964466e-04,0.7288
7338,3,2.642809955658885,7326.51765365982,37782.32392787623,291724.42555456463,,2.258590e-03,1.964692e-03,0.8699
7340,3,1.7652546089494376,7329.758245825195,37800.442163513646,291882.0237407267,,1.503046e-03,1.222057e-03,0.8131
7342,3,1.3206834909555798,7329.3903633655145,37798.936232613014,291871.0326672396,,1.124982e-03,9.212431e-04,0.8189
7344,3,2.816690414279977,7332.18757765031,37815.07224269703,292000.05737763044,,2.391659e-03,1.818985e-03,0.7606
7346,3,1.3206832949004115,7335.2422533455865,37833.4292075063,292172.517894873,,1.117490e-03,1.066950e-03,0.9548
7348,3,1.4759173256643818,7334.184535972587,37826.51341914441,292102.3713934187,,1.250351e-03,1.132753e-03,0.9059
7350,3,4.225035621419965,7338.927991331103,37854.80389622224,292348.2967121454,,3.559983e-03,3.153848e-03,0.8859
7352,3,1.3217634611721403,7343.014202226991,37875.62461220689,292528.0546795601,,1.108528e-03,9.917464e-04,0.8947
7354,3,1.3206829034302545,7342.4876914305005,37874.15079166813,292508.40106290556,,1.108286e-03,1.109252e-03,1.0009
7356,3,2.644969108335739,7345.10391799006,37889.10149242066,292647.09660688986,,2.212976e-03,1.715580e-03,0.7752
7358,3,1.4454788643324534,7347.67811635789,37904.35915871434,292771.92088109447,,1.205844e-03,9.447442e-04,0.7835
7360,3,1.8442615807785563,7348.133545719543,37906.14919118238,292775.71940766316,,1.537718e-03,1.283160e-03,0.8345
7362,3,2.647135340201698,7351.003903650462,37922.050354022926,292905.08146167215,,2.199923e-03,1.969392e-03,0.8952
7364,3,1.5904588115115386,7353.049157468239,37932.75279064625,292985.11046413897,,1.318682e-03,1.038749e-03,0.7877
7366,3,1.3801783029971886,7354.165562385072,37941.399546321954,293071.84113280853,,1.142874e-03,9.400440e-04,0.8225
7368,3,2.649305123267437,7355.9791391813715,37949.583604651525,293138.7467344805,,2.189259e-03,2.068097e-03,0.9447
7370,3,1.9861278562230607,7360.149747001441,37973.92919741603,293351.5565738532,,1.633444e-03,1.198556e-03,0.7338
7372,3,1.412705409019679,7359.2252088864825,37969.931353540735,293296.3176523699,,1.163071e-03,8.507398e-04,0.7315
7374,3,2.6427993801465552,7362.558383794628,37985.267045624896,293427.44471524697,,2.167546e-03,1.612175e-03,0.7438
7376,3,1.323200153767146,7365.431372924762,38001.936028901444,293575.71289615374,,1.081696e-03,8.319389e-04,0.7691
7378,3,1.7482906019668822,7364.55363300449,37997.47577042819,293529.90626412357,,1.430633e-03,1.485270e-03,1.0382
7380,3,3.611141556769201,7368.691737806026,38021.57798085506,293741.6957918359,,2.941082e-03,2.420613e-03,0.8230
7382,3,1.320681539970154,7371.591940176024,38037.0954939305,293878.66277536197,,1.072071e-03,9.917464e-04,0.9251
7384,3,1.461227734680818,7372.125883617414,38042.18010951428,293914.7454647699,,1.185434e-03,1.076350e-03,0.9080
7386,3,2.6427958779223744,7374.47866618201,38054.17000260001,294014.8123743287,,2.138244e-03,1.635677e-03,0.7650
7388,3,1.321039254258343,7376.185473053311,38068.066398828414,294157.9603661614,,1.066746e-03,8.742409e-04,0.8195
7390,3,1.7628201541202704,7377.4015327274865,38071.407643109625,294168.2283838464,,1.421518e-03,1.142153e-03,0.8035
7392,3,3.520863017849971,7380.9217856790265,38093.286202604926,294361.3333099942,,2.827789e-03,2.768430e-03,0.9790
7394,3,1.3206809587929798,7383.3128533582085,38106.35835202642,294463.6804606972,,1.057817e-03,9.071425e-04,0.8576
7396,3,1.3525266471009034,7384.885056765856,38116.653588547255,294557.30404039245,,1.081380e-03,9.165429e-04,0.8476
7398,3,2.660207613486645,7386.319658193918,38123.96390644548,294623.7566865263,,2.123427e-03,2.082197e-03,0.9806
7400,3,1.810729552037128,7389.027727064679,38137.63468454143,294723.0742999708,,1.440900e-03,1.316062e-03,0.9134
7402,3,1.3206805723889794,7390.527649740582,38150.82213447075,294860.82723917585,,1.049136e-03,8.507398e-04,0.8109
7404,3,2.6449409987751,7391.856994653534,38153.27457442677,294854.56467551243,,2.097943e-03,1.786084e-03,0.8513
7406,3,1.6598354227007006,7394.441993917695,38168.19801125173,294982.3593733606,,1.312686e-03,1.029348e-03,0.7842
7408,3,1.323187674278758,7394.231742556517,38172.750061548424,295034.6212383875,,1.046691e-03,9.917464e-04,0.9475
7410,3,4.0668792077839235,7398.659640869988,38195.17915111034,295222.0276816532,,3.200844e-03,2.843633e-03,0.8884
7412,3,1.4215073118796144,7403.467550469207,38221.55345231926,295450.2986568985,,1.112677e-03,9.212431e-04,0.8280
7414,3,1.4714054402955103,7401.8938582764695,38212.83381045636,295372.98135692684,,1.153805e-03,9.400440e-04,0.8147
7416,3,2.6667922857972552,7405.04273671523,38228.429060604394,295498.85597054346,,2.083673e-03,1.677979e-03,0.8053
7418,3,1.3206798020826502,7407.357470345436,38241.57265480287,295611.4228763332,,1.029177e-03,7.191337e-04,0.6987
7420,3,2.153939728567041,7408.340404993138,38249.07843141803,295692.7956594827,,1.676632e-03,1.471169e-03,0.8775
7422,3,2.6427854393092494,7411.7821261432,38269.52378171513,295870.9028185227,,2.049082e-03,1.706180e-03,0.8327
7424,3,1.3692245069416553,7412.627499342834,38270.01068958833,295835.60148535896,,1.060609e-03,9.447442e-04,0.8908
7426,3,1.3671922627755082,7414.98661589129,38285.93376192262,295987.9870914356,,1.056184e-03,8.460396e-04,0.8010
7428,3,2.644927080670116,7415.935797111861,38290.53978753125,296023.266580004,,2.041049e-03,1.640377e-03,0.8037
7430,3,1.7628072599491758,7418.219427769708,38303.70628094586,296138.6492148524,,1.356789e-03,1.104552e-03,0.8141
7432,3,1.3217479290310572,7420.10097744938,38317.36103987737,296266.399808288,,1.015130e-03,9.400440e-04,0.9260
7434,3,3.224369290031026,7422.177910580928,38326.8792244537,296337.58774992236,,2.470525e-03,1.950591e-03,0.7895
7436,3,1.600392280840896,7425.174323712817,38344.2662948442,296485.0400066032,,1.222039e-03,1.076350e-03,0.8808
7438,3,1.3206788438626103,7425.474524868112,38348.780410377236,296528.01377534843,,1.008104e-03,1.118652e-03,1.1097
7440,3,3.6422720874310044,7428.95167026593,38366.081814141195,296668.89782661176,,2.769224e-03,2.326609e-03,0.8402
7442,3,1.342701998332616,7432.535565989962,38385.37411094706,296835.36142072454,,1.016691e-03,1.099851e-03,1.0818
7444,3,1.3210338649544673,7432.227257426485,38383.099421429535,296803.257092575,,1.000637e-03,9.776458e-04,0.9770
7446,3,2.856362110255751,7434.6741944402775,38395.137704370514,296904.7637429321,,2.157565e-03,1.833086e-03,0.8496
7448,3,1.6775876732108685,7437.540200848092,38415.79080883125,297103.9140335182,,1.263026e-03,8.554400e-04,0.6773
7450,3,1.7724072334754957,7437.371436343218,38415.53962650177,297097.24847677187,,1.334670e-03,1.146854e-03,0.8593
7452,3,2.7663923711678344,7441.470519931644,38437.43186763972,297267.40444963484,,2.073447e-03,2.011694e-03,0.9702
7454,3,1.320678080990838,7443.782690500763,38451.31491121098,297380.6367517627,,9.872549e-04,9.494444e-04,0.9617
7456,3,1.326039318411028,7443.386975672498,38446.721395419525,297328.5835998571,,9.917135e-04,8.413394e-04,0.8484
7458,3,2.9604854204143902,7446.07487256203,38464.7590101734,297502.6159240474,,2.207286e-03,1.992893e-03,0.9029
7460,3,1.7651766073317914,7450.024287463908,38485.072074502146,297662.3948135657,,1.310168e-03,1.109252e-03,0.8466
7462,3,1.7727422187776078,7450.335939952287,38486.47245611536,297676.3237128344,,1.315316e-03,1.076350e-03,0.8183
7464,3,2.649193047411386,7452.912168441321,38501.53387961907,297804.0954269433,,1.959840e-03,1.471169e-03,0.7507
7466,3,1.3206775109839277,7455.317720871598,38516.16353374275,297929.80596691143,,9.743403e-04,9.400440e-04,0.9648
7468,3,1.3210315800217252,7455.066594017859,38511.717410992234,297868.3917123816,,9.748848e-04,1.085751e-03,1.1137
7470,3,3.5643304625147856,7458.509278362983,38533.329478314845,298061.43745053996,,2.620053e-03,2.242005e-03,0.8557
7472,3,1.3231630373532957,7461.41058031983,38549.096009671564,298200.71537650906,,9.694100e-04,9.024422e-04,0.9309
7474,3,1.3717648121493393,7461.526585090277,38548.68076208345,298185.33054126316,,1.004886e-03,9.541447e-04,0.9495
7476,3,3.205199436939284,7464.749017705751,38568.61765441416,298365.86002184707,,2.339342e-03,1.950591e-03,0.8338
7478,3,1.3206769428073848,7467.226710105487,38585.90907841744,298524.1700376321,,9.611808e-04,7.238339e-04,0.7531
7480,3,2.086437343911094,7468.798811293064,38591.521460465956,298551.37193033204,,1.515780e-03,1.334862e-03,0.8806
7482,3,2.805240453246318,7471.792564211226,38604.66786924757,298651.73906563857,,2.031042e-03,1.842486e-03,0.9072
7484,3,1.3210300648835165,7472.235896262028,38611.64639421874,298716.3592673364,,9.559590e-04,9.165429e-04,0.9588
7486,3,1.4051589057663685,7475.765541300915,38625.416099788155,298825.8539054812,,1.012758e-03,1.057549e-03,1.0442
7488,3,2.8807061055136125,7476.176927285156,38630.43526729209,298877.11821303226,,2.075266e-03,1.936491e-03,0.9331
7490,3,2.1326370279548397,7479.1311697625415,38647.75188871486,299020.8526902689,,1.531182e-03,1.254959e-03,0.8196
7492,3,1.321029309743816,7481.638580521071,38662.33484957823,299147.80902051646,,9.457556e-04,8.084378e-04,0.8548
7494,3,2.6427648634383103,7482.881969422374,38669.117162021634,299199.02416530234,,1.889334e-03,1.715580e-03,0.9080
7496,3,1.3217357425297753,7485.545979006271,38685.94556611154,299347.6306761999,,9.420482e-04,7.003328e-04,0.7434
7498,3,1.3917874662397178,7485.152951064747,38678.5899456801,299265.2558286937,,9.924283e-04,9.823460e-04,0.9898
7500,3,3.520863017849971,7488.562302001371,38700.7036480674,299464.99698507,,2.500826e-03,2.157401e-03,0.8627
7502,3,1.5176133697629186,7491.969122366311,38716.9918578415,299591.12018910353,,1.073763e-03,9.870462e-04,0.9192
7504,3,1.6087635635406792,7492.694252825895,38721.760110443385,299632.2143864642,,1.137312e-03,1.005847e-03,0.8844
7506,3,2.6599220609304526,7495.071970600019,38737.0561460341,299780.41204442194,,1.875324e-03,1.447668e-03,0.7720
7508,3,1.3210278042973091,7496.499366685747,38747.097966994064,299868.4885002267,,9.298450e-04,6.674312e-04,0.7178
7510,3,1.7627818847713472,7498.169173038304,38754.070701294506,299910.57707642677,,1.238428e-03,1.367764e-03,1.1044
7512,3,2.649138090600943,7500.726688988548,38767.68025535284,300019.42385401373,,1.855707e-03,1.649777e-03,0.8890
7514,3,1.53637658960726,7501.643940882383,38777.06501099885,300112.313218709,,1.075091e-03,9.682453e-04,0.9006
7516,3,1.3210270539802036,7503.868654967836,38787.69020086926,300200.9335911312,,9.220565e-04,9.071425e-04,0.9838
7518,3,3.1866794093760755,7505.900909090074,38801.029432984295,300309.0759214263,,2.219094e-03,1.992893e-03,0.8981
7520,3,1.7995522091233185,7509.367497828502,38820.897598155585,300483.28477840294,,1.248196e-03,9.259433e-04,0.7418
7522,3,1.3206748750115613,7510.569600664283,38831.251221916915,300590.4734479852,,9.147795e-04,7.003328e-04,0.7656
7524,3,3.106643839279386,7512.737359305218,38838.42396473663,300615.9095747486,,2.146546e-03,1.724981e-03,0.8036
7526,3,1.3657226539827254,7515.52352452728,38853.49969064869,300733.5103637044,,9.406549e-04,8.742409e-04,0.9294
7528,3,1.321729727148152,7515.49616394381,38851.33926541744,300707.93578388845,,9.103852e-04,1.024648e-03,1.1255
7530,3,3.5350030299698503,7518.617496402781,38870.25841945835,300888.6669753129,,2.426186e-03,2.176202e-03,0.8970
7532,3,1.5903223968266162,7522.297007283337,38891.74228382425,301072.6908248481,,1.086913e-03,1.038749e-03,0.9557
7534,3,1.3206743152612541,7521.584503381602,38887.17218249639,301024.9142405534,,9.033563e-04,9.729455e-04,1.0770
7536,3,2.657683697344817,7524.47854191546,38905.27126199669,301191.946995548,,1.811886e-03,1.433567e-03,0.7912
7538,3,1.3206741290740667,7527.2955252487955,38923.41741662329,301371.1482350421,,8.974814e-04,7.285341e-04,0.8118
7540,3,1.9915992828242262,7527.186490450706,38920.30312010897,301304.6461609937,,1.353590e-03,1.034048e-03,0.7639
7542,3,2.6469797508296544,7530.758436353812,38941.8687190883,301497.918635687,,1.791696e-03,1.640377e-03,0.9155
7544,3,1.4186627544450432,7532.660748392755,38952.16716506141,301582.8162639117,,9.581863e-04,8.836414e-04,0.9222
7546,3,1.7604315089249856,7534.660719385151,38961.58542817051,301654.9760990755,,1.186314e-03,9.353438e-04,0.7884
7548,3,2.897167283259405,7536.169058780599,38972.15134685159,301761.0772682793,,1.948969e-03,1.757882e-03,0.9020
7550,3,1.7722464854949518,7538.728873234628,38988.37210464652,301899.0907014512,,1.188736e-03,8.319389e-04,0.6999
7552,3,1.3434872041795942,7540.540656028889,38997.77151359823,301987.6138596502,,8.992846e-04,7.990374e-04,0.8885
7554,3,2.642748016978081,7542.272156582324,39008.143351651306,302047.78129781625,,1.765471e-03,1.659178e-03,0.9398
7556,3,1.3210233262521354,7543.627975590041,39018.4894119246,302151.8342893956,,8.811335e-04,8.883416e-04,1.0082
7558,3,1.320673201095829,7544.853021885931,39020.700992249935,302158.4274201939,,8.796743e-04,9.400440e-04,1.0686
7560,3,4.225035621419965,7548.354204930358,39044.057178990195,302370.0553846223,,2.802974e-03,3.031642e-03,1.0816
7562,3,1.4050861222324533,7551.89543243642,39063.42431995932,302533.5245760133,,9.284029e-04,9.447442e-04,1.0176
7564,3,1.3890020672406374,7553.247798885732,39072.539721570465,302621.9583905503,,9.163579e-04,7.990374e-04,0.8720
7566,3,2.9110293276769137,7555.228825119169,39081.72442664424,302696.4150991961,,1.916143e-03,1.814285e-03,0.9468
7568,3,1.5028073856676705,7557.610191439101,39097.35676290485,302824.6602674241,,9.865129e-04,7.896370e-04,0.8004
7570,3,1.7627632062878,7558.584531777212,39099.00260723612,302830.3736473716,,1.155880e-03,1.010547e-03,0.8743
7572,3,2.6448454307378557,7561.206711348919,39112.79645331995,302942.9333124918,,1.729098e-03,1.598075e-03,0.9242
7574,3,1.5873278540585212,7562.801080120718,39125.04252189692,303048.55081422225,,1.035842e-03,8.084378e-04,0.7805
7576,3,1.3217207995579654,7564.5349136426175,39137.02581829024,303173.3696149636,,8.608071e-04,6.909323e-04,0.8027
7578,3,2.646949524159286,7566.125175611897,39144.42520273966,303220.8290404419,,1.720776e-03,1.508771e-03,0.8768
7580,3,1.765101088524256,7569.573498943039,39164.363342031764,303389.42553234135,,1.142979e-03,9.024422e-04,0.7896
7582,3,1.4147178098872282,7569.421855129908,39163.77929634617,303357.0420022985,,9.162494e-04,7.426348e-04,0.8105
7584,3,2.6749413836912117,7572.067201560856,39176.31491210913,303457.28612232965,,1.727222e-03,1.489970e-03,0.8626
7586,3,1.3206719101510576,7574.313806549361,39189.93488079789,303590.04212829244,,8.505785e-04,7.849367e-04,0.9228
7588,3,1.5902782775790762,7574.524508761515,39191.5060143851,303595.06646324927,,1.023972e-03,1.024648e-03,1.0007
7590,3,4.098359068396792,7578.603690180745,39215.80541658337,303812.36439336115,,2.626647e-03,2.618023e-03,0.9967
7592,3,1.460639715471691,7582.117529123693,39232.56482366576,303953.03452478413,,9.323836e-04,9.071425e-04,0.9729
7594,3,1.3206715430591394,7582.6620126653925,39237.68289261981,303988.334532868,,8.425104e-04,1.029348e-03,1.2218
7596,3,2.6532819392888536,7584.839698944885,39251.39200645016,304118.3761406904,,1.688431e-03,1.457068e-03,0.8630
7598,3,1.3798386504063194,7586.90340301222,39267.48647170145,304268.829991515,,8.759972e-04,7.802365e-04,0.8907
7600,3,1.8639863035676318,7587.775784309303,39267.660564453465,304242.3727064194,,1.182190e-03,1.024648e-03,0.8667
7602,3,3.186479379283214,7591.444728028066,39288.65261682835,304429.22068185365,,2.012503e-03,1.767283e-03,0.8782
7604,3,1.3210189048015295,7593.520016113465,39298.009441744245,304511.40667385433,,8.323520e-04,7.849367e-04,0.9430
7606,3,1.320670993869928,7595.210604149946,39311.152590452584,304617.4377102332,,8.305246e-04,8.272387e-04,0.9960
7608,3,2.6490302705728355,7596.225147897229,39314.32801202286,304637.90160891466,,1.663961e-03,1.541672e-03,0.9265
7610,3,1.7627509180276535,7598.844388345223,39328.447334060584,304741.4158890292,,1.103949e-03,1.057549e-03,0.9580
7612,3,1.475605358358175,7600.210204273431,39339.55418652053,304855.7997963498,,9.226764e-04,7.191337e-04,0.7794
7614,3,2.699328313684978,7602.001580720964,39344.41164919709,304871.851935618,,1.684418e-03,1.593375e-03,0.9459
7616,3,1.690014248567986,7604.593155811369,39362.19674582964,305037.1966040505,,1.051472e-03,8.084378e-04,0.7689
7618,3,1.4453027196047679,7605.198273920449,39367.88607773177,305098.01431613945,,8.985971e-04,1.081051e-03,1.2030
7620,3,3.549029921992771,7608.626681730889,39388.091366480156,305269.15167911875,,2.197939e-03,2.006994e-03,0.9131
7622,3,1.371493175552874,7612.353478358349,39406.780235386366,305420.1063875418,,8.457723e-04,6.345297e-04,0.7502
7624,3,1.3217119846187588,7611.4736948243235,39403.458265846675,305383.16702969983,,8.158905e-04,6.251293e-04,0.7662
7626,3,2.801747759562311,7614.354113692121,39420.38350473864,305530.2822895599,,1.723835e-03,1.541672e-03,0.8943
7628,3,1.3210167149649694,7616.661044986518,39432.18685985398,305625.5701236007,,8.106474e-04,6.063284e-04,0.7480
7630,3,2.1322609678194215,7618.033065248716,39441.463911019164,305708.7950443097,,1.306420e-03,9.400440e-04,0.7196
7632,3,2.6924246607088014,7621.336894691497,39460.81626779874,305876.8100444971,,1.643417e-03,1.363064e-03,0.8294
7634,3,1.471278507459046,7621.945565389757,39459.76559786334,305863.5143715806,,8.974288e-04,1.034048e-03,1.1522
7636,3,1.400272681702237,7624.867281018634,39480.557285846306,306039.13388182264,,8.512690e-04,8.695407e-04,1.0215
7638,3,2.838994523895316,7625.8641733514205,39485.109652384985,306068.69092740037,,1.723952e-03,1.616876e-03,0.9379
7640,3,1.76974596135316,7628.410984743117,39500.917643921384,306204.7419365272,,1.071539e-03,1.015248e-03,0.9475
7642,3,1.3206693566562147,7630.136775683507,39511.02573156606,306286.60380690795,,7.980599e-04,7.238339e-04,0.9070
7644,3,3.456847326616335,7632.591285853648,39523.1104487097,306392.6240416753,,2.083079e-03,1.828386e-03,0.8777
7646,3,1.3206691756957527,7635.322069981265,39537.01002684072,306504.3740735083,,7.933533e-04,8.319389e-04,1.0486
7648,3,1.3258946174814765,7636.257639551175,39546.56651011809,306604.44903421757,,7.956378e-04,8.601403e-04,1.0811
7650,3,3.755587219039969,7639.175981697156,39560.539554392155,306723.9778440799,,2.246150e-03,2.016394e-03,0.8977
7652,3,1.3210145388793455,7641.81449405846,39573.414686898745,306819.5049433627,,7.877015e-04,1.001147e-03,1.2710
7654,3,1.3680729304009138,7643.247008540363,39580.91321407917,306885.36597025197,,8.144295e-04,7.708361e-04,0.9465
7656,3,3.042721126537012,7645.1516661040605,39589.662555148454,306963.3283114665,,1.807437e-03,1.762582e-03,0.9752
7658,3,1.5872954926343814,7647.589414142171,39606.094705676434,307106.41582926066,,9.402619e-04,7.332343e-04,0.7798
7660,3,1.7650520640665208,7648.932750791975,39614.82115314361,307191.2220601968,,1.043955e-03,9.870462e-04,0.9455
7662,3,2.642718359280331,7651.594695129115,39629.39480423744,307304.993052024,,1.558317e-03,1.635677e-03,1.0496
7664,3,1.323091605764376,7653.511193811728,39638.339072042225,307376.30767568643,,7.784772e-04,5.781271e-04,0.7426
7666,3,1.320668273727593,7654.897175433241,39646.85807644092,307436.46005979297,,7.758222e-04,6.533306e-04,0.8421
7668,3,2.6789175135814998,7655.973794085034,39653.60375336859,307490.17319927376,,1.571787e-03,1.297261e-03,0.8253
7670,3,1.9541632060794099,7659.454583186831,39670.19339100983,307624.35097638913,,1.142014e-03,1.010547e-03,0.8849
7672,3,1.5961245680919869,7660.264989221203,39676.840880748125,307682.81209906115,,9.319107e-04,7.332343e-04,0.7868
7674,3,2.642715115590601,7662.821774067066,39688.96945375722,307782.3322179701,,1.538479e-03,1.254959e-03,0.8157
7676,3,1.4121108360360846,7664.842214024858,39701.03992074051,307892.9362379909,,8.201778e-04,9.259433e-04,1.1290
7678,3,1.4712539988133886,7665.423904503357,39705.47926640503,307924.55996049015,,8.539607e-04,9.588449e-04,1.1228
7680,3,3.520863017849971,7668.534695588101,39722.552279988304,308065.579986479,,2.036373e-03,1.959992e-03,0.9625
7682,3,1.3915791927692742,7671.107618170393,39736.497685071816,308187.96316925867,,8.024925e-04,7.708361e-04,0.9606
7684,3,1.4210330017989072,7671.842320712442,39740.501101097136,308226.29132419353,,8.187910e-04,7.943372e-04,0.9701
7686,3,3.2224847959982785,7675.176053711382,39761.09990433398,308411.23596116604,,1.849720e-03,1.466469e-03,0.7928
7688,3,1.3658520327866268,7677.247257530104,39774.78002171961,308519.04598965327,,7.821515e-04,5.546260e-04,0.7091
7690,3,1.7627267260161523,7678.790705889668,39784.24528262656,308603.84508734976,,1.007643e-03,8.037376e-04,0.7976
7692,3,2.644779731718288,7681.202429219985,39794.266247062194,308675.6807391419,,1.507709e-03,1.358364e-03,0.9009
7694,3,1.3206670188541276,7682.201977028801,39800.658437854116,308730.27113152645,,7.520131e-04,8.507398e-04,1.1313
7696,3,1.4815059971212865,7685.378330805342,39816.97230156525,308851.8026113228,,8.405464e-04,6.721315e-04,0.7996
7698,3,2.6427086585969923,7685.608215060803,39817.51265593219,308869.7775414932,,1.498974e-03,1.447668e-03,0.9658
7700,3,2.3472420118999806,7689.285821496242,39840.92959485781,309080.44591957174,,1.325800e-03,1.160954e-03,0.8757
7702,3,1.3206666619955563,7689.949677110527,39844.110796112815,309094.02383872255,,7.453916e-04,7.520352e-04,1.0089
7704,3,2.6657962849435495,7692.614229381731,39860.240156991225,309229.2829756385,,1.500019e-03,1.109252e-03,0.7395
7706,3,1.3206664838442699,7696.055513579747,39880.24129206233,309414.6247977197,,7.402125e-04,7.097332e-04,0.9588
7708,3,1.3842709300948604,7693.898316552053,39865.61390160506,309275.69425932,,7.777772e-04,7.567354e-04,0.9729
7710,3,3.534670323802324,7698.205393958402,39891.97224838251,309503.70950701396,,1.976272e-03,1.941191e-03,0.9822
7712,3,1.3258479983535456,7701.735735239807,39908.96277780563,309641.8281291907,,7.383171e-04,7.520352e-04,1.0186
7714,3,1.7397205499964563,7701.960575769418,39913.95379029677,309698.71399044973,,9.685345e-04,9.588449e-04,0.9900
7716,3,2.644766837901343,7704.885320915612,39929.506052563134,309834.71151549096,,1.467485e-03,1.254959e-03,0.8552
7718,3,1.4146045191717218,7706.097727808023,39940.83446689597,309938.0158065197,,7.838223e-04,6.486304e-04,0.8275
7720,3,1.7696484278198807,7707.90183802933,39946.001049766,309967.9848736678,,9.785387e-04,1.019948e-03,1.0423
7722,3,3.200784561681792,7710.654695532393,39963.79897521231,310114.74379064154,,1.764337e-03,1.710880e-03,0.9697
7724,3,1.321008091844954,7712.354025438684,39975.94822308282,310233.6234015789,,7.267525e-04,6.627310e-04,0.9119
7726,3,1.320665595856312,7714.541255009228,39983.90217986391,310289.22395208396,,7.247564e-04,7.802365e-04,1.0765
7728,3,3.3196708454014012,7716.3784560442655,39997.50538491056,310412.9419389377,,1.817949e-03,1.941191e-03,1.0678
7730,3,1.7627148182750827,7719.91286226324,40016.751973557206,310574.9725826667,,9.614281e-04,8.037376e-04,0.8360
7732,3,1.3210073829271383,7720.872218449885,40025.89266267445,310660.0369997931,,7.197179e-04,6.063284e-04,0.8425
7734,3,2.6426990483629154,7722.755883931495,40033.89757514626,310722.8650164008,,1.436721e-03,1.292560e-03,0.8997
7736,3,1.3216918427110385,7725.005239447225,40046.05910378195,310807.0471638232,,7.167044e-04,7.050330e-04,0.9837
7738,3,1.3651730674016458,7725.249919816743,40047.59233399668,310814.4320921583,,7.400758e-04,9.118427e-04,1.2321
7740,3,3.6067377256024096,7728.336035244731,40063.94191943934,310953.9005803046,,1.948380e-03,1.781383e-03,0.9143
7742,3,1.604964830214727,7731.9108417159605,40082.95123315608,311110.2302323446,,8.634816e-04,8.742409e-04,1.0125
7744,3,1.467026257437488,7731.975025899363,40086.7381213512,311150.5562385196,,7.892084e-04,7.426348e-04,0.9410
7746,3,2.6426958648330854,7734.533848885534,40099.21183896722,311253.10577351705,,1.417534e-03,1.447668e-03,1.0213
7748,3,1.4501513728435873,7737.220794818484,40115.0014400115,311400.7978352076,,7.754740e-04,6.439301e-04,0.8304
7750,3,1.8211360437155022,7737.712721696475,40120.335167086545,311443.20527135837,,9.733096e-04,9.071425e-04,0.9320
7752,3,2.982378085708211,7741.1356991444145,40138.21730464946,311583.7789511487,,1.587725e-03,1.508771e-03,0.9503
7754,3,1.3206643603728858,7742.545832736846,40144.21467620516,311630.110030767,,7.019512e-04,6.721315e-04,0.9575
7756,3,1.5901497702435141,7745.148913219777,40160.12441491666,311766.5200498435,,8.426773e-04,8.037376e-04,0.9538
7758,3,2.6468026183137896,7746.196502460911,40165.145869905224,311814.3586445955,,1.400961e-03,1.400666e-03,0.9998
7760,3,1.7789623669136696,7748.5834588138605,40178.7002100819,311913.5896107264,,9.390480e-04,6.627310e-04,0.7057
7762,3,1.3206640090156505,7750.232399356854,40190.90715865019,312033.02940811444,,6.958158e-04,5.640264e-04,0.8106
7764,3,2.64474129015242,7751.6316053838345,40196.80961960514,312071.61080426106,,1.391210e-03,1.287860e-03,0.9257
7766,3,1.4712058194244892,7753.826432197309,40212.07561336532,312207.3111548651,,7.719570e-04,6.016282e-04,0.7794
7768,3,1.3216861947811425,7753.987277420866,40212.49899492617,312223.80752333597,,6.933756e-04,8.883416e-04,1.2812
7770,3,4.345750924889107,7758.448911294286,40239.22971271198,312452.0480523658,,2.268257e-03,2.053996e-03,0.9055
7772,3,1.3902894993561423,7762.899126129462,40263.647904115074,312658.24001891207,,7.219828e-04,7.332343e-04,1.0156
7774,3,1.5089412933642734,7762.967197958784,40266.81355152871,312700.0484937224,,7.835354e-04,7.849367e-04,1.0018
7776,3,2.6406472633874785,7765.177683583165,40275.20209307866,312747.32959740976,,1.367739e-03,1.151554e-03,0.8419
7778,3,1.3206633084706092,7767.162431076093,40285.97739331774,312840.1931162552,,6.824976e-04,5.452255e-04,0.7989
7780,3,1.7649804275526986,7768.456188173368,40293.822907313595,312906.6672731439,,9.107668e-04,8.554400e-04,0.9393
7782,3,2.642686373243376,7770.837056257897,40306.26694366821,313014.31562772166,,1.359982e-03,1.334862e-03,0.9815
7784,3,1.5959532365582716,7771.561359210871,40313.24083799495,313073.54339096864,,8.206292e-04,6.674312e-04,0.8133
7786,3,1.414549371048094,7774.230158150918,40327.98737761448,313216.2496272865,,7.251403e-04,8.037376e-04,1.1084
7788,3,2.985527120399098,7776.150146255916,40339.5876985192,313303.8685593625,,1.527118e-03,1.551073e-03,1.0157
7790,3,1.91178082417193,7779.763996521438,40360.88891587599,313486.661202496,,9.738625e-04,6.674312e-04,0.6853
7792,3,1.323045948460118,7780.17570796721,40362.851637321495,313486.08509164816,,6.736442e-04,5.593262e-04,0.8303
7794,3,2.6467740551818806,7782.36577093637,40373.83591735965,313590.3558259108,,1.344273e-03,1.184455e-03,0.8811
7796,3,1.3210017640161293,7784.895709615718,40390.5056219722,313744.657693648,,6.689882e-04,5.593262e-04,0.8361
7798,3,1.5872431118307437,7784.793982914186,40387.02171396204,313696.9167737544,,8.039159e-04,9.400440e-04,1.1693
7800,3,3.8409414740181504,7788.732998930233,40411.52125282694,313909.79481990956,,1.936648e-03,1.762582e-03,0.9101
7802,3,1.3663266772973344,7792.239297775743,40429.53847259677,314064.49302872695,,6.861678e-04,8.366392e-04,1.2193
7804,3,1.3210010681389386,7792.388018168838,40430.915351921445,314068.84375025204,,6.632923e-04,6.627310e-04,0.9992
7806,3,2.6426800942291933,7794.401786438629,40445.088831112036,314204.56691297673,,1.323873e-03,1.236158e-03,0.9337
7808,3,1.342701998332616,7796.591488389601,40458.76424344374,314317.2162270882,,6.709578e-04,7.191337e-04,1.0718
7810,3,1.9843833433937035,7797.621317918261,40461.00458758936,314321.73833880515,,9.904501e-04,9.447442e-04,0.9539
7812,3,3.278044878687904,7801.427760892466,40484.163580953384,314523.27992468927,,1.629048e-03,1.574574e-03,0.9666
7814,3,1.3206617427389873,7802.710069107178,40490.05683748002,314551.5521753885,,6.553535e-04,6.580308e-04,1.0041
7816,3,1.3216778097775277,7805.2308866069425,40506.834626978096,314724.1061445109,,6.539710e-04,5.687266e-04,0.8697
7818,3,2.6426769692009966,7806.297517631289,40510.567922996,314737.1252640095,,1.306019e-03,1.475869e-03,1.1301
7820,3,1.96721235283046,7808.944889667007,40523.447211213745,314834.36226924043,,9.692713e-04,8.648405e-04,0.8923
7822,3,1.3206613967568483,7810.575226087804,40539.91752318389,314996.80647454335,,6.494911e-04,5.217244e-04,0.8033
7824,3,2.657048799184916,7811.983237969115,40540.9620006287,314985.0092747335,,1.304629e-03,1.325462e-03,1.0160
7826,3,1.770580338023001,7814.929992701535,40560.198608875085,315158.9957142099,,8.664448e-04,7.849367e-04,0.9059
7828,3,1.4118312101279586,7814.947201896582,40562.064706144265,315180.1554840634,,6.908735e-04,7.614356e-04,1.1021
7830,3,3.6512653518444145,7818.908854490851,40583.20494182455,315359.5229494939,,1.778672e-03,1.706180e-03,0.9592
7832,3,1.4838886282126316,7824.088029657625,40611.8251233609,315609.6345805239,,7.185987e-04,6.909323e-04,0.9615
7834,3,1.320660879109242,7821.411769416279,40597.65043564066,315481.87973145547,,6.415089e-04,4.982233e-04,0.7766
7836,3,2.6447035571868445,7824.801661864099,40613.7924506272,315608.30022392445,,1.279704e-03,1.066950e-03,0.8337
7838,3,1.3206607069124507,7827.637439944568,40628.02476609383,315741.6161794027,,6.369699e-04,4.418207e-04,0.6936
7840,3,2.1125178107099827,7827.385769544637,40630.28593650585,315753.86036812246,,1.019180e-03,1.001147e-03,0.9823
7842,3,2.6426707478804956,7831.481710654174,40652.41698817695,315941.8817614947,,1.269005e-03,1.160954e-03,0.9149
7844,3,1.3846755397930979,7832.032085227656,40654.43667276632,315961.8099033795,,6.645017e-04,7.191337e-04,1.0822
7846,3,1.320660363045867,7833.545108360069,40664.89278391731,316042.4025490698,,6.326857e-04,7.238339e-04,1.1441
7848,3,2.6653262097742774,7835.489479580264,40677.27145278269,316159.59191711794,,1.274038e-03,1.175055e-03,0.9223
7850,3,1.7717891315632113,7838.467629616674,40695.72996774595,316318.3173282355,,8.440473e-04,8.037376e-04,0.9522
7852,3,1.450019851768597,7839.039783694375,40699.632126431105,316357.4232913692,,6.903108e-04,6.486304e-04,0.9396
7854,3,3.755587219039969,7842.392452121534,40718.406668235366,316511.9393631462,,1.781093e-03,1.668578e-03,0.9368
7856,3,1.3230236800203112,7846.215409678295,40741.01482971628,316710.2145428976,,6.247129e-04,6.251293e-04,1.0007
7858,3,1.320659848559462,7845.885353595492,40738.089299727144,316671.66679685295,,6.238326e-04,7.097332e-04,1.1377
7860,3,3.54815652961625,7849.139064847203,40756.86333723879,316841.44072049076,,1.669808e-03,1.710880e-03,1.0246
7862,3,1.3206596774131827,7852.790083675794,40776.131823173324,316998.17243245506,,6.189356e-04,7.849367e-04,1.2682
7864,3,1.3216695273427643,7852.697546731661,40773.18661686751,316953.9907064253,,6.194763e-04,6.157288e-04,0.9940
7866,3,2.929121334177707,7854.739797669569,40782.97793410955,317044.76949436404,,1.369707e-03,1.405366e-03,1.0260
7868,3,1.5900671693515998,7857.581571247613,40803.82510269896,317238.131152815,,7.411297e-04,5.922277e-04,0.7991
7870,3,1.762674096834444,7857.7626072715575,40803.33930016434,317225.92842337245,,8.214136e-04,9.118427e-04,1.1101
7872,3,2.708356167576901,7861.497656244558,40824.37007558018,317396.003881638,,1.256736e-03,1.400666e-03,1.1145
7874,3,1.3767788490489197,7863.718820455589,40838.21353255732,317521.1799216394,,6.372363e-04,5.546260e-04,0.8704
7876,3,1.4753145413778128,7863.719456025753,40834.838053761465,317481.3739667264,,6.828456e-04,6.439301e-04,0.9430
7878,3,2.909804146983447,7866.230411747828,40852.460504865325,317634.1961288414,,1.342935e-03,1.325462e-03,0.9870
7880,3,1.7694593628169086,7870.131741247695,40872.00027975469,317788.51988091983,,8.130159e-04,6.768317e-04,0.8325
7882,3,1.587212579704559,7870.210893044565,40874.18110986868,317817.85270304035,,7.292112e-04,6.862321e-04,0.9411
7884,3,2.6778394783647665,7873.015999473407,40886.73237032343,317907.21190191084,,1.226349e-03,1.090451e-03,0.8892
7886,3,1.320658654183385,7874.838827813988,40898.066253150995,318013.2895039641,,6.035534e-04,6.298295e-04,1.0435
7888,3,1.4605061407377657,7875.175438587668,40901.78889704553,318034.54436805926,,6.672071e-04,8.366392e-04,1.2539
7890,3,3.534352914470086,7878.591076161636,40920.957603676194,318205.7927810735,,1.608325e-03,1.767283e-03,1.0988
7892,3,1.3209935066971352,7881.528513258036,40936.4970509346,318337.3714705484,,5.991133e-04,6.157288e-04,1.0277
7894,3,1.3206583144901127,7882.3405671134415,40941.48046242245,318365.28903060476,,5.984060e-04,6.580308e-04,1.0996
7896,3,3.2391939764219733,7884.773271720659,40954.26544006566,318485.5180079253,,1.463649e-03,1.377164e-03,0.9409
7898,3,1.471135574685212,7887.517473593087,40970.61837377525,318616.19703706127,,6.626615e-04,5.640264e-04,0.8512
7900,3,1.7832942557941411,7888.501578667294,40977.556637792804,318681.39237015764,,8.023676e-04,8.507398e-04,1.0603
7902,3,2.6466899344707446,7891.228465974748,40989.341866357565,318766.41116671823,,1.187145e-03,1.142153e-03,0.9621
7904,3,1.5250797029189713,7892.677944759502,40998.760729722555,318846.54024493555,,6.829263e-04,7.050330e-04,1.0324
7906,3,1.3641562380900496,7894.548113832097,41008.44162161289,318928.9604166292,,6.095632e-04,6.862321e-04,1.1258
7908,3,2.644666513407855,7895.79858305814,41016.67029018532,319002.9980800712,,1.180062e-03,1.273760e-03,1.0794
7910,3,2.131549502698361,7899.76643377168,41038.1514919912,319187.44569008943,,9.468101e-04,9.165429e-04,0.9680
7912,3,1.4169326779152323,7899.470582886975,41041.277981852596,319218.01270886284,,6.295941e-04,6.063284e-04,0.9630
7914,3,2.6426523106641584,7902.508148423238,41055.56341176357,319327.8769191841,,1.170165e-03,1.320762e-03,1.1287
7916,3,1.3209914736925725,7905.821821129979,41076.00808550387,319519.7405957463,,5.827246e-04,5.076238e-04,0.8711
7918,3,1.370980946542397,7903.759753235675,41063.480459406164,319398.62454067986,,6.062023e-04,7.097332e-04,1.1708
7920,3,3.912070019833301,7908.428647690254,41090.15908388456,319623.506892892,,1.720592e-03,1.908289e-03,1.1091
7922,3,1.41444193963843,7912.900646975786,41111.94458185014,319796.1815690942,,6.189298e-04,8.507398e-04,1.3745
7924,3,1.5900267507656987,7912.073058424634,41110.33068441909,319796.3577123357,,6.964168e-04,5.875275e-04,0.8436
7926,3,2.6426492704105167,7915.0129671599625,41127.24319587841,319956.09888602013,,1.153577e-03,1.015248e-03,0.8801
7928,3,1.3216586404214377,7917.120048749418,41141.78355232377,320075.4523875542,,5.755464e-04,5.076238e-04,0.8820
7930,3,1.9530210884838053,7917.885219114259,41141.85824833664,320057.06301683455,,8.497497e-04,9.447442e-04,1.1118
7932,3,2.644654315380479,7921.103177245789,41160.77856288331,320214.53534651984,,1.146456e-03,1.198556e-03,1.0454
7934,3,1.3206566263045068,7922.390702331352,41171.15048381117,320317.25785220653,,5.716605e-04,6.157288e-04,1.0771
7936,3,1.3658520327866268,7923.968624813466,41175.67070310005,320344.8001538495,,5.901632e-04,6.110286e-04,1.0354
7938,3,3.168776716064974,7925.931082735413,41190.10833286074,320470.2200655864,,1.366109e-03,1.395965e-03,1.0219
7940,3,1.7648882975551754,7929.221649909198,41207.78167948614,320618.0258101738,,7.580190e-04,7.191337e-04,0.9487
7942,3,1.553321919639693,7930.534096656828,41218.91921477428,320722.9392141095,,6.661493e-04,5.546260e-04,0.8326
7944,3,2.64867354686282,7932.640824675018,41227.68643357504,320781.1810133319,,1.133172e-03,9.964466e-04,0.8793
7946,3,1.3793669106967787,7934.554298923326,41236.91201882535,320840.9252397821,,5.888430e-04,5.640264e-04,0.9579
7948,3,1.3209887821379174,7935.325389595739,41242.55575937312,320893.2638246838,,5.634247e-04,6.862321e-04,1.2180
7950,3,3.589899547611735,7938.093661517308,41258.30356889436,321041.1435150035,,1.526323e-03,1.518171e-03,0.9947
7952,3,1.6073505081489,7941.459341280197,41276.05129027139,321189.2556924606,,6.807803e-04,6.768317e-04,0.9942
7954,3,1.368432589933592,7942.004607278867,41282.69772362503,321258.02774494694,,5.792252e-04,6.909323e-04,1.1929
7956,3,3.07275317921452,7944.687661781618,41297.18532400142,321378.13456508983,,1.296648e-03,1.193856e-03,0.9207
7958,3,1.3912850521662794,7947.421093560143,41313.59325735218,321537.07982035726,,5.852679e-04,5.405253e-04,0.9236
7960,3,1.7693677094779043,7947.811569771682,41316.41220032954,321541.206850728,,7.439826e-04,6.815319e-04,0.9161
7962,3,2.6426402047183366,7950.998425729654,41332.62427713795,321671.1745171659,,1.107143e-03,1.038749e-03,0.9382
7964,3,1.4752219348533397,7952.397186165928,41342.577355259375,321756.1900453399,,6.170616e-04,6.439301e-04,1.0435
7966,3,1.5871826937609392,7954.892847775924,41355.35173703461,321878.2277011713,,6.620055e-04,7.050330e-04,1.0650
7968,3,2.673247846886089,7956.069901731782,41363.07559457924,321937.5117202234,,1.113499e-03,1.254959e-03,1.1270
7970,3,1.762645888181495,7958.842937833833,41378.655484898496,322051.89718051034,,7.318817e-04,7.614356e-04,1.0404
7972,3,1.3209867776664632,7959.503636092811,41381.842159781554,322085.48255312577,,5.480839e-04,6.110286e-04,1.1148
7974,3,2.6466351256627334,7961.555885714391,41394.203365725094,322183.05962228915,,1.095531e-03,9.071425e-04,0.8280
7976,3,1.321650590117552,7963.943117549487,41409.73817131698,322336.05555679713,,5.455854e-04,4.794224e-04,0.8787
7978,3,1.320654788862461,7963.582345214952,41408.9575220666,322321.32870087156,,5.453980e-04,5.828273e-04,1.0686
7980,3,4.473567128562316,7968.130269667712,41436.01957059043,322564.1637911899,,1.837904e-03,1.988193e-03,1.0818
7982,3,1.4450755217822384,7972.509726318442,41460.86037962312,322774.09374171495,,5.907287e-04,8.037376e-04,1.3606
7984,3,1.3229802184778312,7972.440785676244,41461.186748306296,322788.4448161738,,5.408597e-04,5.452255e-04,1.0081
7986,3,2.934052514874976,7975.397240872279,41476.44305499144,322906.5692821501,,1.195458e-03,1.236158e-03,1.0340
7988,3,1.320985448050478,7977.651435741699,41487.46225167504,322990.49114870443,,5.368437e-04,5.076238e-04,0.9456
7990,3,1.9195223563982065,7978.359534549446,41491.893950528356,323038.8166900406,,7.794562e-04,7.614356e-04,0.9769
7992,3,2.716094328055692,7981.265479332515,41507.206475029096,323158.6208279347,,1.099268e-03,1.179755e-03,1.0732
7994,3,1.5871728718427374,7982.667660951546,41517.039152974925,323241.84893299936,,6.413374e-04,6.674312e-04,1.0407
7996,3,1.3209847852399053,7984.895938796571,41530.27686671097,323368.7226242836,,5.324209e-04,4.888229e-04,0.9181
7998,3,2.7983309940018692,7986.407368044163,41537.01726546928,323408.925226194,,1.125921e-03,1.236158e-03,1.0979
8000,3,1.7604315089249856,7989.8662146473425,41558.37927928903,323608.32127251837,,7.055248e-04,6.721315e-04,0.9527
8002,3,1.3206537951425248,7989.464409025957,41554.27200208952,323529.15782244544,,5.295201e-04,5.217244e-04,0.9853
8004,3,2.868851347877754,7992.446889398558,41569.91436934643,323681.88626927225,,1.146367e-03,1.179755e-03,1.0291
8006,3,1.3206536301020606,7995.352387803695,41589.338927712204,323854.4571319738,,5.259716e-04,5.640264e-04,1.0724
8008,3,1.9204707370090752,7995.719671806475,41588.039094336666,323832.0808531835,,7.645412e-04,8.742409e-04,1.1435
8010,3,3.5613327077103154,7999.252820045013,41607.803142931894,324002.6411426169,,1.412064e-03,1.358364e-03,0.9620
8012,3,1.3209834635936362,8001.700516022711,41619.672462504466,324098.324887766,,5.223081e-04,5.123240e-04,0.9809
8014,3,1.3206533005156351,8002.9684016287,41626.796220298114,324170.94906457514,,5.214223e-04,6.251293e-04,1.1989
8016,3,2.6566511861958872,8004.680397948971,41641.51904361984,324301.24722805753,,1.046848e-03,9.400440e-04,0.8980
8018,3,1.4046786737411578,8005.818040413586,41649.57052312108,324378.6595587822,,5.527914e-04,5.640264e-04,1.0203
8020,3,1.7648436179699103,8008.304842388582,41660.72577789494,324456.7388315057,,6.925630e-04,7.144334e-04,1.0316
8022,3,3.1855427304356883,8010.965663645274,41676.11971095303,324581.1446856871,,1.246284e-03,1.452368e-03,1.1654
8024,3,1.4330530177915672,8012.854873053106,41685.5464746966,324652.6561706471,,5.594485e-04,5.499257e-04,0.9830
8026,3,1.3206528073685568,8015.676764997602,41706.340079483634,324861.60797734116,,5.139073e-04,4.747222e-04,0.9238
8028,3,2.6525958935385527,8016.256434833986,41705.042634146106,324829.8453469304,,1.031531e-03,1.019948e-03,0.9888
8030,3,1.983584798788716,8019.14818197172,41721.14615379907,324945.0939352452,,7.688270e-04,6.956326e-04,0.9048
8032,3,1.3256261362386939,8020.410022422364,41731.50544188276,325054.6500520332,,5.130639e-04,4.982233e-04,0.9711
8034,3,2.9092279481424606,8022.5386318250385,41738.254547873614,325082.20741819777,,1.123249e-03,1.090451e-03,0.9708
8036,3,1.6250137005461405,8025.526230080271,41755.37109607499,325233.2804638839,,6.252791e-04,5.687266e-04,0.9096
8038,3,1.3206523156946586,8025.1405388238245,41753.708038980585,325212.0839740504,,5.083892e-04,6.204290e-04,1.2204
8040,3,3.575030141201509,8028.891509757055,41775.78995249693,325418.8399666688,,1.370337e-03,1.551073e-03,1.1319
8042,3,1.3206521521295922,8032.813451627021,41797.00845251665,325590.59373335243,,5.039557e-04,5.076238e-04,1.0073
8044,3,1.3209808360898037,8031.102678559637,41785.19656377636,325478.2438313723,,5.050679e-04,4.277200e-04,0.8469
8046,3,2.6586108502132433,8034.526383352571,41807.07954950589,325689.8155914331,,1.012533e-03,1.034048e-03,1.0212
8048,3,1.3229590082041058,8036.7054395955,41819.656208183726,325790.9645112476,,5.025976e-04,3.572167e-04,0.7107
8050,3,2.2131138969342676,8037.47912209198,41822.85210200843,325817.384775684,,8.400302e-04,6.909323e-04,0.8225
8052,3,2.9837822185169247,8041.191639467875,41847.21688199216,326037.43425665045,,1.127758e-03,1.160954e-03,1.0294
8054,3,1.320651662409688,8042.604978536023,41850.57878102555,326046.73970813624,,4.983551e-04,4.888229e-04,0.9809
8056,3,1.425401290963483,8045.12059702234,41867.951368407965,326211.3540034093,,5.363383e-04,6.439301e-04,1.2006
8058,3,2.853270809270626,8046.192257802863,41873.97405066837,326264.1614537886,,1.072293e-03,1.264359e-03,1.1791
8060,3,1.986693865871457,8049.148547571389,41891.91815674753,326423.0090380152,,7.441064e-04,7.661359e-04,1.0296
8062,3,1.3792188464083828,8050.470110240088,41899.38009555814,326488.59862238757,,5.158009e-04,6.016282e-04,1.1664
8064,3,3.168776716064974,8053.102977601388,41912.940823970006,326590.94544482953,,1.181506e-03,1.264359e-03,1.0701
8066,3,1.3707391935981996,8056.077977693458,41929.75630484091,326732.5301988203,,5.093594e-04,6.110286e-04,1.1996
8068,3,1.3209788791536368,8056.585911172319,41932.89389314491,326766.50850320596,,4.905840e-04,5.593262e-04,1.1401
8070,3,3.534049770725814,8059.206690405513,41946.03356335133,326870.79657861963,,1.308555e-03,1.410066e-03,1.0776
8072,3,1.321634777306146,8062.423691053139,41964.93907655451,327008.72801357514,,4.875682e-04,5.217244e-04,1.0701
8074,3,1.4710455074578646,8062.953626837994,41963.793119880545,327026.10314643313,,5.423625e-04,5.029235e-04,0.9273
8076,3,2.6445826542420052,8064.869995215492,41973.32120601815,327091.73418685026,,9.729071e-04,1.038749e-03,1.0677
8078,3,1.5871438160464566,8067.06812102313,41990.76182063035,327240.5649945519,,5.824222e-04,4.230198e-04,0.7263
8080,3,1.7782136453787734,8067.939177828719,41995.7789913467,327308.76040410774,,6.518890e-04,6.063284e-04,0.9301
8082,3,2.6465547516724617,8071.140035468775,42015.41785096999,327453.4567194527,,9.666803e-04,1.062250e-03,1.0989
8084,3,1.3825827948142568,8072.962975587954,42024.73714091504,327522.11536688707,,5.039529e-04,4.042189e-04,0.8021
8086,3,1.4450143894971197,8074.148790269364,42030.993780176934,327573.03456606175,,5.259971e-04,5.029235e-04,0.9561
8088,3,2.6485297925319187,8075.935497505826,42041.511348015505,327666.8317050547,,9.621217e-04,1.076350e-03,1.1187
8090,3,1.7626129606089074,8078.77168384233,42056.96034644972,327784.18536919286,,6.382288e-04,6.345297e-04,0.9942
8092,3,1.690014248567986,8080.121441887673,42064.143725880785,327846.9696640082,,6.109995e-04,4.559213e-04,0.7462
8094,3,2.8365008967333525,8082.6198449810945,42076.772008911204,327939.9655754452,,1.022576e-03,1.034048e-03,1.0112
8096,3,1.536884650648797,8084.476518142038,42087.863182167224,328033.22880245064,,5.528830e-04,4.935231e-04,0.8926
8098,3,1.32064987919354,8085.273539830576,42093.97575270348,328101.83426279767,,4.746611e-04,7.144334e-04,1.5051
8100,3,3.520863017849971,8088.469656201163,42112.99243372808,328249.7130517971,,1.260840e-03,1.316062e-03,1.0438
8102,3,1.3206497180438734,8091.043417373701,42126.487219013325,328371.62460832426,,4.715450e-04,5.311249e-04,1.1264
8104,3,1.3216295897864134,8091.780771022571,42131.338182583044,328413.13150652923,,4.714974e-04,5.123240e-04,1.0866
8106,3,3.1853671700757853,8094.6226894281235,42147.74314249088,328555.934339655,,1.132713e-03,1.193856e-03,1.0540
8108,3,1.3209756433637114,8096.633095403074,42161.9490157385,328669.731812558,,4.686590e-04,4.559213e-04,0.9728
8110,3,1.76260756765048,8098.291432755156,42170.345199694784,328761.95997247216,,6.241603e-04,6.721315e-04,1.0769
8112,3,2.8807061055136125,8100.841376504785,42182.519046852205,328844.4589436602,,1.017130e-03,1.231458e-03,1.2107
8114,3,1.3206492355486574,8102.172659762535,42192.21791071784,328917.1804949538,,4.655903e-04,6.580308e-04,1.4133
8116,3,1.3209750000369527,8104.650773440552,42203.81616464594,329035.8390720353,,4.643910e-04,5.405253e-04,1.1639
8118,3,3.009284630641001,8105.516220338003,42210.62317739393,329085.0925264096,,1.056872e-03,1.099851e-03,1.0407
8120,3,2.1907592111066485,8109.446191879784,42232.482544407714,329269.42801499984,,7.659591e-04,7.943372e-04,1.0370
8122,3,1.3764400330407867,8110.327860688476,42240.13478628676,329355.344568516,,4.807614e-04,4.700220e-04,0.9777
8124,3,2.6445593334073116,8112.520533350125,42249.76183395054,329418.2820125261,,9.213830e-04,9.118427e-04,0.9896
8126,3,1.4142875919802416,8116.049457466946,42271.81422347975,329622.4428784338,,4.907653e-04,5.499257e-04,1.1205
8128,3,1.3308862207472891,8114.153997932039,42259.00828157882,329504.7416891965,,4.628262e-04,4.183196e-04,0.9038
8130,3,3.5339517279535024,8118.379622225984,42284.76124167709,329725.8073000382,,1.223043e-03,1.287860e-03,1.0530
8132,3,1.4113039155583498,8122.094537581575,42301.99120438587,329860.54290421127,,4.863647e-04,5.123240e-04,1.0534
8134,3,1.6039487081316535,8121.442290751537,42299.63757808515,329844.6756503657,,5.531649e-04,6.862321e-04,1.2406
8136,3,2.664436878372951,8124.611965890339,42320.029273729306,330035.90806067357,,9.155809e-04,8.695407e-04,0.9497
8138,3,1.4449844130550598,8126.807308069081,42337.040063025095,330175.152013022,,4.952945e-04,5.499257e-04,1.1103
8140,3,2.0119217244856977,8127.521255763509,42337.73086444161,330180.8006879027,,6.890637e-04,7.238339e-04,1.0505
8142,3,2.814925570662007,8131.011741441857,42358.54533132703,330351.5701117925,,9.602496e-04,1.062250e-03,1.1062
8144,3,1.3229278203164092,8132.439678426963,42369.40418406157,330437.8374913195,,4.505509e-04,3.525165e-04,0.7824
8146,3,1.3206479558479258,8133.966690674597,42375.7264615054,330513.6812607736,,4.489924e-04,5.217244e-04,1.1620
8148,3,3.202132260444605,8136.137162951849,42388.88122439867,330608.41250651615,,1.085962e-03,1.203256e-03,1.1080
8150,3,1.7713658661232774,8139.55309940228,42406.483510632475,330746.529303634,,5.983995e-04,5.593262e-04,0.9347
8152,3,1.321621885018905,8140.475104393726,42419.28816280327,330893.98409917625,,4.459937e-04,4.559213e-04,1.0223
8154,3,2.6583697282424277,8142.288325989368,42423.962303411194,330892.80008620996,,8.952434e-04,9.729455e-04,1.0868
8156,3,1.3209718023524009,8144.748846053156,42434.51509201332,330966.0190108327,,4.436101e-04,5.546260e-04,1.2503
8158,3,1.3206474785496856,8144.828580083766,42436.95116891487,331002.8719313714,,4.434596e-04,5.358251e-04,1.2083
8160,3,3.755587219039969,8148.04969409634,42455.524364089775,331164.32693764736,,1.256458e-03,1.555773e-03,1.2382
8162,3,1.7949497738058675,8152.667278401019,42480.57552116484,331379.5149865812,,5.973567e-04,6.392299e-04,1.0701
8164,3,1.4496456530971729,8151.71074720735,42476.56466120814,331343.8350344136,,4.829662e-04,5.405253e-04,1.1192
8166,3,2.642590344523157,8154.650196232426,42491.74781373268,331472.23851267516,,8.774618e-04,8.836414e-04,1.0070
8168,3,1.3216193369260196,8157.577131846401,42509.592045377445,331650.038118208,,4.373740e-04,4.089191e-04,0.9349
8170,3,1.909449384142452,8157.098496121949,42509.73986362198,331635.45954328444,,6.322523e-04,5.640264e-04,0.8921
8172,3,2.652383473446978,8160.880769175469,42529.34768179545,331808.2045383379,,8.744691e-04,9.353438e-04,1.0696
8174,3,1.363358952153118,8162.341140404684,42538.520702088215,331882.31355736416,,4.487390e-04,5.076238e-04,1.1312
8176,3,1.60670368701886,8164.1908444127475,42550.21048183522,331993.1665846982,,5.277178e-04,5.593262e-04,1.0599
8178,3,2.799303436414051,8165.921969440349,42559.41442188967,332063.2733457205,,9.176097e-04,9.964466e-04,1.0859
8180,3,1.7647568934677988,8168.5443662826565,42573.83544121244,332176.7577106159,,5.767572e-04,6.956326e-04,1.2061
8182,3,1.3206465281553907,8169.542984336695,42582.45570557922,332268.9947294335,,4.311198e-04,6.063284e-04,1.4064
8184,3,3.035226739525837,8171.966784189189,42594.79669589589,332362.3437997156,,9.881018e-04,1.019948e-03,1.0322
8186,3,1.3206463702984064,8174.333761913894,42608.96422745414,332486.692810686,,4.287688e-04,5.358251e-04,1.2497
8188,3,1.3990949923147669,8174.884675799327,42611.75453622705,332520.66460554255,,4.539530e-04,6.204290e-04,1.3667
8190,3,4.609129768821781,8179.088963306588,42636.58294745602,332735.46110257856,,1.488325e-03,1.499370e-03,1.0074
8192,3,1.3203236316937392,8183.525040608943,42658.28627017979,332910.7068915468,,4.241914e-04,4.606216e-04,1.0859
8194,3,1.4142378649104486,8183.715643501357,42662.0835839638,332955.1801494674,,4.542635e-04,5.311249e-04,1.1692
8196,3,2.644524865830044,8185.786026938212,42671.031004516575,333033.2727730464,,8.474385e-04,8.930418e-04,1.0538
8198,3,1.3206458976521707,8187.552959908813,42680.75073986166,333111.2675204877,,4.223486e-04,4.089191e-04,0.9682
8200,3,1.8055707783846004,8189.089385722253,42690.268709782096,333194.9696932178,,5.764173e-04,6.298295e-04,1.0927
8202,3,2.642581803507176,8191.521126985177,42701.90391507656,333280.72886244935,,8.412917e-04,9.494444e-04,1.1286
8204,3,1.5898329915652447,8192.620631419075,42708.67231469498,333330.1428221303,,5.055036e-04,4.794224e-04,0.9484
8206,3,1.4709805061098262,8195.240470025632,42724.60063992841,333483.2308989738,,4.663159e-04,5.123240e-04,1.0987
8208,3,2.7959794553514477,8196.729709346606,42730.83042176118,333518.8132581672,,8.848511e-04,8.695407e-04,0.9827
8210,3,1.762580997946872,8199.43724919459,42746.29985042598,333648.86236760975,,5.560872e-04,3.948185e-04,0.7100
8212,3,1.320967377979304,8200.525751327677,42755.52883831575,333732.4310545469,,4.162407e-04,4.606216e-04,1.1066
8214,3,2.716094328055692,8202.857510268303,42766.617527389324,333818.2976714969,,8.535766e-04,1.015248e-03,1.1894
8216,3,1.459058936558843,8204.662355776329,42774.33018404269,333873.5336141165,,4.575906e-04,5.546260e-04,1.2121
8218,3,1.5870967142000638,8206.092863685884,42782.214951448936,333949.2097529861,,4.969339e-04,5.076238e-04,1.0215
8220,3,3.54694348464886,8209.008745312374,42799.800955265324,334094.04500192526,,1.106887e-03,1.189156e-03,1.0743
8222,3,1.3206449565006737,8211.673027815597,42811.98109655052,334184.8466050353,,4.108808e-04,5.311249e-04,1.2926
8224,3,1.3255013714258714,8212.884522541506,42820.86027987758,334266.15176613216,,4.118207e-04,4.230198e-04,1.0272
8226,3,2.6464508837465717,8214.308486690543,42828.16070038486,334325.911376089,,8.208926e-04,8.883416e-04,1.0822
8228,3,1.5648280079333206,8216.706690708308,42846.184066081325,334495.4771852168,,4.840583e-04,4.700220e-04,0.9710
8230,3,1.7625757616764166,8217.653909974488,42847.58562065599,334488.7476187117,,5.446424e-04,5.828273e-04,1.0701
8232,3,3.168776716064974,8220.9487415073,42866.84162870679,334650.3098236114,,9.754870e-04,1.217357e-03,1.2479
8234,3,1.3910108532990806,8223.439822060382,42880.685280655765,334764.40174445906,,4.269977e-04,5.311249e-04,1.2439
8236,3,1.3890683403755923,8224.533630592357,42889.657195589694,334851.692381337,,4.258678e-04,5.546260e-04,1.3023
8238,3,2.6425733372484466,8226.167990516531,42895.584610141406,334896.33027837053,,8.086672e-04,1.038749e-03,1.2845
8240,3,1.777861523864837,8228.945425561302,42910.52134564072,335014.6167604472,,5.423307e-04,5.828273e-04,1.0747
8242,3,1.4449256021306374,8230.01857955939,42923.9010851232,335154.48308443185,,4.402259e-04,5.405253e-04,1.2278
8244,3,2.6522800707151766,8232.145688934432,42929.4444616935,335176.7287911114,,8.061180e-04,8.977420e-04,1.1137
8246,3,1.7354355240112433,8234.507735739167,42943.87752027986,335306.3888181838,,5.260367e-04,5.828273e-04,1.1080
8248,3,1.3216067450384366,8234.767745502082,42946.83958348036,335334.8406001119,,4.004793e-04,3.760176e-04,0.9389
8250,3,3.912070019833301,8238.755094348324,42970.19050258484,335533.7472991659,,1.180069e-03,1.452368e-03,1.2307
8252,3,1.320964254513581,8242.921182307644,42990.660348211386,335698.24537845433,,3.965775e-04,3.948185e-04,0.9956
8254,3,1.3206437101499073,8241.523814492572,42983.77742137335,335642.22348895686,,3.971137e-04,4.136194e-04,1.0416
8256,3,2.705053294201807,8244.623483346113,43003.95010833425,335828.8093042352,,8.105257e-04,9.541447e-04,1.1772
8258,3,1.3206435550355597,8247.32628871658,43018.68736487711,335959.53003191296,,3.944908e-04,3.478163e-04,0.8817
8260,3,2.1495795266873508,8247.690184134035,43019.10794710558,335944.22568631946,,6.418379e-04,6.392299e-04,0.9959
8262,3,2.816690414279977,8251.406034329239,43041.46014242976,336135.2732294478,,8.374676e-04,9.729455e-04,1.1618
8264,3,1.3216042559727825,8252.382718204783,43045.47281462136,336176.9024333471,,3.925066e-04,3.572167e-04,0.9101
8266,3,1.320643245257451,8254.34995569156,43056.822485112934,336264.5636951589,,3.913413e-04,5.405253e-04,1.3812
8268,3,2.937190538955056,8255.963066319367,43067.75574325243,336364.7508720535,,8.687634e-04,9.306436e-04,1.0712
8270,3,1.76256536529944,8258.77664920759,43083.33681325411,336501.13955005776,,5.196607e-04,4.371205e-04,0.8412
8272,3,1.4996268409360989,8260.317146379299,43094.87667004619,336596.31986193673,,4.413596e-04,4.183196e-04,0.9478
8274,3,3.1850268530704353,8262.640442800795,43104.69091718756,336675.93557847175,,9.349159e-04,1.071650e-03,1.1463
8276,3,1.3209623949408091,8264.99842517519,43118.70525895418,336791.40013813466,,3.867056e-04,4.512211e-04,1.1668
8278,3,1.3206427817134863,8266.409919601248,43127.853241785604,336873.38545872597,,3.859890e-04,7.191337e-04,1.8631
8280,3,3.6885231615571126,8268.776707962517,43140.87484624758,336991.2699299739,,1.075150e-03,1.367764e-03,1.2722
8282,3,1.367856650291364,8271.809369246095,43157.6360364916,337119.2977359532,,3.973322e-04,5.029235e-04,1.2658
8284,3,1.4110550522334409,8273.361640166595,43165.7808580256,337190.32757686015,,4.091551e-04,4.418207e-04,1.0798
8286,3,2.642562163505961,8274.531878161324,43171.66434629504,337244.4959383618,,7.652255e-04,7.849367e-04,1.0258
8288,3,1.6296565968334151,8277.117442919207,43189.08268291225,337397.1600778203,,4.705187e-04,5.217244e-04,1.1088
8290,3,1.7625602048245321,8278.171429556514,43195.2875344184,337447.7229657781,,5.082790e-04,5.217244e-04,1.0265
8292,3,2.6444798428698983,8281.058847019813,43209.65897721681,337552.7174519548,,7.600953e-04,8.037376e-04,1.0574
8294,3,1.6596660690201883,8283.172647488782,43220.034532911566,337636.97995810054,,4.758844e-04,5.076238e-04,1.0667
8296,3,1.4322154648881238,8283.713923969195,43226.27735657702,337699.0188343345,,4.104110e-04,4.559213e-04,1.1109
8298,3,2.646400307534292,8286.364038205422,43242.29256198399,337837.3871375779,,7.560521e-04,7.661359e-04,1.0133
8300,3,1.7821652312573928,8289.704879870302,43256.39399266773,337932.6825277333,,5.072133e-04,6.721315e-04,1.3251
8302,3,1.5870692181983626,8290.189963495774,43263.82425068819,338009.509243306,,4.514351e-04,4.042189e-04,0.8954
8304,3,2.656089645044715,8292.63015957148,43272.081606513624,338063.5958376533,,7.534173e-04,8.648405e-04,1.1479
8306,3,1.3206417053221886,8294.116350058333,43280.85056866671,338135.1450721207,,3.739735e-04,4.700220e-04,1.2568
8308,3,1.3868651409833441,8294.875503434083,43288.85839900385,338213.02282640553,,3.923843e-04,5.969279e-04,1.5213
8310,3,3.5336661560966984,8298.023856411013,43306.28049444237,338361.2358403605,,9.961903e-04,1.095151e-03,1.0993
8312,3,1.3215968463819685,8300.322018913972,43318.687596582255,338463.42117095017,,3.716009e-04,4.324202e-04,1.1637
8314,3,1.3206413991141228,8301.286487247591,43324.78283039171,338530.6332465469,,3.709233e-04,5.452255e-04,1.4699
8316,3,3.520863017849971,8304.264997501039,43344.4171358106,338700.3439359577,,9.855307e-04,1.090451e-03,1.1065
8318,3,1.3206412462310722,8307.152359406093,43362.61977810978,338862.55347483774,,3.684456e-04,3.666172e-04,0.9950
8320,3,1.9204707370090752,8308.701591128556,43371.15449586409,338931.9012972769,,5.348454e-04,6.110286e-04,1.1424
8322,3,2.835359447680341,8311.367396689053,43383.853400007385,339033.1475274544,,7.872424e-04,1.057549e-03,1.3434
8324,3,1.3209587079956602,8312.631954143812,43390.934528765094,339096.62198185903,,3.662374e-04,4.136194e-04,1.1294
8326,3,1.3909235385760061,8315.246450214949,43404.34185733406,339191.64384425554,,3.844867e-04,4.371205e-04,1.1369
8328,3,2.6483013134262827,8315.744164438085,43407.167076070225,339226.5852190657,,7.316421e-04,7.614356e-04,1.0407
8330,3,2.2533523314239816,8319.000880308833,43426.43815237471,339401.54394717264,,6.202194e-04,7.238339e-04,1.1671
8332,3,1.3209580976388107,8320.31625159171,43436.18430934696,339483.0352247787,,3.630378e-04,3.196150e-04,0.8804
8334,3,2.646375348557516,8322.501410488403,43447.59980854493,339582.55036768725,,7.254901e-04,8.695407e-04,1.1986
8336,3,1.322867607862706,8325.531268139253,43465.70572339803,339754.4835650819,,3.614047e-04,3.149147e-04,0.8714
8338,3,1.4709175737702134,8324.550795588819,43457.09609543275,339652.3349554219,,4.023033e-04,3.525165e-04,0.8762
8340,3,3.54656274790727,8328.290413840576,43481.307857445514,339870.33096183906,,9.658666e-04,9.494444e-04,0.9830
8342,3,1.3667637697019657,8331.45548372138,43496.13056238455,339980.5466984791,,3.708819e-04,4.512211e-04,1.2166
8344,3,1.595166510127946,8332.082063347663,43502.31277079781,340053.8835682318,,4.325497e-04,4.230198e-04,0.9780
8346,3,2.9081414017565996,8334.770726623927,43518.30474381447,340201.77053546824,,7.861621e-04,7.567354e-04,0.9626
8348,3,1.3209568804379568,8336.178753235312,43531.38810852718,340317.07944417297,,3.565203e-04,3.008141e-04,0.8438
8350,3,1.7711007907972582,8338.141704497424,43537.591095136464,340353.58150827925,,4.769453e-04,6.251293e-04,1.3107
8352,3,2.7384490138833106,8340.646791066642,43551.218988946865,340466.4659548452,,7.353402e-04,9.306436e-04,1.2656
8354,3,1.3206398768749832,8341.543008713481,43560.38788194484,340555.6885179586,,3.542594e-04,5.311249e-04,1.4993
8356,3,1.3209562735872196,8344.01411050925,43574.106616443416,340686.2261064438,,3.533463e-04,4.465209e-04,1.2637
8358,3,3.1848618770602277,8345.496218276396,43583.36987505093,340747.95646166464,,8.504865e-04,9.870462e-04,1.1606
8360,3,2.071095892852924,8349.392821363192,43604.97532485861,340927.0669440258,,5.506117e-04,6.533306e-04,1.1866
8362,3,1.3702818231632319,8350.429434180332,43615.33364491762,341031.78679692675,,3.638637e-04,3.478163e-04,0.9559
8364,3,2.888913245415361,8352.827092898207,43624.29770509917,341085.51754370757,,7.650278e-04,9.729455e-04,1.2718
8366,3,1.365177537955621,8355.741942256214,43634.03151580768,341148.61996209587,,3.603219e-04,4.465209e-04,1.2392
8368,3,1.322857842119255,8355.064103123055,43636.049059397104,341172.3611521813,,3.494197e-04,4.653218e-04,1.3317
8370,3,3.6422720874310044,8358.46051688247,43654.69872260254,341345.5586286109,,9.583477e-04,1.146854e-03,1.1967
8372,3,1.810729552037128,8362.937428226553,43676.306786558205,341525.62353727495,,4.740093e-04,5.499257e-04,1.1602
8374,3,1.3636956073719904,8361.807816516353,43676.311048086136,341530.67714030104,,3.574433e-04,5.452255e-04,1.5253
8376,3,2.6482571978640994,8365.077592178006,43691.61434732375,341667.7472909499,,6.915612e-04,6.580308e-04,0.9515
8378,3,1.3629580332256752,8368.344248186091,43712.12087862161,341861.90228870313,,3.545948e-04,3.713174e-04,1.0472
8380,3,1.7646531672197696,8366.956043607881,43705.165789260456,341778.2782117816,,4.598296e-04,4.794224e-04,1.0426
8382,3,2.957524934993976,8371.2335999672,43726.665215685614,341953.86276498716,,7.669143e-04,1.001147e-03,1.3054
8384,3,1.3305586986060938,8373.905329584866,43740.02016161517,342058.50690042455,,3.439766e-04,3.760176e-04,1.0931
8386,3,1.5870422748801125,8374.315368188336,43746.47414354841,342140.42624015664,,4.100886e-04,4.089191e-04,0.9971
8388,3,2.652078636822056,8376.38165048604,43756.461861491705,342215.2097921096,,6.836789e-04,7.990374e-04,1.1687
8390,3,1.7625347723765088,8379.633199048745,43773.063887532626,342350.43360340374,,4.526813e-04,5.405253e-04,1.1941
8392,3,1.321584685783227,8379.199730539036,43772.98780164854,342341.02246809646,,3.395966e-04,3.995187e-04,1.1765
8394,3,2.6425374904908336,8381.899719675137,43785.669110434654,342448.333713154,,6.769435e-04,8.225385e-04,1.2151
8396,3,1.3209532566969313,8384.60773411459,43803.7504706686,342628.3876424277,,3.373453e-04,4.465209e-04,1.3236
8398,3,1.6267516831135695,8384.21101751725,43802.659022923865,342597.76536885777,,4.156277e-04,5.640264e-04,1.3570
8400,3,4.225035621419965,8388.749673179329,43827.70257775194,342823.81331641163,,1.073900e-03,1.278460e-03,1.1905
8402,3,1.3206380693292938,8393.436146994909,43850.63709888372,343013.4900324367,,3.338842e-04,4.183196e-04,1.2529
8404,3,1.4747883011276335,8392.861592015783,43852.11585240155,343034.08583176037,,3.730989e-04,4.559213e-04,1.2220
8406,3,2.6463260747065913,8395.199927957683,43861.84942561074,343123.5924759139,,6.676984e-04,7.708361e-04,1.1545
8408,3,1.3215822814856302,8396.89103225661,43871.90995589072,343212.2362074147,,3.328070e-04,3.478163e-04,1.0451
8410,3,1.8256326759222072,8398.436484738955,43882.55151186544,343294.5521822308,,4.589279e-04,4.136194e-04,0.9013
8412,3,2.6444250134066305,8401.077679303868,43895.04061717138,343387.6332274436,,6.627569e-04,8.225385e-04,1.2411
8414,3,1.5870334137220237,8401.901920359891,43898.219076738096,343414.4055320572,,3.973757e-04,4.747222e-04,1.1946
8416,3,1.3253823429262823,8404.272518535457,43918.79904259703,343617.4346806575,,3.309612e-04,3.337156e-04,1.0083
8418,3,2.8132803774588147,8405.993856868345,43926.47572798533,343667.0488099653,,7.011270e-04,7.520352e-04,1.0726
8420,3,1.7646330161061907,8409.241630504517,43944.21993208587,343822.06395417114,,4.381555e-04,5.029235e-04,1.1478
8422,3,1.3206373222691,8409.507496284486,43947.897179873944,343824.02223654295,,3.278117e-04,3.290154e-04,1.0037
8424,3,2.8807061055136125,8412.14325139339,43959.26255572643,343915.8231260293,,7.129107e-04,9.212431e-04,1.2922
8426,3,1.470876720055434,8414.673444536458,43971.28990203672,344030.04293593764,,3.629605e-04,4.371205e-04,1.2043
8428,3,1.6230319765210843,8415.329506512922,43977.92683464202,344087.4843662741,,4.002057e-04,6.251293e-04,1.5620
8430,3,3.533482598559111,8418.601468368262,43996.499577533985,344254.17901353934,,8.680345e-04,9.259433e-04,1.0667
8432,3,1.4569088349724018,8421.765264425505,44012.68580189575,344392.6733722194,,3.566144e-04,4.747222e-04,1.3312
8434,3,1.320636875734473,8421.658206866126,44013.764754882235,344394.76108566776,,3.232973e-04,4.230198e-04,1.3085
8436,3,2.8758645826472033,8424.28208992668,44030.93914179307,344565.7467758599,,7.019156e-04,7.473350e-04,1.0647
8438,3,1.3206367271719686,8426.487095352888,44047.947063000865,344717.24253680994,,3.215171e-04,3.525165e-04,1.0964
8440,3,1.7688546261925693,8427.377822959146,44050.83286942993,344722.4043685421,,4.302021e-04,4.136194e-04,0.9615
8442,3,3.2175271270813584,8430.965760703286,44070.56506120881,344896.0433350427,,7.793349e-04,9.541447e-04,1.2243
8444,3,1.3209496741933568,8433.174498247326,44079.72460804053,344954.233078734,,3.191501e-04,3.901183e-04,1.2224
8446,3,1.3675857875883362,8434.502724516973,44093.79807948433,345096.38884067663,,3.299143e-04,3.243152e-04,0.9830
8448,3,2.934052514874976,8436.338715900387,44099.35618149852,345136.8932044582,,7.063289e-04,1.001147e-03,1.4174
8450,3,1.9204707370090752,8439.47008748567,44116.41439833375,345272.73127183033,,4.606751e-04,4.935231e-04,1.0713
8452,3,1.3209490810692455,8440.29639250224,44126.331889667876,345361.59466441727,,3.165632e-04,3.572167e-04,1.1284
8454,3,2.6425240560409162,8442.166611935125,44131.35397629469,345399.5045164385,,6.319305e-04,7.802365e-04,1.2347
8456,3,1.5950218369454567,8445.302856502192,44149.637240555894,345570.79536248784,,3.800685e-04,5.123240e-04,1.3480
8458,3,1.3206359864682113,8444.637444323154,44148.791881940306,345558.8432123352,,3.149246e-04,4.230198e-04,1.3432
8460,3,3.599104418246637,8448.45818089005,44170.97785859482,345756.3530024942,,8.545223e-04,7.896370e-04,0.9241
8462,3,1.3206358387478165,8453.216123712551,44194.714710365595,345963.76731291524,,3.118566e-04,4.700220e-04,1.5072
8464,3,1.3831961855839172,8450.634261938916,44181.20389202988,345830.5045277496,,3.275934e-04,3.337156e-04,1.0187
8466,3,2.8514643700118283,8454.294398619253,44204.53335782795,346039.15621074877,,6.725169e-04,7.802365e-04,1.1602
8468,3,1.3885093591521012,8457.004188385157,44219.20030705928,346167.6244526966,,3.264683e-04,3.384158e-04,1.0366
8470,3,2.3472420118999806,8457.804759952625,44224.038314742465,346195.55003455246,,5.513825e-04,5.499257e-04,0.9974
8472,3,2.648170474964081,8461.471355211805,44243.656825617065,346360.76881861134,,6.194752e-04,6.815319e-04,1.1002
8474,3,1.4043154730498222,8462.161974663997,44249.63680641076,346429.1551808546,,3.282457e-04,4.700220e-04,1.4319
8476,3,1.4492993450099543,8464.983600776504,44266.47370442326,346567.77121784043,,3.376705e-04,3.807178e-04,1.1275
8478,3,2.657683697344817,8466.231741935888,44271.773025861905,346605.41096918384,,6.183304e-04,6.815319e-04,1.1022
8480,3,1.7949497738058675,8468.463419461057,44287.93650245046,346751.07052809914,,4.165443e-04,4.888229e-04,1.1735
8482,3,1.3206351022367195,8469.800701654354,44294.45976155096,346799.5468558065,,3.060056e-04,2.867134e-04,0.9370
8484,3,3.200784561681792,8472.255892827354,44307.88448636147,346905.5928583692,,7.395815e-04,9.588449e-04,1.2965
8486,3,1.3206349553512948,8475.076975290329,44323.82016228996,347051.1850060718,,3.041682e-04,3.102145e-04,1.0199
8488,3,1.3215703962184735,8476.129965286278,44330.57398609971,347106.8036493585,,3.040177e-04,4.606216e-04,1.5151
8490,3,3.5333927794793305,8478.447629382694,44343.59771586127,347215.08025962074,,8.106837e-04,9.823460e-04,1.2117
8492,3,1.474707023183234,8481.946096872207,44360.691230916316,347354.8662734646,,3.370019e-04,4.136194e-04,1.2274
8494,3,1.3759694552517128,8482.360751443597,44363.45678484,347376.8513546015,,3.142893e-04,3.619169e-04,1.1515
8496,3,2.6869744083591884,8484.257467665497,44374.015976115035,347471.0183766605,,6.124126e-04,6.298295e-04,1.0284
8498,3,1.5870071817647722,8486.57932721243,44389.30491434376,347608.75918808323,,3.607507e-04,3.337156e-04,0.9251
8500,3,1.8777936095199845,8487.31208838514,44393.69494059351,347634.3761981741,,4.264938e-04,5.734268e-04,1.3445
8502,3,2.9076285924810295,8491.095599420925,44417.692080327455,347850.29211094126,,6.575467e-04,9.259433e-04,1.4082
8504,3,1.3215680460497181,8492.772128680002,44424.887825760976,347907.53369741305,,2.982959e-04,3.384158e-04,1.1345
8506,3,1.3206342229973604,8493.771762730072,44431.6920015318,347965.92544760095,,2.977448e-04,3.431161e-04,1.1524
8508,3,2.644382266588875,8495.532724131494,44443.607287499966,348072.15479933005,,5.949928e-04,8.601403e-04,1.4456
8510,3,1.8969547688008008,8498.774708322491,44460.22893292415,348193.97653060505,,4.252440e-04,4.559213e-04,1.0721
8512,3,1.6775876732108685,8499.686539430231,44467.44094640816,348257.19320912944,,3.756758e-04,4.183196e-04,1.1135
8514,3,3.005614771335341,8502.586571461656,44481.72990999842,348377.9698823135,,6.708489e-04,7.379345e-04,1.1000
8516,3,1.320944376231442,8504.575377681589,44494.325310947184,348496.3327564632,,2.941638e-04,3.196150e-04,1.0865
8518,3,1.3206337852365377,8505.545277117515,44501.96855296891,348568.16428483464,,2.937684e-04,4.747222e-04,1.6160
8520,3,3.5718900181086664,8508.402079879252,44516.531073961225,348683.4915004346,,7.919637e-04,9.024422e-04,1.1395
8522,3,1.3206336395903566,8511.235656068338,44532.19024439434,348817.9899905867,,2.918670e-04,4.371205e-04,1.4977
8524,3,1.3209437930989498,8511.690821443959,44534.32404219418,348832.76801844843,,2.917841e-04,3.478163e-04,1.1920
8526,3,3.286138816659973,8514.541130209103,44551.2755582036,348986.6728194569,,7.235184e-04,9.071425e-04,1.2538
8528,3,1.477285182314673,8517.042310940786,44567.78813743198,349122.7539574357,,3.243297e-04,3.807178e-04,1.1739
8530,3,1.7625001710976353,8518.374392795015,44576.07299507583,349215.1321026619,,3.863587e-04,5.593262e-04,1.4477
8532,3,2.6749413836912117,8521.10092986263,44589.53980526948,349305.1106420283,,5.845547e-04,6.298295e-04,1.0775
8534,3,1.4140012119879402,8522.748975670376,44599.36228571382,349386.57216809265,,3.084206e-04,4.230198e-04,1.3716
8536,3,1.4824686390947246,8524.631436071864,44609.25028945452,349473.9432919274,,3.226608e-04,3.384158e-04,1.0488
8538,3,2.642505565472902,8525.517773299629,44614.300513018134,349510.6491734404,,5.745624e-04,6.815319e-04,1.1862
8540,3,2.1483231973321857,8529.25465606832,44636.271695869975,349695.68076132674,,4.651230e-04,5.405253e-04,1.1621
8542,3,1.3206329134064807,8529.342529155323,44641.75546431934,349767.304480142,,2.858933e-04,3.384158e-04,1.1837
8544,3,2.6709995307827366,8532.262973634679,44655.22984807041,349867.3152857912,,5.763012e-04,7.896370e-04,1.3702
8546,3,1.3206327685777695,8535.253296595145,44673.745432777294,350034.70946139545,,2.839712e-04,3.149147e-04,1.1090
8548,3,1.3209420502565934,8533.691213798353,44663.44506250644,349923.0322659237,,2.845452e-04,3.008141e-04,1.0572
8550,3,3.7279726071352637,8538.01151826913,44690.30072122806,350167.60648674046,,7.990925e-04,9.635451e-04,1.2058
8552,3,1.3215610484057296,8542.12379379931,44713.16036435895,350362.40938913403,,2.819506e-04,3.102145e-04,1.1002
8554,3,1.7668330780483492,8542.05793069397,44710.42190384903,350334.6866195256,,3.769774e-04,3.901183e-04,1.0349
8556,3,2.8617852115529323,8544.947697954269,44726.121016312856,350477.3540745104,,6.085897e-04,8.272387e-04,1.3593
8558,3,1.4708170229605821,8546.944590079444,44744.11571839216,350643.5283575175,,3.120703e-04,2.773130e-04,0.8886
8560,3,1.7771975232956996,8547.85075417394,44742.87344375758,350623.82689255907,,3.766898e-04,4.841227e-04,1.2852
8562,3,2.6425003491863466,8550.75269603116,44761.994034617506,350781.2416051647,,5.582426e-04,7.191337e-04,1.2882
8564,3,1.3209408937936427,8552.084710123558,44771.73134723236,350855.9321235378,,2.786312e-04,4.888229e-04,1.7544
8566,3,1.3206320464640484,8553.71592940868,44778.95905337086,350939.37003577704,,2.780485e-04,3.901183e-04,1.4031
8568,3,3.380028497135972,8555.875379982175,44793.02674922104,351049.1414518202,,7.098841e-04,9.212431e-04,1.2977
8570,3,1.7624904931459504,8559.84433080646,44814.005533049734,351220.26326377236,,3.684912e-04,4.277200e-04,1.1607
8572,3,1.32094031718262,8559.95573305029,44820.37979666907,351309.9656250213,,2.761372e-04,3.384158e-04,1.2255
8574,3,2.6424977520093336,8562.238508066332,44829.322086007116,351356.87798336975,,5.509687e-04,6.392299e-04,1.1602
8576,3,1.340636302950566,8564.750119776683,44840.77887975623,351444.49290087965,,2.787274e-04,3.102145e-04,1.1130
8578,3,1.3206316148128652,8564.855719881409,44843.34024047288,351475.41795441933,,2.745345e-04,4.183196e-04,1.5237
8580,3,4.267712748909056,8568.466506473053,44864.47053134915,351662.08831954096,,8.835272e-04,1.104552e-03,1.2502
8582,3,1.5869814650014435,8572.94844070663,44886.73993641702,351844.6611787447,,3.268710e-04,3.760176e-04,1.1504
8584,3,1.4083452071399885,8572.836585139521,44889.85240990398,351878.6752948792,,2.901128e-04,4.230198e-04,1.4581
8586,3,2.6924246607088014,8575.322186574844,44901.22865158941,351980.4715494094,,5.530579e-04,6.768317e-04,1.2238
8588,3,1.4105842297268565,8578.064951944461,44917.602961594894,352125.69927017175,,2.888457e-04,3.384158e-04,1.1716
8590,3,1.7624856880485853,8577.593326895887,44913.94601730356,352063.5144774363,,3.610994e-04,3.525165e-04,0.9762
8592,3,2.6555661744800627,8581.04083248958,44933.75674147965,352243.49943186314,,5.419373e-04,6.157288e-04,1.1362
8594,3,1.3206310411539706,8583.17764590207,44947.628027752304,352361.6987418231,,2.688518e-04,3.854180e-04,1.4336
8596,3,1.5895830739604624,8584.699521618497,44955.05542711044,352437.050365333,,3.230434e-04,4.653218e-04,1.4404
8598,3,2.6424925794345695,8586.229834556934,44962.838081264825,352494.18220443354,,5.360845e-04,6.110286e-04,1.1398
8600,3,1.8033688628012048,8588.950381660638,44977.73490382293,352632.3493710314,,3.647166e-04,4.136194e-04,1.1341
8602,3,1.6393436273587167,8589.481938758952,44982.073796056124,352649.81607989327,,3.313422e-04,3.290154e-04,0.9930
8604,3,2.651789234962953,8592.221525174122,44998.2966050441,352798.7637828972,,5.343024e-04,6.204290e-04,1.1612
8606,3,1.4447310255615382,8594.047718634247,45012.73334231668,352940.883172145,,2.904875e-04,4.089191e-04,1.4077
8608,3,1.32526866402218,8594.94481492319,45015.02609535985,352952.90723875514,,2.661958e-04,3.995187e-04,1.5008
8610,3,4.333369868123041,8598.920789349539,45038.92814286485,353155.57897479605,,8.664651e-04,1.236158e-03,1.4267
8612,3,1.3209374502114954,8602.98211109586,45058.956127617734,353309.0579551076,,2.629032e-04,3.290154e-04,1.2515
8614,3,1.3624095591680392,8603.54406238509,45065.96760454138,353400.2856551143,,2.709820e-04,2.867134e-04,1.0581
8616,3,2.6480440344333815,8605.39373043619,45074.11894078271,353452.00099646556,,5.255842e-04,6.486304e-04,1.2341
8618,3,1.3758217556536825,8607.40042765393,45084.89274991975,353525.5029599137,,2.724487e-04,3.478163e-04,1.2766
8620,3,1.7645350788758596,8608.598407378046,45089.551717959504,353561.3247583003,,3.489475e-04,4.888229e-04,1.4008
8622,3,2.646183211528752,8610.97879391061,45100.46542647365,353639.23301501665,,5.218805e-04,6.486304e-04,1.2429
8624,3,1.7604315089249856,8612.534293580144,45111.71564987123,353753.78898290894,,3.465754e-04,3.525165e-04,1.0171
8626,3,1.4042030153542826,8614.623511103791,45124.90864650408,353877.9003162064,,2.757859e-04,3.572167e-04,1.2953
8628,3,2.6443301744940158,8616.276685581111,45134.160665239004,353949.7408391479,,5.183681e-04,7.426348e-04,1.4326
8630,3,1.762476144823853,8619.67443048705,45153.50941069095,354116.7271590243,,3.441607e-04,3.431161e-04,0.9970
8632,3,1.458135189210594,8619.483623623193,45151.321518375225,354062.22037802084,,2.847941e-04,3.713174e-04,1.3038
8634,3,2.6424848745658966,8622.355622965133,45168.15806368104,354225.2162450152,,5.144244e-04,6.298295e-04,1.2243
8636,3,1.4196119687971083,8625.296331312884,45184.94770682077,354372.37039292254,,2.754360e-04,3.384158e-04,1.2287
8638,3,1.58696459926506,8624.560037257212,45179.98168173262,354320.38322158705,,3.081653e-04,3.995187e-04,1.2964
8640,3,3.520863017849971,8628.432997424086,45203.50374567469,354526.678481441,,6.806827e-04,8.789411e-04,1.2913
8642,3,1.3785389593698298,8631.287896124046,45218.07246955016,354648.2594948443,,2.656441e-04,3.760176e-04,1.4155
8644,3,1.3209351757565895,8631.587228616438,45221.72160190396,354679.6307093489,,2.544562e-04,3.995187e-04,1.5701
8646,3,2.9567971080135416,8634.35011184727,45237.906098645864,354820.5517959595,,5.677839e-04,7.708361e-04,1.3576
8648,3,1.4139338785968931,8636.650092809072,45254.40140740245,354974.02278668,,2.707999e-04,3.149147e-04,1.1629
8650,3,1.77072643002981,8637.313134300046,45255.552517679185,354965.66539567005,,3.388781e-04,4.935231e-04,1.4563
8652,3,3.200150742956706,8640.883568759571,45275.81358143123,355144.8403723109,,6.099474e-04,7.567354e-04,1.2407
8654,3,1.320628908834015,8643.115961620399,45289.44806013231,355252.5226436349,,2.510704e-04,3.243152e-04,1.2917
8656,3,1.3227732117154345,8644.578741734693,45298.77355811311,355351.22088169854,,2.510581e-04,2.632123e-04,1.0484
8658,3,2.963011994242573,8646.069616627057,45304.15942530946,355381.9638056754,,5.614161e-04,6.251293e-04,1.1135
8660,3,1.7645160367879205,8649.438373217139,45323.68983280787,355547.7853394447,,3.330479e-04,4.653218e-04,1.3972
8662,3,1.3621614475838135,8650.020473814131,45331.674845736576,355628.62164586975,,2.569321e-04,3.478163e-04,1.3537
8664,3,2.7959794553514477,8652.134962477046,45338.970808111655,355676.4726019495,,5.261119e-04,6.439301e-04,1.2239
8666,3,1.5869562484020696,8655.231819740446,45357.04109616267,355834.19219636923,,2.975593e-04,3.807178e-04,1.2795
8668,3,1.4745494690140903,8654.707085223885,45356.59660123394,355841.4319540753,,2.766474e-04,3.948185e-04,1.4272
8670,3,3.755587219039969,8658.884641637356,45379.48237254476,356033.55424860504,,7.012526e-04,7.755363e-04,1.1059
8672,3,1.3252318979825635,8662.626934024835,45397.881177433985,356180.2619649969,,2.463966e-04,2.538119e-04,1.0301
8674,3,1.3206282046191586,8661.468233167188,45396.760397863945,356199.28673684224,,2.458639e-04,3.196150e-04,1.3000
8676,3,2.651695996707091,8664.665477138613,45414.84699486322,356344.5155229,,4.918729e-04,6.674312e-04,1.3569
8678,3,1.3206280641658843,8667.13113342533,45425.6249873631,356431.50776171876,,2.442807e-04,2.444114e-04,1.0005
8680,3,2.1853632524586026,8668.197772929017,45433.86779047277,356497.5782712188,,4.037403e-04,4.700220e-04,1.1642
8682,3,2.6424747009399954,8671.107134150638,45448.448949147176,356609.3688910333,,4.865731e-04,5.311249e-04,1.0916
8684,3,1.4490824651977567,8671.818231427427,45451.869429499595,356643.3719259904,,2.666110e-04,2.961139e-04,1.1107
8686,3,1.366188532425155,8674.965151963335,45472.78168839478,356813.13208564435,,2.504573e-04,2.867134e-04,1.1448
8688,3,2.6553994827360117,8675.688098329163,45474.65935126069,356841.90962506545,,4.864025e-04,5.076238e-04,1.0436
8690,3,1.9814380619934902,8678.536166997455,45493.30341256765,357003.1155455683,,3.617704e-04,4.512211e-04,1.2473
8692,3,1.3807305952352829,8679.659517391741,45499.94296650434,357044.11045161827,,2.517703e-04,2.491117e-04,0.9894
8694,3,3.3196708454014012,8682.587560208336,45515.048342819704,357176.0707898418,,6.033089e-04,5.781271e-04,0.9583
8696,3,1.321540519833549,8685.665982953105,45532.77619878806,357336.1308119533,,2.393309e-04,3.572167e-04,1.4926
8698,3,1.320627363838136,8685.641414572608,45532.52621015731,357330.2517648012,,2.391723e-04,2.961139e-04,1.2381
8700,3,3.6512653518444145,8688.779234947415,45550.59043144132,357484.84388932266,,6.588980e-04,8.695407e-04,1.3197
8702,3,1.404148272731564,8692.054193489637,45568.11041512168,357633.5167964287,,2.524438e-04,4.559213e-04,1.8060
8704,3,1.4083452071399885,8692.546165591428,45571.98418982737,357664.9913557698,,2.530558e-04,3.290154e-04,1.3002
8706,3,2.6424696562538603,8694.711758991529,45582.08907591565,357751.3024007335,,4.736361e-04,6.674312e-04,1.4092
8708,3,1.5895158284468316,8697.247520657207,45599.227281448206,357912.6634690097,,2.840802e-04,3.337156e-04,1.1747
8710,3,1.9500164406553686,8697.93435403745,45601.34549229435,357907.38962465595,,3.482370e-04,4.465209e-04,1.2822
8712,3,2.934052514874976,8701.499943821447,45622.213242194695,358093.94555309444,,5.218388e-04,7.379345e-04,1.4141
8714,3,1.3206268058916022,8703.445127839705,45632.977869783,358180.6049761394,,2.343605e-04,2.632123e-04,1.1231
8716,3,1.3209301193518437,8704.43102168043,45638.25909654631,358202.6393552953,,2.341507e-04,2.773130e-04,1.1843
8718,3,2.642467144340881,8705.977718038417,45648.134313633425,358313.1794915647,,4.675820e-04,6.204290e-04,1.3269
8720,3,1.776884139849518,8709.149242559475,45665.3602977807,358464.86625157093,,3.132820e-04,3.243152e-04,1.0352
8722,3,1.602599718469642,8710.290515748002,45671.292811695326,358493.7703118495,,2.821863e-04,3.243152e-04,1.1493
8724,3,2.6442895354749094,8712.56546859847,45683.62851392867,358592.1633917168,,4.644001e-04,5.922277e-04,1.2753
8726,3,1.3206263887750722,8713.99856962582,45692.0850405254,358684.2507403024,,2.315541e-04,2.726128e-04,1.1773
8728,3,1.3215360500883155,8714.789679082054,45696.53484967852,358692.9396462948,,2.315045e-04,3.713174e-04,1.6039
8730,3,3.557924733827339,8717.688179284756,45714.549616425735,358866.0825969535,,6.212112e-04,8.883416e-04,1.4300
8732,3,1.3818725528704399,8720.467653633337,45733.06392524252,359036.6571145337,,2.405088e-04,3.431161e-04,1.4266
8734,3,1.4707402479626461,8721.77090750696,45738.705528946906,359073.29652871186,,2.555959e-04,3.854180e-04,1.5079
8736,3,3.456847326616335,8724.569762084393,45754.56521615484,359222.44651747856,,5.988395e-04,6.157288e-04,1.0282
8738,3,1.4138681295209297,8726.8354122932,45769.19604308485,359349.78657697525,,2.442952e-04,2.773130e-04,1.1352
8740,3,1.9527475561184713,8729.157104306012,45782.225192860744,359464.32373691374,,3.365124e-04,4.935231e-04,1.4666
8742,3,2.7924086003637703,8731.63856119401,45794.20826363528,359558.0547441856,,4.798494e-04,5.170242e-04,1.0775
8744,3,1.321533827506474,8732.14593749421,45799.380062217715,359612.90834132617,,2.269611e-04,3.666172e-04,1.6153
8746,3,1.3206256961256069,8735.871967295692,45816.05738102201,359739.332880032,,2.258438e-04,3.243152e-04,1.4360
8748,3,2.6406472633874785,8735.742400298028,45817.89135551791,359763.5415259252,,4.516495e-04,5.499257e-04,1.2176
8750,3,2.1125178107099827,8738.646262913497,45836.4287461514,359930.49440342945,,3.601229e-04,4.277200e-04,1.1877
8752,3,1.3227462438619846,8740.712714999767,45846.406017903035,360002.39719858166,,2.249590e-04,2.820132e-04,1.2536
8754,3,2.6424596499786843,8742.439781136673,45856.91169270855,360097.0905325706,,4.485166e-04,6.251293e-04,1.3938
8756,3,1.4744730912315869,8745.259593399187,45875.28487989593,360266.950197453,,2.494639e-04,2.397112e-04,0.9609
8758,3,1.3784139331627403,8744.07189279419,45864.354950728404,360156.47664636694,,2.335295e-04,3.290154e-04,1.4089
8760,3,3.570452637819689,8748.230324022647,45891.1627470452,360394.3019226099,,6.020352e-04,7.849367e-04,1.3038
8762,3,1.4446526141083191,8751.865178362807,45912.27793087129,360576.2044222033,,2.425826e-04,3.431161e-04,1.4144
8764,3,1.5894828543605657,8752.198141423036,45913.32964341822,360588.8130078621,,2.668010e-04,2.867134e-04,1.0746
8766,3,2.646091896920236,8754.72765195822,45927.84690160147,360709.1553252112,,4.428763e-04,5.264246e-04,1.1886
8768,3,1.3301038067433224,8756.187543684182,45937.54844936074,360802.8995259327,,2.222483e-04,2.538119e-04,1.1420
8770,3,1.7624434306494712,8757.537229224923,45943.9165443789,360836.24040845246,,2.940354e-04,3.525165e-04,1.1989
8772,3,2.8853901804819273,8760.470013504313,45961.43240172353,360994.54289026145,,4.797716e-04,6.204290e-04,1.2932
8774,3,1.367075017919769,8761.5875233357,45972.48593604488,361103.82089310087,,2.270208e-04,2.585121e-04,1.1387
8776,3,1.3215294066998522,8763.518820489257,45978.007205907445,361125.96061739797,,2.189756e-04,2.585121e-04,1.1806
8778,3,3.7279726071352637,8766.127251105128,45995.88643986696,361296.0636188175,,6.158808e-04,8.695407e-04,1.4119
8780,3,1.76445995631383,8770.004622980914,46016.96111927539,361467.7960221884,,2.902111e-04,3.196150e-04,1.1013
8782,3,1.3206244573104386,8771.261176707514,46026.661601332235,361567.0711297467,,2.168988e-04,2.209103e-04,1.0185
8784,3,2.685403996665232,8772.787956557775,46034.46823853404,361626.7202897618,,4.402820e-04,4.935231e-04,1.1209
8786,3,1.39051468392034,8775.446408056237,46046.38900839686,361727.89327957993,,2.272902e-04,2.491117e-04,1.0960
8788,3,1.4403530527568063,8775.601568068132,46046.40508943899,361716.9004430578,,2.353952e-04,3.337156e-04,1.4177
8790,3,3.5329622034783217,8778.738857435164,46064.263595560595,361873.75399992,,5.753236e-04,7.755363e-04,1.3480
8792,3,1.5946102184068902,8782.23090202293,46084.57816423187,362060.1206991523,,2.586403e-04,3.290154e-04,1.2721
8794,3,1.3206240466270027,8781.986630199333,46084.89241186455,362047.352111905,,2.142600e-04,2.773130e-04,1.2943
8796,3,2.6442596399447797,8784.538867963116,46097.252927335925,362162.84635173716,,4.277616e-04,4.653218e-04,1.0878
8798,3,1.362832235667418,8787.560614095975,46116.08950630272,362344.3866376694,,2.197055e-04,2.820132e-04,1.2836
8800,3,1.9560350099166506,8787.31278925682,46116.19794006637,362323.67864484596,,3.154258e-04,3.666172e-04,1.1623
8802,3,2.657048799184916,8790.82846905279,46135.214754462904,362486.88527581934,,4.267541e-04,5.170242e-04,1.2115
8804,3,1.3856469897835344,8792.05433755383,46144.713911219376,362562.7750461868,,2.222397e-04,3.055143e-04,1.3747
8806,3,1.738300369955643,8794.87977899853,46160.564792226454,362707.9623733494,,2.779029e-04,3.854180e-04,1.3869
8808,3,2.6478819134241562,8796.255318178808,46165.026083392084,362735.760834256,,4.226558e-04,5.452255e-04,1.2900
8810,3,1.7624342751467432,8798.124614667313,46176.95377689498,362836.9149940635,,2.807202e-04,3.290154e-04,1.1720
8812,3,1.3209235061288567,8800.183411360826,46190.49235443337,362948.5019103991,,2.099020e-04,2.303108e-04,1.0972
8814,3,2.906658412770492,8801.788371934896,46198.946329737424,363014.6670153512,,4.610390e-04,5.922277e-04,1.2846
8816,3,1.449767124997047,8803.935801668575,46211.16725303049,363138.9480949764,,2.293915e-04,3.055143e-04,1.3318
8818,3,1.3206232286149313,8804.993187331245,46215.96208384855,363163.560094634,,2.087057e-04,3.572167e-04,1.7116
8820,3,4.225035621419965,8808.593557399825,46239.51010028202,363381.81040556973,,6.649655e-04,9.917464e-04,1.4914
8822,3,1.4707030149749252,8812.495119827578,46260.8130815723,363567.8334675678,,2.304411e-04,2.820132e-04,1.2238
8824,3,1.3215228357188924,8812.96398558447,46264.45118608694,363593.811694983,,2.069553e-04,2.303108e-04,1.1129
8826,3,2.642444844914631,8815.16419108389,46275.7665675387,363701.6859010903,,4.127791e-04,5.405253e-04,1.3095
8828,3,1.3209224179212646,8817.386314052535,46287.06347202483,363793.62382994534,,2.058203e-04,2.350110e-04,1.1418
8830,3,1.7624297285718924,8818.017544243188,46292.11437924207,363824.3515200383,,2.744156e-04,2.679125e-04,0.9763
8832,3,2.7663923711678344,8820.765581682579,46307.068384754966,363954.2953070757,,4.293869e-04,6.345297e-04,1.4778
8834,3,1.5869072584427135,8821.899741491678,46313.76920919717,364012.6237367803,,2.459938e-04,2.867134e-04,1.1655
8836,3,1.349664156842489,8824.105067080685,46330.42633704504,364168.13584978395,,2.086904e-04,3.290154e-04,1.5766
8838,3,2.6460473600406225,8825.772380679033,46337.78599178463,364226.95391966944,,4.083655e-04,4.841227e-04,1.1855
8840,3,2.0485021194763466,8829.676042978157,46361.26612435385,364436.6162070345,,3.147399e-04,3.619169e-04,1.1499
8842,3,1.3206224150455594,8828.941509329343,46354.59609687754,364347.2010537337,,2.030765e-04,2.350110e-04,1.1573
8844,3,2.9791917843345908,8832.423062520451,46376.03838723662,364546.9637318638,,4.563020e-04,5.969279e-04,1.3082
8846,3,1.320622279880053,8836.023070524634,46396.41183768345,364722.81571747724,,2.014409e-04,2.397112e-04,1.1900
8848,3,1.604964830214727,8834.561026481819,46385.661941767205,364618.79991310457,,2.452228e-04,3.478163e-04,1.4184
8850,3,3.5826325444789178,8838.678484739687,46411.409109206455,364851.4648972049,,5.448224e-04,6.862321e-04,1.2596
8852,3,1.3209207929925604,8842.320940953417,46433.36167832078,365052.5867853103,,2.000428e-04,3.713174e-04,1.8562
8854,3,1.4040416312587356,8841.692640059964,46427.64815244397,364981.14383311436,,2.127839e-04,3.760176e-04,1.7671
8856,3,2.708356167576901,8844.431224880218,46443.86393068547,365122.1443401789,,4.091726e-04,5.217244e-04,1.2751
8858,3,1.3659180000424966,8846.736169663884,46459.55111931422,365262.7880346303,,2.058170e-04,2.397112e-04,1.1647
8860,3,1.764423417108489,8846.814727951698,46458.52678739439,365245.3579325123,,2.658405e-04,3.196150e-04,1.2023
8862,3,3.1839383271466244,8850.720600407512,46483.07841416856,365466.20470530563,,4.775790e-04,6.768317e-04,1.4172
8864,3,1.325124808536262,8852.877203695878,46494.41625267464,365552.6902849696,,1.982754e-04,1.974092e-04,0.9956
8866,3,1.6555782215595476,8854.814418546535,46505.49057961129,365646.98709069594,,2.471731e-04,3.572167e-04,1.4452
8868,3,2.644230231180406,8856.181799561944,46510.905610062364,365694.3729358705,,3.941614e-04,6.016282e-04,1.5263
8870,3,1.7624206970706635,8858.793612140284,46529.46418474237,365864.0094018483,,2.619313e-04,2.961139e-04,1.1305
8872,3,1.3215163359680786,8860.084285923169,46536.81540202999,365927.59472655365,,1.961149e-04,2.961139e-04,1.5099
8874,3,2.9210122814755315,8862.124798000335,46547.761235240556,366011.43904519815,,4.324741e-04,5.123240e-04,1.1846
8876,3,1.5894181623437011,8864.529254023886,46562.477781355396,366138.34301800263,,2.346779e-04,2.867134e-04,1.2217
8878,3,1.3904380504299063,8864.94924949769,46564.89581198246,366165.93962566025,,2.052000e-04,2.632123e-04,1.2827
8880,3,3.621459104074256,8868.6495454323,46587.24625919671,366342.1021963566,,5.321991e-04,7.003328e-04,1.3159
8882,3,1.3206210688714128,8872.387105363918,46609.06174522007,366533.912671249,,1.932482e-04,2.726128e-04,1.4107
8884,3,1.3209186400901762,8871.849112098953,46604.18170443109,366483.8109495708,,1.934109e-04,2.444114e-04,1.2637
8886,3,2.642432690881317,8874.238495311294,46617.031035234955,366589.0765869968,,3.858555e-04,5.546260e-04,1.4374
8888,3,1.481844704482311,8876.729093979944,46630.139996746184,366694.43774949416,,2.157691e-04,2.444114e-04,1.1327
8890,3,2.1294179531956625,8877.799133773608,46636.81224422518,366768.70543932583,,3.096825e-04,3.619169e-04,1.1687
8892,3,3.0501594058379426,8881.34497108167,46658.40696676354,366957.84677721316,,4.417937e-04,5.875275e-04,1.3299
8894,3,1.3206206673814094,8882.058973824807,46661.25441436421,366965.6962269321,,1.911269e-04,3.337156e-04,1.7460
8896,3,1.3299610304652263,8885.029734219934,46679.31210397575,367137.6455977434,,1.918267e-04,2.491117e-04,1.2986
8898,3,2.6424302797705894,8885.708003162246,46682.88647012039,367163.6854398053,,3.808356e-04,4.794224e-04,1.2589
8900,3,1.7806663538551577,8888.337695718463,46700.92630605941,367312.6374744393,,2.558651e-04,4.418207e-04,1.7268
8902,3,1.3206204003230253,8889.635698245871,46710.56416628025,367412.709761072,,1.894793e-04,2.444114e-04,1.2899
8904,3,3.2309095928505616,8892.110747313489,46722.04949309886,367489.94899703044,,4.622564e-04,6.674312e-04,1.4439
8906,3,1.3616132940837797,8894.579421869928,46738.19232365527,367628.4586168817,,1.942615e-04,3.337156e-04,1.7179
8908,3,1.4192626118465,8895.685404749862,46743.870516906456,367690.9984968482,,2.022310e-04,3.572167e-04,1.7664
8910,3,3.912070019833301,8898.936852424853,46762.28122557303,367836.4459524829,,5.553665e-04,8.930418e-04,1.6080
8912,3,1.3227025931922864,8902.190470812051,46779.82872198978,367971.3406710966,,1.870780e-04,4.136194e-04,2.2109
8914,3,1.3206200006346356,8903.375167040758,46786.726882938914,368030.9974609707,,1.865310e-04,2.538119e-04,1.3607
8916,3,2.6442108899237637,8904.52446698874,46789.61927012136,368052.30808493315,,3.729936e-04,5.311249e-04,1.4240
8918,3,1.7284236633081675,8907.153015088628,46806.406225293256,368204.85701484594,,2.430812e-04,2.538119e-04,1.0441
8920,3,1.7683972623590352,8907.973470244657,46810.46151921963,368230.6712578127,,2.484703e-04,3.102145e-04,1.2485
8922,3,2.642425477032857,8911.206275592107,46831.12174123016,368415.5801874781,,3.699077e-04,6.063284e-04,1.6391
8924,3,1.397756145432169,8913.34916120951,46844.09622252626,368524.6597481863,,1.951907e-04,2.397112e-04,1.2281
8926,3,1.3206196020213996,8913.535232662014,46842.61660184744,368498.2461023575,,1.843804e-04,2.773130e-04,1.5040
8928,3,2.7317040655732536,8915.6491950598,46853.41851731294,368592.8407789355,,3.804725e-04,5.875275e-04,1.5442
8930,3,1.9054082214246901,8919.627413130162,46875.71907864168,368781.2836264745,,2.641834e-04,3.478163e-04,1.3166
8932,3,1.8256326759222072,8919.591223730904,46879.707751097456,368826.5970241994,,2.531316e-04,2.350110e-04,0.9284
8934,3,2.6424230853534416,8922.756133781762,46892.53096302187,368920.1225618123,,3.650641e-04,5.358251e-04,1.4678
8936,3,1.3215077784486213,8923.865068251127,46899.386147542165,368993.0794294482,,1.823419e-04,2.303108e-04,1.2631
8938,3,1.3668339537303986,8925.056414614532,46911.23302645447,369111.466007592,,1.883384e-04,3.384158e-04,1.7968
8940,3,3.5448144669509913,8928.119553489576,46929.26536426018,369262.7635169146,,4.867408e-04,6.674312e-04,1.3712
8942,3,1.4137411657880343,8931.18559546224,46948.578024550276,369431.10982121143,,1.934430e-04,3.102145e-04,1.6036
8944,3,1.4754836150191675,8932.39534692242,46953.696211964285,369461.68858379667,,2.016131e-04,2.914136e-04,1.4454
8946,3,3.2147010162978,8934.5705352161,46964.411743033954,369551.5256547198,,4.381748e-04,5.687266e-04,1.2979
8948,3,1.3209143805222374,8936.978827464145,46980.17486715554,369684.854672793,,1.795504e-04,1.974092e-04,1.0995
8950,3,1.7703774496533753,8938.736029992191,46989.88551231189,369779.6781145961,,2.401632e-04,3.713174e-04,1.5461
8952,3,2.647764910997687,8941.186790651636,47003.80250726187,369892.0607544275,,3.581830e-04,4.371205e-04,1.2204
8954,3,1.5089412933642734,8942.265138264856,47008.942419607934,369914.4115381231,,2.038750e-04,3.008141e-04,1.4755
8956,3,1.320913852360567,8944.432606222314,47018.68979816013,370011.85930387606,,1.780299e-04,2.679125e-04,1.5049
8958,3,2.6424183212435395,8945.485141756419,47026.35605642728,370065.2869670603,,3.557109e-04,4.512211e-04,1.2685
8960,3,2.1125178107099827,8948.951677279158,47046.23531436918,370238.7635526123,,2.832548e-04,3.901183e-04,1.3773
8962,3,1.3206184125894065,8949.482471367912,47050.36756100437,370286.42432045814,,1.769662e-04,1.739081e-04,0.9827
8964,3,2.673247846886089,8951.953457007192,47064.3546075991,370405.1419055292,,3.572130e-04,4.935231e-04,1.3816
8966,3,1.3206182810201603,8954.744063348764,47082.36995071529,370570.30238866684,,1.759060e-04,2.115099e-04,1.2024
8968,3,1.422515863248982,8953.197815337762,47071.91885418875,370468.4535641396,,1.898139e-04,3.102145e-04,1.6343
8970,3,4.0238434489713955,8958.11792321733,47103.8892551109,370762.7012468718,,5.339128e-04,6.627310e-04,1.2413
8972,3,1.3209127988654008,8962.402683137394,47129.33141698527,370975.5271788053,,1.744129e-04,2.679125e-04,1.5361
8974,3,1.586867839030973,8962.260396464553,47125.01875713529,370939.46740682196,,2.095645e-04,2.726128e-04,1.3009
8976,3,3.129656015866641,8965.106865466592,47140.28882424571,371066.63790213544,,4.119673e-04,5.687266e-04,1.3805
8978,3,1.340636302950566,8966.886954143294,47153.72184019445,371175.8874700504,,1.761135e-04,1.974092e-04,1.1209
8980,3,1.7643698344483076,8968.397722325091,47158.83079004917,371240.4896167879,,2.313792e-04,3.290154e-04,1.4220
8982,3,2.6459604369556624,8971.078702640201,47177.55037211199,371401.03043668455,,3.459290e-04,5.123240e-04,1.4810
8984,3,1.3215014404642063,8972.655196697426,47190.940794152644,371513.1378909219,,1.724595e-04,1.927090e-04,1.1174
8986,3,1.3206176249317025,8974.077257905477,47192.242349204746,371522.2646477133,,1.720661e-04,2.209103e-04,1.2839
8988,3,3.1989555419322593,8976.027058026062,47203.98032664578,371605.29299571214,,4.158718e-04,6.016282e-04,1.4467
8990,3,1.8885855268160765,8979.84726334438,47226.11656861371,371794.94824740326,,2.444520e-04,2.914136e-04,1.1921
8992,3,1.3250559744596666,8980.331875905951,47231.34719456853,371869.9463885968,,1.714153e-04,2.256106e-04,1.3162
8994,3,2.6424112228152588,8982.572970043004,47241.483003571,371933.85024769715,,3.409621e-04,4.606216e-04,1.3509
8996,3,1.44877617002439,8985.070130771754,47253.66950268332,372033.49748210545,,1.864104e-04,3.290154e-04,1.7650
8998,3,1.470630744556499,8984.688724487214,47252.218294400736,372027.7484829821,,1.893046e-04,2.585121e-04,1.3656
9000,3,3.520863017849971,8988.350070849534,47274.468311534234,372224.85476862633,,4.513263e-04,5.546260e-04,1.2289
9002,3,1.586860102740806,8992.203232093032,47296.39354171202,372411.17031876656,,2.025209e-04,2.209103e-04,1.0908
9004,3,1.3209107031173468,8991.560537501708,47293.689862822794,372402.6482770577,,1.687030e-04,2.585121e-04,1.5324
9006,3,2.8322908768495183,8994.570430581221,47311.416716372085,372557.87001392053,,3.604910e-04,4.982233e-04,1.3821
9008,3,1.3226771497537992,8997.457774497896,47331.27871670871,372721.6957756844,,1.677942e-04,2.068097e-04,1.2325
9010,3,1.914613092059592,8997.132043142601,47328.01494213621,372676.54950955,,2.429778e-04,2.585121e-04,1.0639
9012,3,2.644172827157021,9000.659470718841,47347.36761151949,372853.66531843,,3.342157e-04,5.828273e-04,1.7439
9014,3,1.3206167113012184,9002.324004755472,47358.16986398697,372927.80282359215,,1.666049e-04,2.350110e-04,1.4106
9016,3,1.6598354227007006,9004.573454233321,47370.407703101635,373055.6051675863,,2.088628e-04,2.538119e-04,1.2152
9018,3,2.6566511861958872,9005.66211124598,47374.19112479073,373066.78656074527,,3.338815e-04,5.217244e-04,1.5626
9020,3,2.006189753760667,9008.560249649316,47393.474775984585,373245.5155499371,,2.512993e-04,3.713174e-04,1.4776
9022,3,1.4445279891416087,9009.581127689482,47398.36263397917,373279.96266817895,,1.807339e-04,2.585121e-04,1.4303
9024,3,2.699328313684978,9011.9094468721,47414.715369049525,373419.02227463434,,3.368320e-04,4.841227e-04,1.4373
9026,3,1.3206163214813016,9014.486923133369,47431.072644546395,373571.02094946324,,1.643068e-04,2.538119e-04,1.5447
9028,3,1.3810649125706909,9014.274942179136,47427.75050626825,373552.20785545517,,1.718696e-04,2.679125e-04,1.5588
9030,3,4.328085270722891,9018.477041308763,47452.891672239966,373754.79919142136,,5.360396e-04,7.332343e-04,1.3679
9032,3,1.3214951699649846,9022.544766914758,47472.44730981481,373912.2175474385,,1.629116e-04,2.115099e-04,1.2983
9034,3,1.3206160621769494,9022.745122485798,47477.82143624521,373968.4002037943,,1.627651e-04,3.008141e-04,1.8481
9036,3,2.6512522724773877,9025.05866509688,47490.846665005105,374087.0439410716,,3.259033e-04,3.854180e-04,1.1826
9038,3,1.3206159326969922,9026.688672942868,47498.31116948987,374136.4560675533,,1.620344e-04,2.632123e-04,1.6244
9040,3,1.776291252248634,9027.914410232288,47504.52944791962,374193.2938534612,,2.176394e-04,2.256106e-04,1.0366
9042,3,2.9557862372073833,9030.616277592257,47520.06901948712,374329.44762664504,,3.610411e-04,5.922277e-04,1.6403
9044,3,1.7894268514249265,9032.722263809414,47532.946656444,374430.57794683805,,2.180485e-04,3.102145e-04,1.4227
9046,3,1.320615674080754,9034.702295133291,47548.35224327679,374592.11950244743,,1.605578e-04,2.350110e-04,1.4637
9048,3,2.9873989242363392,9036.591700957606,47555.20258397348,374622.29736309795,,3.624213e-04,4.982233e-04,1.3747
9050,3,1.7702663218240078,9040.455195675648,47577.54408746355,374823.94747650414,,2.138176e-04,2.491117e-04,1.1651
9052,3,1.3850893853610862,9039.764067903621,47573.06341459474,374752.557383603,,1.674271e-04,1.786084e-04,1.0668
9054,3,2.6459180164082117,9042.836577010074,47588.76940557584,374901.4364310664,,3.187146e-04,4.183196e-04,1.3125
9056,3,1.325022292304749,9045.680236220573,47606.311705086424,375059.6942064672,,1.590882e-04,2.585121e-04,1.6250
9058,3,1.586844774091452,9045.022638939621,47599.363558506506,374981.8690187603,,1.906677e-04,3.102145e-04,1.6270
9060,3,3.5444929709899036,9048.660248138029,47621.66140331592,375180.8854435094,,4.241237e-04,4.841227e-04,1.1415
9062,3,1.3902894993561423,9052.101074443235,47639.57227977193,375339.22318451374,,1.657062e-04,3.008141e-04,1.8153
9064,3,1.481551269887364,9051.818891633771,47637.18430844051,375316.8178237034,,1.766406e-04,3.149147e-04,1.7828
9066,3,2.642397195304899,9054.487036170423,47656.25680373907,375489.27311731974,,3.140847e-04,3.760176e-04,1.1972
9068,3,1.3209065560344428,9056.388730636332,47670.570470104365,375617.412120941,,1.566665e-04,1.551073e-04,0.9900
9070,3,1.762376737111643,9057.30064212338,47674.70276057931,375655.1638199403,,2.088099e-04,2.867134e-04,1.3731
9072,3,3.168776716064974,9060.829208724694,47694.664438174885,375815.09830222104,,3.739338e-04,5.922277e-04,1.5838
9074,3,1.4445039261076904,9063.067522605868,47702.403145003926,375854.3588225319,,1.700258e-04,2.585121e-04,1.5204
9076,3,1.3209060417650642,9064.686275158298,47718.28393283372,376024.1437819571,,1.551893e-04,1.927090e-04,1.2418
9078,3,2.8490661661682526,9066.090800232974,47721.95647298599,376046.15460552863,,3.341939e-04,5.217244e-04,1.5611
9080,3,1.7682556489646521,9069.184798193319,47740.44061974265,376189.2534520514,,2.066839e-04,2.867134e-04,1.3872
9082,3,1.4038884185097986,9070.135314905934,47750.09286178709,376289.0455004783,,1.639157e-04,2.115099e-04,1.2904
9084,3,2.6441448094317,9071.953165000325,47754.06725543113,376299.81361507473,,3.080885e-04,4.042189e-04,1.3120
9086,3,1.7913162722394589,9075.031350318115,47771.66911317972,376453.9526861431,,2.079871e-04,2.726128e-04,1.3107
9088,3,1.3394587567907499,9074.354199884,47770.792108729824,376464.68439068366,,1.556422e-04,3.290154e-04,2.1139
9090,3,3.5564272907575467,9078.523842851442,47794.892099582525,376664.42291069863,,4.112866e-04,5.734268e-04,1.3942
9092,3,1.3209050159437143,9082.604570606196,47816.750785969685,376854.87276844616,,1.520477e-04,2.162101e-04,1.4220
9094,3,1.3206141319427367,9080.258837154037,47806.06019028235,376767.8115050436,,1.524213e-04,2.585121e-04,1.6960
9096,3,2.647651632786384,9083.964163504173,47827.97888598951,376953.67962509964,,3.042938e-04,4.230198e-04,1.3902
9098,3,1.3206140041660712,9086.566555397127,47842.27007979408,377090.0443298496,,1.513276e-04,1.363064e-04,0.9007
9100,3,2.3045648844108904,9087.09954918334,47845.46899685282,377112.1782246388,,2.639167e-04,3.995187e-04,1.5138
9102,3,2.7857377723648122,9090.955094654844,47867.857446538634,377301.8249449936,,3.176189e-04,4.183196e-04,1.3170
9104,3,1.3226522448007827,9091.86557116206,47873.000848667136,377352.84815723356,,1.506470e-04,1.645077e-04,1.0920
9106,3,1.3780582134380532,9094.086647851971,47887.42767443396,377484.8114590803,,1.565598e-04,3.243152e-04,2.0715
9108,3,3.073769301297594,9095.898368941082,47897.61154049461,377572.24491044995,,3.484863e-04,4.935231e-04,1.4162
9110,3,1.7623681772516357,9098.470075502857,47914.34052058808,377718.0794724829,,1.992209e-04,2.397112e-04,1.2032
9112,3,1.4300120564806036,9100.224703564954,47926.36384400712,377826.84192107053,,1.613269e-04,2.350110e-04,1.4567
9114,3,3.278044878687904,9102.43122108887,47935.21572667494,377892.3470176571,,3.688843e-04,5.875275e-04,1.5927
9116,3,1.3790467774362154,9105.271102239061,47950.29682083761,378031.665037423,,1.546845e-04,1.739081e-04,1.1243
9118,3,1.3638711479671466,9106.801922845052,47959.51598273676,378101.4689169839,,1.527151e-04,2.961139e-04,1.9390
9120,3,3.7279726071352637,9109.183582194484,47972.6098968688,378220.1729560783,,4.162947e-04,7.473350e-04,1.7952
9122,3,1.3206132398603752,9111.89740322094,47986.785386493684,378351.36889973213,,1.470141e-04,2.538119e-04,1.7264
9124,3,1.3209029751038723,9112.942789839628,47991.28705622765,378377.980086232,,1.468713e-04,2.585121e-04,1.7601
9126,3,2.8807061055136125,9114.731706219058,48002.995362259346,378493.77790165116,,3.196518e-04,4.559213e-04,1.4263
9128,3,1.5942292795109496,9117.253431755056,48019.65972774737,378633.74363308295,,1.763914e-04,2.444114e-04,1.3856
9130,3,1.980183590285992,9118.85357971579,48027.98397856385,378702.0620702147,,2.186952e-04,2.914136e-04,1.3325
9132,3,2.6441263770414802,9121.693431282889,48043.45109555092,378829.54215445364,,2.910773e-04,4.700220e-04,1.6148
9134,3,1.320612859214373,9122.95884397162,48052.20284300395,378902.56117836636,,1.451689e-04,2.068097e-04,1.4246
9136,3,1.3226440598689477,9124.87373915699,48062.613251273484,378994.5480908475,,1.450747e-04,1.692079e-04,1.1663
9138,3,2.642383389135925,9126.219752462628,48071.19220905015,379062.6917525481,,2.893855e-04,4.465209e-04,1.5430
9140,3,1.764300589164381,9128.706187841975,48083.62342386231,379140.4437787311,,1.926734e-04,2.773130e-04,1.4393
9142,3,1.5868221343121067,9130.885208431346,48096.66477010243,379268.67932223115,,1.728609e-04,2.068097e-04,1.1964
9144,3,2.6617724414945783,9132.317885513465,48101.22951154432,379277.80866330006,,2.894884e-04,3.807178e-04,1.3151
9146,3,1.4136199082903254,9134.002123159647,48107.70179830622,379328.2014116209,,1.534474e-04,2.491117e-04,1.6234
9148,3,1.3209014538520296,9135.790600438697,48119.280160097376,379420.9674194236,,1.430902e-04,2.914136e-04,2.0366
9150,3,3.5805386622203095,9137.936686621024,48134.23152933856,379579.3479704635,,3.869210e-04,5.969279e-04,1.5428
9152,3,1.600392280840896,9140.790968976124,48152.07318919836,379740.2106669742,,1.723790e-04,2.820132e-04,1.6360
9154,3,1.3902174860183534,9141.622581655376,48155.93580188484,379773.88447921554,,1.495991e-04,2.303108e-04,1.5395
9156,3,3.1983914517291328,9144.845943828928,48175.04564154819,379944.0500810988,,3.429093e-04,4.935231e-04,1.4392
9158,3,1.4038390570802248,9147.108389533007,48188.511036584576,380053.20765173447,,1.501215e-04,2.021095e-04,1.3463
9160,3,1.7681867138101177,9148.56470168997,48197.51459238031,380138.8502250862,,1.887693e-04,2.914136e-04,1.5438
9162,3,2.6458556406328184,9151.067440813842,48209.84073627356,380234.6518647069,,2.816629e-04,4.418207e-04,1.5686
9164,3,1.387006643395443,9152.216296822928,48217.964883683875,380297.3165372984,,1.474591e-04,2.162101e-04,1.4662
9166,3,1.3206118490331178,9154.178842655352,48230.07182341994,380434.2908591498,,1.400860e-04,3.196150e-04,2.2816
9168,3,2.65461894202974,9155.4130306538,48237.61746491223,380481.70415354456,,2.811962e-04,3.713174e-04,1.3205
9170,3,2.12889391776975,9158.88949909041,48257.42646591421,380643.2145061584,,2.246144e-04,2.726128e-04,1.2137
9172,3,1.3208999405683326,9159.248539605973,48259.912407814896,380665.3217408676,,1.393078e-04,2.115099e-04,1.5183
9174,3,2.955468956589392,9162.101190056408,48276.65416965822,380812.4774793519,,3.106828e-04,5.358251e-04,1.7247
9176,3,1.4048763765805303,9165.81641482741,48297.94124650168,381007.4990381566,,1.470574e-04,1.551073e-04,1.0547
9178,3,1.4444566227076805,9164.304685756679,48287.068619345446,380904.7633180266,,1.514621e-04,1.880088e-04,1.2413
9180,3,3.755587219039969,9168.594878994814,48315.3571002758,381156.12804745627,,3.918756e-04,5.781271e-04,1.4753
9182,3,1.3206113465840625,9172.362559900701,48339.27995191693,381366.84742183326,,1.372069e-04,2.632123e-04,1.9184
9184,3,1.6250137005461405,9172.078272550276,48330.02509345654,381265.43887464155,,1.688897e-04,2.397112e-04,1.4193
9186,3,2.642374305417163,9174.978386137685,48348.67103870709,381431.4675204951,,2.737169e-04,3.008141e-04,1.0990
9188,3,1.3208989361084205,9176.705724668189,48363.30361526492,381567.8884071093,,1.365582e-04,1.457068e-04,1.0670
9190,3,1.7623512815628535,9177.46812080094,48361.519391737726,381538.707751703,,1.820397e-04,3.196150e-04,1.7557
9192,3,2.6475780960997812,9180.275635590971,48383.02275485201,381724.0717140861,,2.726009e-04,5.170242e-04,1.8966
9194,3,1.3206109708954135,9181.837993329167,48395.903217858635,381850.88141027075,,1.357302e-04,1.833086e-04,1.3505
9196,3,1.553321919639693,9183.75616403863,48400.8519079731,381880.3471873353,,1.592999e-04,2.209103e-04,1.3868
9198,3,3.21340737403772,9185.87309693759,48414.37345396748,381995.7152184399,,3.287528e-04,5.076238e-04,1.5441
9200,3,1.8442615807785563,9189.120646772251,48434.75615818808,382160.6182961108,,1.879815e-04,2.209103e-04,1.1752
9202,3,1.3654078532637692,9190.437590975875,48443.340319433984,382257.4905940318,,1.389637e-04,2.162101e-04,1.5559
9204,3,2.931244809119115,9192.633838900758,48452.87072185469,382320.3297422656,,2.975801e-04,4.042189e-04,1.3584
9206,3,1.3206105961866088,9194.733435208424,48464.54143097364,382413.4846231206,,1.337475e-04,1.786084e-04,1.3354
9208,3,1.3214727384228024,9195.62982201379,48469.01442772283,382452.8978476163,,1.336981e-04,1.927090e-04,1.4414
9210,3,3.5324068310232497,9198.241274976639,48485.14612220163,382599.35731213726,,3.563217e-04,5.076238e-04,1.4246
9212,3,1.6195969882109866,9201.405470836251,48503.895153177604,382751.62013855594,,1.627831e-04,3.008141e-04,1.8479
9214,3,1.413580691181401,9201.894009210855,48505.174471080405,382773.31454731384,,1.419978e-04,2.444114e-04,1.7212
9216,3,2.6406472633874785,9204.373325012844,48519.20355886026,382895.0199295223,,2.645101e-04,3.995187e-04,1.5104
9218,3,1.4705443060164747,9207.299573039236,48538.77644874841,383074.6048874488,,1.468106e-04,1.081051e-04,0.7364
9220,3,1.764266871689528,9207.045893372951,48538.91859364114,383064.7011295613,,1.761848e-04,2.773130e-04,1.5740
9222,3,2.792144092586905,9210.407778602994,48557.1606979225,383220.4876554414,,2.777639e-04,3.807178e-04,1.3707
9224,3,1.3214707417125868,9212.163307149387,48567.47672729429,383309.9854040209,,1.311973e-04,2.021095e-04,1.5405
9226,3,1.586799908044713,9214.126584022442,48578.9794937358,383416.2858458135,,1.571868e-04,1.927090e-04,1.2260
9228,3,2.6440900890242287,9215.425607762552,48585.48655861849,383468.78571233293,,2.615331e-04,4.606216e-04,1.7612
9230,3,1.9483036462410908,9218.304218779012,48602.786716961054,383633.47631443583,,1.920787e-04,3.290154e-04,1.7129
9232,3,1.3226198467053805,9218.967244536545,48609.755588572174,383687.3252830831,,1.302948e-04,1.692079e-04,1.2987
9234,3,2.7959794553514477,9221.568777916475,48626.27612051831,383836.18578333576,,2.746220e-04,3.572167e-04,1.3008
9236,3,1.32089594362772,9224.100504283588,48641.89729406794,383981.6328628198,,1.293642e-04,2.303108e-04,1.7803
9238,3,1.3751435432137467,9223.855874965468,48637.87197004127,383938.3488536749,,1.347151e-04,3.055143e-04,2.2679
9240,3,4.694484023799961,9228.498766811896,48666.955144698484,384197.73248223856,,4.574596e-04,7.567354e-04,1.6542
9242,3,1.320609477901077,9232.965210876388,48690.9754176059,384391.91322876123,,1.280341e-04,2.303108e-04,1.7988
9244,3,1.3208954479049535,9233.092846967025,48690.89496845709,384397.0028294168,,1.280433e-04,2.350110e-04,1.8354
9246,3,2.8089522538011855,9235.397676198421,48704.69021976626,384530.8941276527,,2.715749e-04,3.619169e-04,1.3327
9248,3,1.4083452071399885,9237.944846459837,48720.60091838293,384661.96106832963,,1.357659e-04,2.350110e-04,1.7310
9250,3,1.810729552037128,9238.252359651775,48717.60767422103,384622.05992446333,,1.744960e-04,2.820132e-04,1.6162
9252,3,2.651002742851743,9241.052201151806,48735.11229842793,384775.23964800296,,2.546555e-04,4.465209e-04,1.7534
9254,3,1.5867925892282875,9243.014501059472,48748.43699272786,384880.7965311418,,1.520859e-04,2.538119e-04,1.6689
9256,3,1.4569088349724018,9244.704280081105,48757.527193450536,384988.5427435974,,1.393682e-04,1.974092e-04,1.4165
9258,3,2.642360856679748,9246.426591495157,48764.43162653194,385017.36713921785,,2.522733e-04,4.136194e-04,1.6396
9260,3,1.7642502323716776,9249.74823714639,48785.343095406504,385219.01772644767,,1.677998e-04,2.491117e-04,1.4846
9262,3,1.4705275134218256,9249.268203430613,48782.52397463525,385171.94085920724,,1.399402e-04,2.068097e-04,1.4778
9264,3,2.654472641729821,9252.481623638461,48800.423229730004,385328.1019864856,,2.516834e-04,3.337156e-04,1.3259
9266,3,1.366377886345103,9254.751927940548,48813.265920710706,385437.76658631896,,1.292176e-04,1.927090e-04,1.4914
9268,3,1.589204128117692,9255.138397283657,48815.54818711927,385468.6177485024,,1.502238e-04,3.008141e-04,2.0024
9270,3,3.555723047729674,9258.452162386819,48835.61360853333,385634.604781178,,3.348447e-04,4.841227e-04,1.4458
9272,3,1.4216844688227699,9261.197316124539,48850.110430095076,385760.17984462256,,1.334622e-04,2.068097e-04,1.5496
9274,3,1.3206084911612028,9262.052615737563,48855.257630951164,385798.27601334616,,1.238526e-04,1.880088e-04,1.5180
9276,3,2.6440722274126243,9264.104432858203,48868.621767294346,385915.890517481,,2.473922e-04,3.901183e-04,1.5769
9278,3,1.3206083682975118,9266.03407279569,48882.44589913941,386043.8374953658,,1.232902e-04,1.880088e-04,1.5249
9280,3,1.8256326759222072,9266.960013755714,48885.000653856565,386054.5077038848,,1.702591e-04,2.256106e-04,1.3251
9282,3,3.687303815057424,9270.945778875464,48909.792849147234,386280.15034934704,,3.423170e-04,5.405253e-04,1.5790
9284,3,1.474045521827141,9273.564965411542,48921.24170185207,386350.0682693485,,1.364375e-04,2.068097e-04,1.5158
9286,3,1.3206081228878124,9275.13817738337,48934.57875401666,386488.2269236801,,1.220154e-04,2.115099e-04,1.7335
9288,3,2.705053294201807,9276.589601002275,48940.177526409774,386536.6105234281,,2.495159e-04,4.230198e-04,1.6954
9290,3,1.7623305720414095,9279.560130783791,48953.865396374626,386628.2818181123,,1.620089e-04,2.256106e-04,1.3926
9292,3,1.397167864226179,9280.786482757425,48967.0588664579,386772.2365260833,,1.282592e-04,1.880088e-04,1.4659
9294,3,2.6423542105519173,9282.239110857567,48969.19448787188,386757.1902599027,,2.421666e-04,4.230198e-04,1.7468
9296,3,1.6039487081316535,9284.7449629359,48984.05988193863,386899.33047387603,,1.465788e-04,1.598075e-04,1.0902
9298,3,1.3206077555654185,9284.704885151743,48988.28009207513,386948.84127727075,,1.206901e-04,2.256106e-04,1.8693
9300,3,3.6422720874310044,9288.591952901463,49009.04085372529,387116.37401010375,,3.313935e-04,6.016282e-04,1.8154
9302,3,1.3206076333353167,9292.771581158326,49029.50461444757,387290.950858962,,1.195845e-04,1.692079e-04,1.4150
9304,3,1.3214608613506675,9290.818384287826,49020.92608537711,387219.2924084677,,1.199285e-04,1.927090e-04,1.6069
9306,3,2.9992536818721978,9294.430375109901,49042.00449602712,387406.43299659516,,2.710755e-04,4.277200e-04,1.5779
9308,3,1.448490640625489,9297.022541551973,49056.93998412213,387527.20974045707,,1.305292e-04,1.833086e-04,1.4043
9310,3,2.236783564281158,9298.31508261857,49064.258497709016,387601.0378287611,,2.012681e-04,2.444114e-04,1.2144
9312,3,2.668443550370504,9302.020641199046,49084.609670876394,387773.82167043054,,2.390960e-04,3.807178e-04,1.5923
9314,3,1.3206072672751985,9302.680205681403,49088.29541283295,387791.9764631017,,1.182391e-04,1.786084e-04,1.5106
9316,3,1.4187773938595438,9305.265713702627,49102.49763386189,387927.3769781325,,1.266543e-04,2.021095e-04,1.5958
9318,3,2.642349808367096,9305.945354891788,49104.67726576211,387936.5801562865,,2.357003e-04,2.820132e-04,1.1965
9320,3,1.7680524245480373,9308.491560390012,49121.99963300228,388085.4995166088,,1.572537e-04,1.880088e-04,1.1956
9322,3,1.3609350899481605,9310.422686043104,49131.92890979674,388166.7067535651,,1.207776e-04,1.833086e-04,1.5177
9324,3,3.2593131936668303,9312.218030130607,49141.257921918484,388240.8186011265,,2.886592e-04,3.807178e-04,1.3189
9326,3,1.3206069021575224,9314.929273123953,49159.399526473346,388404.98242762126,,1.165970e-04,2.068097e-04,1.7737
9328,3,1.4957914781715564,9316.148880758652,49165.328809706065,388459.78597710637,,1.318805e-04,1.833086e-04,1.3900
9330,3,3.5322573965485144,9318.869690714208,49179.60026346442,388575.8739887222,,3.104657e-04,4.841227e-04,1.5593
9332,3,1.3208900510981552,9321.104421801514,49194.07187249348,388705.05244966835,,1.158028e-04,2.115099e-04,1.8265
9334,3,1.4443876551454808,9323.370192981003,49202.946182530664,388785.2177714873,,1.263034e-04,1.880088e-04,1.4885
9336,3,2.647470641329048,9324.466011195565,49210.59121308587,388847.976957128,,2.312163e-04,3.431161e-04,1.4840
9338,3,1.7213108087266524,9326.087584056171,49223.70069564783,388957.45624109876,,1.500515e-04,2.068097e-04,1.3783
9340,3,1.7642173831377275,9328.34908519238,49232.95870467331,389047.33163859247,,1.533960e-04,2.538119e-04,1.6546
9342,3,2.656089645044715,9331.039062123567,49252.51801852053,389208.5494526581,,2.302335e-04,4.042189e-04,1.7557
9344,3,1.3389197391823833,9332.473882785194,49259.751711909055,389258.1957680342,,1.158696e-04,1.316062e-04,1.1358
9346,3,1.3206062957125133,9333.975728747744,49267.70382728887,389339.58386129263,,1.140891e-04,1.316062e-04,1.1535
9348,3,2.867671236257895,9335.678333588066,49277.282389987144,389418.467707803,,2.472612e-04,4.324202e-04,1.7488
9350,3,2.086437343911094,9339.129592523894,49296.41426311726,389564.0901321973,,1.791931e-04,1.974092e-04,1.1017
9352,3,1.5939907117175323,9340.275426633714,49303.59041080809,389634.45703750727,,1.367204e-04,2.820132e-04,2.0627
9354,3,2.642343247500123,9342.567529631846,49314.821247287735,389726.91511795943,,2.260483e-04,3.666172e-04,1.6219
9356,3,1.3208885968763209,9344.364171160567,49326.09185999555,389812.8725658409,,1.127683e-04,1.598075e-04,1.4171
9358,3,1.3206059330902955,9345.001804672087,49330.98710155833,389876.4737515831,,1.126619e-04,1.833086e-04,1.6271
9360,3,3.8409414740181504,9348.21219158625,49350.13010391328,390033.0469990711,,3.264746e-04,5.217244e-04,1.5981
9362,3,1.37501882495298,9351.596358406052,49371.08552777689,390219.10998312756,,1.164238e-04,2.350110e-04,2.0186
9364,3,1.320888113793651,9351.647722041525,49370.57718043485,390220.2648196769,,1.118340e-04,2.021095e-04,1.8072
9366,3,3.1831150722462636,9354.811463409187,49388.11710146103,390364.1442731516,,2.685295e-04,3.478163e-04,1.2953
9368,3,1.3214530787696106,9357.260375717618,49402.88604275896,390478.9036864998,,1.111672e-04,7.050330e-05,0.6342
9370,3,1.7623143233730336,9358.240968138698,49408.53357516404,390549.2149863085,,1.480888e-04,2.303108e-04,1.5552
9372,3,2.9765750150905554,9361.337833062433,49425.507028038446,390676.5286983878,,2.492417e-04,4.371205e-04,1.7538
9374,3,1.3651670830551175,9362.82565505951,49433.339370338086,390733.03193544166,,1.141175e-04,2.632123e-04,2.3065
9376,3,1.3248608263043706,9364.97086895629,49443.38464275427,390833.55135566357,,1.104777e-04,1.739081e-04,1.5741
9378,3,2.645735215725412,9365.826453063108,49449.072344119646,390876.45132245333,,2.204073e-04,3.431161e-04,1.5567
9380,3,2.1450180847209053,9369.426873409882,49470.88413862208,391069.22318791074,,1.779610e-04,3.055143e-04,1.7167
9382,3,1.3206052106299075,9369.752574802787,49470.74543641605,391059.4302587442,,1.095233e-04,1.551073e-04,1.4162
9384,3,2.95081852924569,9372.49695462873,49488.3754914566,391218.1438974611,,2.439575e-04,4.089191e-04,1.6762
9386,3,1.5250797029189713,9376.577210385247,49512.69376957609,391422.2876004655,,1.254991e-04,1.692079e-04,1.3483
9388,3,1.3208866694897705,9374.040984270385,49494.84861088891,391265.00088510365,,1.090117e-04,2.162101e-04,1.9834
9390,3,3.532184120801257,9378.801872312379,49523.0231659648,391514.13461588504,,2.899278e-04,4.277200e-04,1.4753
9392,3,1.32258059516672,9383.271847827253,49549.867068480744,391743.5640888074,,1.080070e-04,1.692079e-04,1.5666
9394,3,1.7902693311101547,9381.994141330259,49537.69259652974,391638.14767265605,,1.464145e-04,2.397112e-04,1.6372
9396,3,2.7384490138833106,9385.23405231253,49555.586918416106,391792.6441053354,,2.231334e-04,3.384158e-04,1.5167
9398,3,1.3689115413400688,9387.529445035287,49576.75774915571,391991.65040673356,,1.112481e-04,1.645077e-04,1.4787
9400,3,1.7995522091233185,9388.085980209586,49573.51411851595,391958.63166317716,,1.461536e-04,1.880088e-04,1.2864
9402,3,2.6423345779327736,9391.072335056135,49591.46070921386,392091.1067956229,,2.138709e-04,4.324202e-04,2.0219
9404,3,1.3208857107195773,9392.669145075362,49604.85487329529,392207.12487982184,,1.067173e-04,1.880088e-04,1.7617
9406,3,1.3206044918578943,9393.46353448879,49601.5827724253,392184.1413169175,,1.065990e-04,1.880088e-04,1.7637
9408,3,3.168776716064974,9395.768168655772,49620.3498172417,392343.38408439624,,2.551092e-04,4.465209e-04,1.7503
9410,3,1.7623063028642028,9399.631575094083,49644.46299979406,392547.34395907866,,1.412535e-04,1.739081e-04,1.2312
9412,3,1.4483997178560064,9400.463946419337,49648.30324606242,392593.60536899534,,1.159829e-04,2.397112e-04,2.0668
9414,3,2.64571568423851,9402.57840808964,49657.903376519156,392656.8734852456,,2.113498e-04,2.773130e-04,1.3121
9416,3,1.4809979360797498,9405.201722066204,49673.09345375216,392782.8441597466,,1.179539e-04,2.162101e-04,1.8330
9418,3,1.4134664624386792,9404.596674621294,49663.90288410531,392689.38293440745,,1.126540e-04,1.974092e-04,1.7523
9420,3,3.5435782631264225,9408.234567610245,49689.371806632975,392927.49918676564,,2.812529e-04,5.170242e-04,1.8383
9422,3,1.586749592545203,9412.046592748951,49713.18351167523,393143.3877157257,,1.253927e-04,1.880088e-04,1.4994
9424,3,1.4461962700093693,9411.57683062643,49706.98830682123,393080.6373741603,,1.143473e-04,1.927090e-04,1.6853
9426,3,2.6423302763023204,9414.511436360339,49726.09233767121,393253.4460911415,,2.082234e-04,4.089191e-04,1.9638
9428,3,1.3208842786711037,9417.273216268484,49745.81654834207,393440.2169420108,,1.037613e-04,1.551073e-04,1.4948
9430,3,1.8915503392600577,9417.032935811414,49742.074945659115,393381.73857084115,,1.486309e-04,1.551073e-04,1.0436
9432,3,2.6611173972121875,9420.502924762905,49761.03953646387,393547.4916825801,,2.082742e-04,2.491117e-04,1.1961
9434,3,1.361686035301003,9421.80967467888,49774.09544904683,393662.0818277211,,1.064137e-04,1.692079e-04,1.5901
9436,3,1.589117875519151,9423.914649345932,49779.7029342955,393708.92609479185,,1.238901e-04,1.927090e-04,1.5555
9438,3,3.200784561681792,9425.913965332677,49794.63720109291,393838.48995745735,,2.489680e-04,4.277200e-04,1.7180
9440,3,1.7913162722394589,9428.904492094827,49812.760836768095,393993.0487918952,,1.388597e-04,2.632123e-04,1.8955
9442,3,1.320603420554026,9430.305356668856,49820.72831838408,394074.4609821992,,1.022073e-04,1.880088e-04,1.8395
9444,3,2.644011145251666,9431.953062510227,49830.52911384826,394138.0999440971,,2.042469e-04,3.525165e-04,1.7259
9446,3,1.3206033020245365,9434.079132587825,49846.18205888196,394296.7783376587,,1.017673e-04,1.692079e-04,1.6627
9448,3,1.3214434990658288,9434.25127166531,49840.394415602634,394228.5811778294,,1.018130e-04,1.833086e-04,1.8004
9450,3,4.225035621419965,9438.321830079605,49868.593698562465,394483.0306650009,,3.240141e-04,4.653218e-04,1.4361
9452,3,1.4186250991629081,9442.224609766634,49891.171225113554,394669.6095697017,,1.083094e-04,1.880088e-04,1.7358
9454,3,1.3777290069847712,9442.773891784049,49891.8240099199,394690.8809180129,,1.051214e-04,2.303108e-04,2.1909
9456,3,2.6541890442253626,9444.65467612024,49904.87489054537,394810.4457055788,,2.020810e-04,3.478163e-04,1.7212
9458,3,1.3206029470378673,9446.90933833682,49919.74219019872,394922.7725031196,,1.002875e-04,1.269059e-04,1.2654
9460,3,2.0037431808902273,9448.147818199881,49922.7564268865,394941.7442605996,,1.519515e-04,2.162101e-04,1.4229
9462,3,2.8304977202323296,9450.994473845041,49939.45971413088,395076.3481451933,,2.139509e-04,3.337156e-04,1.5598
9464,3,1.7284236633081675,9452.173224889173,49949.99436378404,395163.0998996448,,1.304713e-04,1.645077e-04,1.2609
9466,3,1.3206027108803158,9454.662409974188,49962.17098994891,395293.57838725025,,9.940404e-05,1.974092e-04,1.9859
9468,3,2.6507646858525646,9456.456355610115,49974.51258110201,395387.8138659636,,1.991189e-04,2.914136e-04,1.4635
9470,3,1.7622943994106204,9459.3999168798,49992.22286313542,395534.69383449876,,1.319349e-04,1.786084e-04,1.3538
9472,3,1.358047164027846,9459.899824634125,49993.75142050754,395534.2469412869,,1.016130e-04,1.974092e-04,1.9428
9474,3,2.6423217385069377,9462.243186473715,50005.0372763792,395614.43367786607,,1.971784e-04,3.149147e-04,1.5971
9476,3,1.3968911973223719,9464.727368270775,50019.054483158194,395733.5676419943,,1.039452e-04,1.880088e-04,1.8087
9478,3,1.5867356000443869,9464.728966342405,50015.99046403159,395704.64315079694,,1.180722e-04,1.128053e-04,0.9554
9480,3,3.5665885115882823,9468.27043945015,50038.63550247007,395911.36889558524,,2.643253e-04,4.371205e-04,1.6537
9482,3,1.4704458990632163,9471.56688047265,50056.95832197576,396076.0788403731,,1.085677e-04,2.021095e-04,1.8616
9484,3,1.3208809654344287,9471.487300601562,50054.53218528717,396053.0240623046,,9.753398e-05,2.162101e-04,2.2168
9486,3,2.9138176699448035,9474.058494433026,50073.83306640945,396220.7254255283,,2.145247e-04,2.397112e-04,1.1174
9488,3,1.3225576818319689,9476.448787113852,50091.726626360956,396394.4707745205,,9.710509e-05,1.175055e-04,1.2101
9490,3,1.9475196206289211,9477.398014129833,50092.87100659666,396392.6758378832,,1.428371e-04,2.115099e-04,1.4808
9492,3,3.1973242540475413,9481.099758881077,50114.25920162869,396576.39414768416,,2.335126e-04,4.136194e-04,1.7713
9494,3,1.3632971281237263,9482.78077934538,50123.62306098365,396651.52963392134,,9.937586e-05,1.363064e-04,1.3716
9496,3,1.3214378288512867,9484.597269378506,50136.68322691694,396779.85760065226,,9.612470e-05,2.115099e-04,2.2004
9498,3,2.642317502010747,9485.914477598431,50143.43460729452,396836.4471291488,,1.919202e-04,3.901183e-04,2.0327
9500,3,1.8639863035676318,9488.680636225703,50159.37064209936,396961.14412769955,,1.349605e-04,2.303108e-04,1.7065
9502,3,1.3206016530943907,9490.219589527127,50169.89425919708,397081.4202452238,,9.544912e-05,1.410066e-04,1.4773
9504,3,2.934052514874976,9492.030027177621,50176.09678283514,397108.9946348882,,2.116278e-04,3.337156e-04,1.5769
9506,3,1.6010661302223026,9495.064123438171,50193.415978095465,397263.1610797236,,1.150826e-04,1.645077e-04,1.4295
9508,3,1.3208795574333996,9494.673417769818,50194.9201067662,397290.3251470931,,9.498508e-05,1.880088e-04,1.9794
9510,3,3.5320403607637805,9498.333181990467,50216.152854428496,397473.9483020431,,2.529316e-04,3.196150e-04,1.2636
9512,3,1.4043328276324671,9502.646127293494,50240.00332321533,397670.35769928095,,1.000713e-04,1.880088e-04,1.8787
9514,3,1.3600658145875306,9501.088533863993,50229.631859372545,397585.514920329,,9.708957e-05,1.316062e-04,1.3555
9516,3,2.9295316327257077,9504.26353849119,50248.090436731654,397749.27115936327,,2.083706e-04,3.525165e-04,1.6918
9518,3,1.3206011855368534,9506.810905354021,50265.03564057707,397910.8171813979,,9.365817e-05,2.068097e-04,2.2081
9520,3,2.2533523314239816,9507.82079926232,50269.19255143661,397936.5494794397,,1.596259e-04,2.726128e-04,1.7078
9522,3,2.7663923711678344,9511.555372715002,50290.84845945873,398118.15108149697,,1.951355e-04,3.525165e-04,1.8065
9524,3,1.3208786227116853,9511.953156213322,50295.5230408915,398170.8756266879,,9.312939e-05,1.175055e-04,1.2617
9526,3,1.4704300306566005,9514.784147950415,50308.22271395382,398281.42727110727,,1.033395e-04,1.363064e-04,1.3190
9528,3,2.647332446332763,9515.700260104926,50317.90565984718,398365.9361723597,,1.858549e-04,3.149147e-04,1.6944
9530,3,1.7622826461583452,9518.0791329514,50333.5228002502,398491.46219577227,,1.233845e-04,1.786084e-04,1.4476
9532,3,1.320878156528554,9520.186568176323,50343.03023652403,398569.9593576414,,9.225804e-05,1.739081e-04,1.8850
9534,3,3.182860168136374,9522.162248360763,50355.18071726382,398679.62820845743,,2.218089e-04,4.089191e-04,1.8436
9536,3,1.3293054251066216,9524.538122749493,50369.30046562246,398795.1153772933,,9.238638e-05,1.598075e-04,1.7298
9538,3,1.4036041442527347,9526.014481896596,50377.283482670995,398865.8465322913,,9.738591e-05,2.068097e-04,2.1236
9540,3,3.589899547611735,9528.427782755494,50391.466246592245,398986.29682920134,,2.483917e-04,4.700220e-04,1.8923
9542,3,1.4442992255040852,9531.219821710425,50407.12416225102,399124.42056911817,,9.961570e-05,1.504070e-04,1.5099
9544,3,1.3214322157673695,9533.061456171621,50416.80935800348,399199.4289563198,,9.095004e-05,1.222057e-04,1.3437
9546,3,2.7823405311790017,9534.304090777652,50421.525946473535,399244.0155099983,,1.912289e-04,2.914136e-04,1.5239
9548,3,1.8211360437155022,9536.793288683542,50440.66259355619,399423.7421965471,,1.248098e-04,1.457068e-04,1.1674
9550,3,1.76974596135316,9537.6280807854,50442.61973057679,399423.4700560258,,1.211728e-04,1.786084e-04,1.4740
9552,3,2.6540515642168563,9541.147753252739,50465.94525077806,399630.0336344614,,1.809908e-04,3.384158e-04,1.8698
9554,3,1.4133930394236442,9543.039627725908,50479.50681810206,399747.28916390054,,9.617686e-05,1.598075e-04,1.6616
9556,3,1.32087676266638,9543.40444120474,50478.22091418804,399712.53205203667,,8.984440e-05,1.316062e-04,1.4648
9558,3,2.6869744083591884,9545.520627781083,50491.20128263255,399835.9399241364,,1.823234e-04,2.867134e-04,1.5726
9560,3,1.767859489975302,9549.168963737618,50511.97424114845,400003.4990226083,,1.194587e-04,1.551073e-04,1.2984
9562,3,1.5867149194980266,9549.091120847304,50511.30503362841,399990.4532932077,,1.072279e-04,2.021095e-04,1.8849
9564,3,2.6439688322722423,9551.887947168429,50525.88694653618,400114.1797251169,,1.781063e-04,2.303108e-04,1.2931
9566,3,1.320599792252554,9553.793009687408,50541.701864115195,400279.67605089623,,8.876606e-05,1.739081e-04,1.9592
9568,3,1.5089412933642734,9554.283656780544,50541.39216505725,400262.17999607994,,1.013693e-04,2.350110e-04,2.3184
9570,3,4.056961502049349,9558.150804055544,50566.61587712967,400490.51591075014,,2.713414e-04,5.029235e-04,1.8535
9572,3,1.3208758373113443,9561.311900738137,50585.37172758178,400657.7377168925,,8.802570e-05,1.880088e-04,2.1358
9574,3,1.3205995613973325,9562.000909705064,50586.388699044175,400654.6012666432,,8.793842e-05,1.645077e-04,1.8707
9576,3,3.355175346421737,9565.006483872834,50605.56542346074,400835.1091332185,,2.226545e-04,3.854180e-04,1.7310
9578,3,1.320599446114398,9567.263577112748,50621.54803847128,400977.22084153845,,8.741109e-05,1.363064e-04,1.5594
9580,3,1.7641221410191679,9568.507837871526,50625.488956230576,400998.7057995204,,1.166028e-04,2.632123e-04,2.2573
9582,3,2.642302841609038,9571.233200699444,50641.66807216784,401125.04701618047,,1.741050e-04,2.726128e-04,1.5658
9584,3,1.3225352290667605,9572.225193235128,50647.47588325924,401165.94885631395,,8.704505e-05,9.870462e-05,1.1339
9586,3,1.320599215837278,9574.867842225663,50659.53625679236,401284.25460364466,,8.665615e-05,1.645077e-04,1.8984
9588,3,2.8792835345973096,9575.51967180417,50664.14697203357,401318.21267016436,,1.887944e-04,2.867134e-04,1.5187
9590,3,2.128166090789316,9579.123601131787,50685.76731759383,401506.84527248883,,1.389706e-04,1.269059e-04,0.9132
9592,3,1.4807367832079317,9579.964719768746,50689.79119861635,401538.91054221295,,9.660032e-05,1.457068e-04,1.5083
9594,3,2.954570364629346,9582.722987112462,50706.44701645054,401691.4901348523,,1.921441e-04,3.431161e-04,1.7857
9596,3,1.320874455069498,9585.896328738476,50724.196466211586,401843.0458235458,,8.558961e-05,1.034048e-04,1.2081
9598,3,1.3205988711416636,9585.309851113712,50720.80050317925,401817.7404207255,,8.562907e-05,1.222057e-04,1.4272
9600,3,3.520863017849971,9588.535424679285,50740.57373960461,401986.0032072292,,2.274571e-04,3.854180e-04,1.6945
9602,3,1.320598756434663,9591.739896678093,50757.370460255595,402124.75663789676,,8.500281e-05,1.786084e-04,2.1012
9604,3,1.584388358032487,9592.59348811644,50761.03576118531,402162.92209223344,,1.018830e-04,1.363064e-04,1.3379
9606,3,2.6422987000750253,9594.563124200306,50772.88115544874,402260.43551257247,,1.695294e-04,2.444114e-04,1.4417
9608,3,1.3214248190429416,9596.026432644123,50786.535446848524,402383.74908619275,,8.464026e-05,1.128053e-04,1.3328
9610,3,1.8211360437155022,9597.88659649764,50791.18206192193,402410.9965442368,,1.164014e-04,2.256106e-04,1.9382
9612,3,2.6709995307827366,9600.376358830725,50808.04576291444,402556.88934318087,,1.702368e-04,2.961139e-04,1.7394
9614,3,1.627289630098726,9601.862630151429,50818.27515744986,402657.9497172296,,1.035397e-04,2.256106e-04,2.1790
9616,3,1.322527844768353,9603.454401591036,50824.15108647722,402699.28904714505,,8.399613e-05,1.974092e-04,2.3502
9618,3,3.182736084858212,9605.820537562267,50840.65132680675,402851.19397702586,,2.015952e-04,3.948185e-04,1.9585
9620,3,1.9753413294950486,9609.73445070301,50864.19098203402,403052.62525163393,,1.245606e-04,1.692079e-04,1.3584
9622,3,1.413357111791732,9610.119196841475,50866.63582250454,403071.1542533318,,8.908396e-05,1.175055e-04,1.3190
9624,3,2.6472654269548657,9612.71337221936,50880.038258761684,403190.5235534032,,1.663641e-04,3.008141e-04,1.8082
9626,3,1.3205980701954423,9615.439345524603,50894.41348658164,403303.20762059867,,8.273362e-05,1.457068e-04,1.7612
9628,3,1.3861285132001944,9614.846687715357,50889.57621487194,403260.3355114123,,8.689795e-05,1.927090e-04,2.2176
9630,3,3.554395046591399,9618.081233402074,50910.29068030858,403452.11872837564,,2.220071e-04,3.760176e-04,1.6937
9632,3,1.6230319765210843,9621.957210301372,50932.29990990518,403642.4337699587,,1.009268e-04,9.870462e-05,0.9780
9634,3,1.320597842209148,9620.970412846444,50925.38020986219,403586.3633096943,,8.221291e-05,1.363064e-04,1.6580
9636,3,2.9753771981830743,9624.442937731856,50948.226157921476,403791.1521129785,,1.844965e-04,2.867134e-04,1.5540
9638,3,1.36013968662265,9627.602836138838,50969.23578410039,403969.8718619441,,8.403520e-05,7.050330e-05,0.8390
9640,3,1.7677973311380608,9626.857050032098,50964.36637141452,403924.5358000525,,1.093151e-04,1.692079e-04,1.5479
9642,3,2.6422925264799315,9630.458222700041,50985.717853024085,404105.91606198036,,1.627207e-04,3.102145e-04,1.9064
9644,3,1.3208717112419723,9632.883659760702,51003.33957719646,404278.1297273026,,8.111813e-05,1.410066e-04,1.7383
9646,3,1.7623143233730336,9634.159212311057,51005.115856521086,404272.5144324809,,1.080715e-04,1.598075e-04,1.4787
9648,3,2.681272605901132,9635.777199761274,51013.894589541145,404336.56601700437,,1.641221e-04,2.726128e-04,1.6610
9650,3,1.7696484278198807,9638.534929892785,51034.60104968537,404534.15964423487,,1.079799e-04,2.068097e-04,1.9153
9652,3,1.4091736454971295,9639.430189408698,51036.879241907875,404540.4294866392,,8.589705e-05,1.457068e-04,1.6963
9654,3,2.642290478859406,9641.511537558228,51050.72027813327,404649.98251191183,,1.606798e-04,2.773130e-04,1.7259
9656,3,1.4287560072434664,9644.287588517289,51068.380411929385,404814.5443091913,,8.660867e-05,1.974092e-04,2.2793
9658,3,1.4703832969281916,9644.04433164803,51063.620533651556,404767.65981452493,,8.915719e-05,1.504070e-04,1.6870
9660,3,4.426227793868535,9648.504648367189,51092.07014109117,405021.8522028282,,2.670217e-04,4.183196e-04,1.5666
9662,3,1.3205970472314683,9652.295566569046,51111.150113382086,405170.5229690116,,7.932407e-05,1.645077e-04,2.0739
9664,3,1.3291848641212138,9652.76826532929,51114.040562372575,405208.1076868314,,7.979682e-05,1.128053e-04,1.4137
9666,3,2.6555661744800627,9655.113768611172,51129.064117387046,405355.3880503629,,1.589987e-04,2.961139e-04,1.8624
9668,3,1.3208703495536538,9656.54186688372,51139.755369196675,405434.71433620784,,7.895636e-05,1.363064e-04,1.7264
9670,3,1.7622557902813845,9658.132609217922,51144.89085216918,405483.0922049786,,1.051500e-04,1.739081e-04,1.6539
9672,3,2.9800407988071855,9660.731443220926,51161.004614200516,405608.78979833954,,1.772856e-04,3.478163e-04,1.9619
9674,3,1.586687905721939,9662.370641064561,51171.170530743664,405690.46708321746,,9.421707e-05,1.786084e-04,1.8957
9676,3,1.377935594030353,9664.665202428816,51186.530572019146,405857.32331734215,,8.160712e-05,1.363064e-04,1.6703
9678,3,2.642286398870649,9666.012027063754,51191.4230765818,405867.80383995967,,1.562474e-04,2.538119e-04,1.6244
9680,3,1.9560350099166506,9669.4976300766,51213.30845928223,406064.37250770285,,1.152074e-04,1.410066e-04,1.2239
9682,3,1.3630271682963748,9669.647892182824,51215.47968103047,406065.62617561046,,8.026626e-05,1.175055e-04,1.4639
9684,3,2.65053732804436,9672.138244052709,51226.517173295084,406164.1121209937,,1.556430e-04,2.350110e-04,1.5099
9686,3,1.3775228372867563,9675.529645620014,51246.81555791127,406358.145048338,,8.057725e-05,1.739081e-04,2.1583
9688,3,1.593653787026829,9674.62892541122,51238.69246129702,406255.616482133,,9.331595e-05,1.598075e-04,1.7125
9690,3,3.9765041142776143,9678.731365889595,51264.67941384646,406497.27948074945,,2.317544e-04,3.995187e-04,1.7239
9692,3,1.3208689946147196,9682.160715742473,51280.220966765155,406627.9457370344,,7.668108e-05,1.598075e-04,2.0841
9694,3,1.3685746614234107,9681.880423873674,51281.018831717025,406617.3962760363,,7.947574e-05,1.269059e-04,1.5968
9696,3,2.66732046806816,9684.871486703876,51301.26505957994,406820.6917710703,,1.543677e-04,2.914136e-04,1.8878
9698,3,1.4442354059987383,9686.622097687203,51312.50619712329,406912.7498613499,,8.341626e-05,1.269059e-04,1.5214
9700,3,1.7789623669136696,9687.63519497115,51314.81539060849,406919.9723230791,,1.026311e-04,1.692079e-04,1.6487
9702,3,3.520863017849971,9691.644398212826,51337.756466365776,407121.63090531545,,2.021965e-04,3.619169e-04,1.7899
9704,3,1.3214139071947248,9694.156473491485,51349.938032983926,407224.27910339105,,7.566922e-05,1.081051e-04,1.4287
9706,3,1.3898143491513044,9695.57091508546,51360.292958993516,407321.68165154353,,7.945744e-05,1.692079e-04,2.1295
9708,3,2.6439194409133613,9696.710577881455,51362.85056790646,407325.6515730254,,1.509605e-04,3.525165e-04,2.3352
9710,3,1.7622482597081899,9699.586693496396,51380.53217091929,407484.80062970635,,1.002895e-04,1.739081e-04,1.7341
9712,3,1.3225059848039766,9700.891044708584,51389.547836284495,407565.7511712246,,7.515163e-05,8.930418e-05,1.1883
9714,3,2.6422803167352753,9702.176713363546,51391.96157622254,407574.0196127564,,1.499288e-04,3.196150e-04,2.1318
9716,3,1.5889807880557696,9705.258049534124,51411.93623582542,407752.09126442147,,8.984537e-05,2.068097e-04,2.3018
9718,3,1.3647115718495604,9704.831257717049,51409.660556127885,407737.34226192354,,7.720215e-05,1.645077e-04,2.1309
9720,3,3.520863017849971,9708.467113307495,51431.14465839047,407920.29087504983,,1.983511e-04,4.042189e-04,2.0379
9722,3,1.3205953591338901,9712.519547724074,51452.11729008631,408097.9976428461,,7.405379e-05,1.410066e-04,1.9041
9724,3,1.7070850995636224,9711.498130788035,51448.57341966852,408063.01916817145,,9.583802e-05,1.739081e-04,1.8146
9726,3,2.6422782993747465,9714.788152274501,51466.452757314815,408224.47141841863,,1.477851e-04,2.726128e-04,1.8447
9728,3,1.3979897276757238,9716.217542367704,51473.724189126464,408293.10759775067,,7.806346e-05,1.034048e-04,1.3246
9730,3,2.127937648744362,9718.619622777214,51489.07205894849,408421.6695711285,,1.184980e-04,2.021095e-04,1.7056
9732,3,2.6439113514757198,9721.515609288297,51504.65742355668,408557.6649237694,,1.467451e-04,2.820132e-04,1.9218
9734,3,1.3746639813852501,9721.352179888698,51503.75054919404,408554.5597027754,,7.631225e-05,1.833086e-04,2.4021
9736,3,1.3214103178103596,9724.849156508966,51523.357625033335,408719.2032286035,,7.306372e-05,1.222057e-04,1.6726
9738,3,2.645546423430869,9725.436611532214,51529.225996694906,408773.1745398345,,1.461796e-04,2.068097e-04,1.4148
9740,3,1.7640612646134906,9727.580102628697,51543.653281102845,408902.0252934126,,9.723466e-05,1.880088e-04,1.9336
9742,3,1.320594801057406,9730.243563693115,51559.45299081612,409032.0432288407,,7.256984e-05,9.400440e-05,1.2954
9744,3,3.286138816659973,9731.792139659845,51566.6883673116,409089.01297433523,,1.802626e-04,3.196150e-04,1.7731
9746,3,1.4703528475904075,9734.575077613013,51583.240375119385,409236.83972107177,,8.040094e-05,1.504070e-04,1.8707
9748,3,1.3208658590578843,9735.577702365428,51588.60232802856,409274.91821939044,,7.214420e-05,1.410066e-04,1.9545
9750,3,3.8409414740181504,9738.572327697313,51606.53796494299,409437.2046521745,,2.090717e-04,3.572167e-04,1.7086
9752,3,1.410317679418896,9741.753592664489,51624.62255508252,409601.754657066,,7.648869e-05,1.833086e-04,2.3965
9754,3,1.3205944673104968,9742.737988457564,51629.78085138272,409620.26867625833,,7.154215e-05,1.504070e-04,2.1024
9756,3,2.650463795965127,9744.444586636631,51637.375285813985,409700.15185763815,,1.433077e-04,3.102145e-04,2.1647
9758,3,1.7333479472492166,9746.828660010786,51653.60227547004,409849.9133425575,,9.346518e-05,1.363064e-04,1.4584
9760,3,1.7902693311101547,9747.541544999585,51659.170723100215,409889.9194249111,,9.645576e-05,1.598075e-04,1.6568
9762,3,2.6422722770880243,9750.95407962501,51679.249531479494,410068.5622745338,,1.418062e-04,2.867134e-04,2.0219
9764,3,1.3208649697961146,9752.847659935784,51691.07545674706,410170.89220040984,,7.073536e-05,1.222057e-04,1.7276
9766,3,1.4034720403332757,9753.61635524458,51692.743365555456,410167.07688635506,,7.509350e-05,1.504070e-04,2.0029
9768,3,3.017882586728547,9755.83264933662,51707.52010077198,410307.16106880194,,1.610649e-04,3.055143e-04,1.8968
9770,3,1.7622370797033702,9759.459306926414,51726.30932271587,410464.136738548,,9.366253e-05,1.363064e-04,1.4553
9772,3,1.5889543187184596,9760.181896106573,51733.285148373216,410523.57506948954,,8.438264e-05,1.034048e-04,1.2254
9774,3,2.6553994827360117,9762.445826404188,51743.042543573596,410598.2685473726,,1.406536e-04,1.551073e-04,1.1028
9776,3,1.4723608983736243,9764.41087817426,51755.6522182395,410716.54621795285,,7.781445e-05,1.128053e-04,1.4497
9778,3,1.3205938022752193,9764.804480932913,51758.601962351626,410721.20546914934,,6.976212e-05,1.457068e-04,2.0886
9780,3,3.542731732246555,9768.172958273957,51778.172740392896,410905.23851057596,,1.864311e-04,3.196150e-04,1.7144
9782,3,1.359518504400574,9771.055298006688,51795.738989935446,411067.6661919454,,7.130756e-05,1.410066e-04,1.9774
9784,3,1.3214049778294426,9771.136995229084,51793.24106011539,411025.06489575095,,6.930229e-05,9.400440e-05,1.3564
9786,3,3.1824943641864674,9774.350127264514,51813.804985053415,411219.1016233279,,1.662972e-04,2.538119e-04,1.5263
9788,3,1.3208636413590535,9777.101867280555,51830.950756380116,411383.5737530079,,6.880345e-05,7.990374e-05,1.1613
9790,3,1.9785181709501753,9777.833513319067,51834.93592739617,411404.5789208882,,1.029745e-04,1.363064e-04,1.3237
9792,3,2.816690414279977,9780.96972275967,51852.43338187022,411548.4544424667,,1.460744e-04,2.115099e-04,1.4480
9794,3,1.3600734659595892,9781.94684608335,51861.69182773019,411640.8952952524,,7.045483e-05,7.990374e-05,1.1341
9796,3,1.3835903708747648,9784.612374923001,51871.06757470809,411704.8651326719,,7.145583e-05,1.457068e-04,2.0391
9798,3,2.8064850142282376,9785.52835102353,51879.21613499172,411783.5315937195,,1.447895e-04,2.350110e-04,1.6231
9800,3,2.1125178107099827,9788.901615268562,51900.43898871607,411975.42322128505,,1.085678e-04,2.068097e-04,1.9049
9802,3,1.4936994621181696,9790.595818539703,51910.71922309252,412064.20270350255,,7.661674e-05,1.034048e-04,1.3496
9804,3,2.8641740762136783,9792.703450893378,51922.67338407844,412159.7578106922,,1.465598e-04,3.008141e-04,2.0525
9806,3,1.320593030516774,9795.634737401662,51939.471893804075,412306.38276614615,,6.734901e-05,1.786084e-04,2.6520
9808,3,1.3224845541678696,9794.896813798341,51929.9231331995,412192.41397537634,,6.750279e-05,1.316062e-04,1.9496
9810,3,3.553768279699036,9798.497020762283,51954.71808350644,412436.5696310864,,1.806479e-04,3.572167e-04,1.9774
9812,3,1.473664385299196,9802.109259780918,51974.335171302904,412602.1755375423,,7.460225e-05,1.504070e-04,2.0161
9814,3,1.5866550080439783,9802.27866433239,51973.64958645113,412587.388291702,,8.030689e-05,1.692079e-04,2.1070
9816,3,2.647135340201698,9804.933842989554,51989.63316676097,412737.80592222384,,1.335763e-04,2.115099e-04,1.5834
9818,3,1.3205927011112435,9806.47251187216,52002.546054203536,412852.00382561143,,6.652074e-05,1.833086e-04,2.7557
9820,3,1.764031573360415,9807.788977268248,52006.3136689718,412871.3191760107,,8.872459e-05,2.397112e-04,2.7017
9822,3,2.6422623381663084,9810.481398103855,52021.32386881347,412992.6314876537,,1.324887e-04,2.538119e-04,1.9157
9824,3,1.3246525616337186,9811.255530295684,52030.86804116564,413102.3404366221,,6.636181e-05,1.316062e-04,1.9832
9826,3,1.4083452071399885,9813.367149750511,52040.43547378101,413177.0840302813,,7.038495e-05,1.363064e-04,1.9366
9828,3,3.456847326616335,9815.705150679018,52055.80747759551,413304.90354682755,,1.723021e-04,3.055143e-04,1.7731
9830,3,1.7622260364570193,9819.027170173495,52073.34490876552,413457.16446940793,,8.750357e-05,1.739081e-04,1.9874
9832,3,1.3213996900732776,9820.901620161423,52089.120985634836,413602.32329020737,,6.547359e-05,1.504070e-04,2.2972
9834,3,2.954012055792493,9822.41657497214,52093.90757950561,413625.0342935534,,1.461152e-04,2.679125e-04,1.8336
9836,3,1.3208610039492108,9824.541489521713,52105.50804204563,413717.21204195643,,6.517589e-05,9.400440e-05,1.4423
9838,3,1.320592153888511,9825.433309476288,52109.29629939067,413746.46613990644,,6.509642e-05,1.786084e-04,2.7438
9840,3,3.611141556769201,9828.225118241691,52126.873353402545,413917.5079306825,,1.774385e-04,3.008141e-04,1.6953
9842,3,1.725518749588322,9831.858654473948,52147.21729461037,414087.2287328645,,8.443485e-05,1.504070e-04,1.7813
9844,3,1.3963694825894784,9832.176788729263,52151.40675856691,414129.8966020801,,6.830356e-05,1.269059e-04,1.8580
9846,3,2.645492487723969,9834.523171857923,52164.08240398397,414245.09253404767,,1.290585e-04,2.679125e-04,2.0759
9848,3,1.3213979389611872,9837.284468871627,52180.93863047104,414395.40623182437,,6.426049e-05,1.175055e-04,1.8286
9850,3,1.7694593628169086,9837.22377808195,52180.87292250285,414363.9304356007,,8.605596e-05,1.222057e-04,1.4201
9852,3,2.643871496920308,9840.31521565802,52198.07398111087,414520.3091594307,,1.281292e-04,3.055143e-04,2.3844
9854,3,1.4441736178834823,9842.131159472983,52210.34889781127,414640.92914656684,,6.984348e-05,1.222057e-04,1.7497
9856,3,1.7604315089249856,9844.282062188842,52221.58123230909,414731.15530209604,,8.492973e-05,2.068097e-04,2.4351
9858,3,2.7852668903884155,9846.045210585726,52231.1950571712,414817.8288795228,,1.341015e-04,2.773130e-04,2.0679
9860,3,1.9473415209836877,9848.878733430205,52247.662219274695,414962.4715369116,,9.345528e-05,1.175055e-04,1.2573
9862,3,1.320591500152188,9849.821151286911,52254.83167815979,415011.95245625917,,6.330849e-05,1.175055e-04,1.8561
9864,3,2.660207613486645,9851.920901180882,52267.44593146455,415115.4355884028,,1.272236e-04,2.961139e-04,2.3275
9866,3,1.3205913915054799,9853.933466755281,52281.26555263628,415240.3711383122,,6.301173e-05,1.504070e-04,2.3870
9868,3,1.3208592599418907,9854.182579672663,52280.74831188072,415239.36807840795,,6.300675e-05,1.128053e-04,1.7904
9870,3,4.318925301895964,9858.350418383878,52305.46820465525,415447.0289793823,,2.050403e-04,4.183196e-04,2.0402
9872,3,1.32247049938755,9862.535916271594,52327.86974459346,415625.92282671767,,6.248493e-05,1.645077e-04,2.6328
9874,3,1.3205911744762506,9862.468934907503,52329.878075774956,415661.1941198246,,6.240071e-05,1.175055e-04,1.8831
9876,3,2.643863642514625,9864.572041438185,52340.29143091236,415752.7188284515,,1.246288e-04,1.974092e-04,1.5840
9878,3,1.4703081953735897,9867.250932354913,52357.13137345068,415901.0167009745,,6.909692e-05,9.870462e-05,1.4285
9880,3,2.0334396038919618,9868.05946246656,52359.23610924465,415902.0137247544,,9.547334e-05,1.786084e-04,1.8708
9882,3,2.685403996665232,9871.151969247101,52375.411881842636,416037.41383100866,,1.256400e-04,1.786084e-04,1.4216
9884,3,1.5889022849784484,9872.239231244053,52383.25368609233,416108.86566717405,,7.424644e-05,9.870462e-05,1.3294
9886,3,1.3205908495912688,9874.45717118559,52396.968565295196,416249.6228757635,,6.155261e-05,1.128053e-04,1.8327
9888,3,2.6667922857972552,9876.040740443383,52405.70190090281,416309.0610114293,,1.240745e-04,2.773130e-04,2.2351
9890,3,1.889243570553643,9879.384482902604,52425.097216629256,416485.90307830676,,8.756352e-05,1.457068e-04,1.6640
9892,3,1.3208579593471967,9879.001973053208,52423.90597678407,416447.24426773837,,6.124639e-05,6.580308e-05,1.0744
9894,3,2.846339787061871,9882.213466718107,52440.55406402547,416598.6846775488,,1.314982e-04,2.538119e-04,1.9302
9896,3,1.3213927196546247,9884.78063594898,52456.089086345,416749.3673215483,,6.086837e-05,9.400440e-05,1.5444
9898,3,1.600392280840896,9884.633329871102,52453.35512547261,416716.0511583179,,7.373273e-05,1.927090e-04,2.6136
9900,3,3.912070019833301,9888.685362880748,52477.72830595187,416931.4718458543,,1.794035e-04,3.619169e-04,2.0173
9902,3,1.320590417636696,9891.988342663397,52494.8672506716,417077.1680043721,,6.033311e-05,1.316062e-04,2.1813
9904,3,1.322463540335058,9892.205961107504,52496.88876962167,417096.27867585095,,6.040362e-05,1.222057e-04,2.0232
9906,3,2.9037517543577214,9894.472952468024,52512.295234584184,417244.819113942,,1.322858e-04,2.115099e-04,1.5989
9908,3,1.3208570957873529,9896.989961210003,52532.625427260486,417435.4093104819,,6.000099e-05,1.175055e-04,1.9584
9910,3,1.7622115205619167,9897.569871789805,52528.07578432716,417359.29201796354,,7.999771e-05,1.457068e-04,1.8214
9912,3,3.224369290031026,9901.07393983919,52550.28038655647,417564.3087907225,,1.457893e-04,3.337156e-04,2.2890
9914,3,1.3205900945861093,9903.184642282777,52561.83254951392,417648.04834397323,,5.956660e-05,9.870462e-05,1.6570
9916,3,1.3789401973205822,9905.074595975013,52575.036636268625,417788.87443595444,,6.206429e-05,1.222057e-04,1.9690
9918,3,2.899534249994094,9906.324337137408,52579.73999844772,417811.74510561296,,1.303186e-04,2.444114e-04,1.8755
9920,3,1.8211360437155022,9909.484884361505,52597.20450427878,417952.26718645694,,8.155562e-05,2.115099e-04,2.5934
9922,3,1.5046423153205004,9910.663499109729,52606.6932241067,418033.5354004156,,6.729129e-05,1.034048e-04,1.5367
9924,3,2.64384804794916,9912.574904940142,52612.45912787236,418069.9542848312,,1.179824e-04,2.350110e-04,1.9919
9926,3,1.586629359953325,9914.821225480875,52625.80804836611,418204.7438815788,,7.062237e-05,8.930418e-05,1.2645
9928,3,1.4281810551278755,9915.856577888906,52633.35261835213,418266.0731833919,,6.349446e-05,1.410066e-04,2.2208
9930,3,3.531564729150427,9918.804624477603,52650.84609129071,418422.9937745593,,1.564796e-04,3.102145e-04,1.9825
9932,3,1.4479739683798583,9922.727130522959,52671.77851624168,418608.5649486618,,6.387154e-05,1.598075e-04,2.5020
9934,3,1.3205895579035465,9921.967202427655,52669.68742294342,418571.4854545216,,5.830288e-05,8.930418e-05,1.5317
9936,3,2.7663923711678344,9924.753956068134,52684.63750255085,418705.9196941516,,1.217460e-04,1.974092e-04,1.6215
9938,3,1.3205894508263532,9927.22021806139,52697.80239856065,418818.2395376961,,5.795443e-05,9.870462e-05,1.7031
9940,3,2.1431340108651997,9928.334530510974,52702.012052349695,418827.6158945464,,9.393272e-05,1.786084e-04,1.9014
9942,3,2.642242820646323,9931.503578604705,52719.44815713188,418985.2429072579,,1.153903e-04,2.491117e-04,2.1589
9944,3,1.4802427102071951,9932.288138102107,52722.93619550917,419018.833683394,,6.458642e-05,1.457068e-04,2.2560
9946,3,1.3205892369304508,9934.784108579304,52739.34468412123,419170.33538265625,,5.745626e-05,1.316062e-04,2.2905
9948,3,2.643840307236798,9935.916015158262,52745.36953837841,419210.0461386377,,1.148798e-04,2.867134e-04,2.4958
9950,3,1.7693677094779043,9938.300759378571,52761.625242055285,419362.8807009776,,7.667308e-05,1.175055e-04,1.5326
9952,3,1.324596523705693,9939.39291837468,52766.05785851045,419375.32463049644,,5.732815e-05,1.034048e-04,1.8037
9954,3,3.209929660429454,9941.94568626406,52780.076058464605,419499.6363338852,,1.385207e-04,1.504070e-04,1.0858
9956,3,1.4088268573476286,9944.62378920382,52795.281908803794,419641.36670487287,,6.061064e-05,1.175055e-04,1.9387
9958,3,1.444133506963517,9945.709786663492,52805.75434201453,419743.78603150893,,6.205228e-05,1.692079e-04,2.7269
9960,3,3.5643304625147856,9948.518056472405,52819.96859534972,419863.6400765261,,1.526642e-04,3.525165e-04,2.3091
9962,3,1.4131848813913286,9951.562357228486,52836.04864610111,419999.62304467073,,6.031835e-05,1.551073e-04,2.5715
9964,3,1.3761281599178319,9952.317493744678,52839.46567747854,420015.56123460113,,5.868613e-05,1.410066e-04,2.4027
9966,3,2.9537441424915865,9954.432955726119,52852.19749273543,420153.1452218406,,1.256609e-04,2.444114e-04,1.9450
9968,3,1.602599718469642,9957.250683995613,52871.17486138353,420323.4420089148,,6.796007e-05,1.504070e-04,2.2132
9970,3,1.7622007868234026,9957.85695923584,52874.47928028714,420345.56846128975,,7.467645e-05,1.410066e-04,1.8882
9972,3,2.650249617072524,9960.957375232661,52894.062614142924,420508.541215466,,1.119120e-04,2.021095e-04,1.8060
9974,3,1.3205884909979906,9962.982766345098,52905.14836895196,420594.870328003,,5.563571e-05,1.081051e-04,1.9431
9976,3,1.402620226623159,9964.064747711725,52911.17528027025,420641.89002926805,,5.901873e-05,6.110286e-05,1.0353
9978,3,2.6422370570439426,9965.694573976976,52920.84927946786,420729.1681008727,,1.109720e-04,2.679125e-04,2.4142
9980,3,1.7639736246371083,9968.609773283742,52935.79581478481,420849.3829158662,,7.383958e-05,9.870462e-05,1.3367
9982,3,1.7170711269317593,9969.823598158722,52943.563064385446,420900.1166871736,,7.177664e-05,1.034048e-04,1.4406
9984,3,2.8807061055136125,9972.35418976819,52955.287241291,420990.2310271792,,1.200717e-04,2.397112e-04,1.9964
9986,3,1.3205881725936979,9973.588787747572,52964.383835918445,421104.0552483381,,5.496622e-05,1.316062e-04,2.3943
9988,3,1.4735463741372101,9975.518283434609,52974.662239690646,421170.21077256015,,6.119783e-05,1.034048e-04,1.6897
9990,3,3.621459104074256,9978.170985068808,52991.56920392792,421328.80222716485,,1.499476e-04,2.726128e-04,1.8181
18084,3,2.9557862372073833,18071.723743215887,101360.33479293533,851208.8239279541,,1.185109e-08,4.700220e-06,396.6064
